DateID,ProductID,Date,zip,SentimentScore
10,211,"Tuesday, October 1, 2013",68001,78
10,211,"Tuesday, October 1, 2013",66002,10
10,211,"Tuesday, October 1, 2013",2801,86
10,211,"Tuesday, October 1, 2013",66002,23
10,211,"Tuesday, October 1, 2013",40003,46
10,211,"Tuesday, October 1, 2013",59,69
10,211,"Tuesday, October 1, 2013",40003,23
10,211,"Tuesday, October 1, 2013",56,18
10,211,"Tuesday, October 1, 2013",56,43
10,211,"Tuesday, October 1, 2013",57001,75
10,211,"Tuesday, October 1, 2013",46001,44
10,211,"Tuesday, October 1, 2013",20001,24
10,211,"Tuesday, October 1, 2013",42223,60
10,211,"Tuesday, October 1, 2013",39813,40
10,211,"Tuesday, October 1, 2013",1,32
10,211,"Tuesday, October 1, 2013",5101,73
10,211,"Tuesday, October 1, 2013",50001,31
10,211,"Tuesday, October 1, 2013",58001,86
10,211,"Tuesday, October 1, 2013",6001,28
10,211,"Tuesday, October 1, 2013",24701,72
10,211,"Tuesday, October 1, 2013",71,81
10,211,"Tuesday, October 1, 2013",29001,62
10,211,"Tuesday, October 1, 2013",42223,86
10,211,"Tuesday, October 1, 2013",20041,62
10,211,"Tuesday, October 1, 2013",19701,49
10,211,"Tuesday, October 1, 2013",48001,79
10,211,"Tuesday, October 1, 2013",71601,22
10,211,"Tuesday, October 1, 2013",56,38
10,211,"Tuesday, October 1, 2013",42223,68
10,211,"Tuesday, October 1, 2013",2801,83
10,211,"Tuesday, October 1, 2013",19701,26
10,211,"Tuesday, October 1, 2013",27,44
10,211,"Tuesday, October 1, 2013",2801,82
10,211,"Tuesday, October 1, 2013",158,19
10,211,"Tuesday, October 1, 2013",43001,71
10,211,"Tuesday, October 1, 2013",41,33
10,211,"Tuesday, October 1, 2013",158,33
10,211,"Tuesday, October 1, 2013",3033,76
10,211,"Tuesday, October 1, 2013",59,65
10,211,"Tuesday, October 1, 2013",41,34
10,211,"Tuesday, October 1, 2013",188,88
10,211,"Tuesday, October 1, 2013",56,49
10,211,"Tuesday, October 1, 2013",48001,69
10,211,"Tuesday, October 1, 2013",46001,49
10,211,"Tuesday, October 1, 2013",20001,31
10,211,"Tuesday, October 1, 2013",7001,74
10,211,"Tuesday, October 1, 2013",14,40
10,211,"Tuesday, October 1, 2013",82001,69
10,211,"Tuesday, October 1, 2013",42223,77
10,211,"Tuesday, October 1, 2013",501,84
10,211,"Tuesday, October 1, 2013",43001,90
10,211,"Tuesday, October 1, 2013",20001,28
10,211,"Tuesday, October 1, 2013",53001,86
10,211,"Tuesday, October 1, 2013",68,84
10,211,"Tuesday, October 1, 2013",501,66
10,211,"Tuesday, October 1, 2013",41,43
10,211,"Tuesday, October 1, 2013",48001,90
10,211,"Tuesday, October 1, 2013",64,87
10,211,"Tuesday, October 1, 2013",2801,75
10,211,"Tuesday, October 1, 2013",41,31
10,211,"Tuesday, October 1, 2013",68,77
10,211,"Tuesday, October 1, 2013",63,72
10,211,"Tuesday, October 1, 2013",6001,38
10,211,"Tuesday, October 1, 2013",57001,60
10,211,"Tuesday, October 1, 2013",24701,61
10,211,"Tuesday, October 1, 2013",158,15
10,211,"Tuesday, October 1, 2013",68001,88
10,211,"Tuesday, October 1, 2013",7001,81
10,211,"Tuesday, October 1, 2013",29001,79
10,211,"Tuesday, October 1, 2013",68001,89
10,211,"Tuesday, October 1, 2013",116,27
10,211,"Tuesday, October 1, 2013",19701,44
10,211,"Tuesday, October 1, 2013",59,83
10,211,"Tuesday, October 1, 2013",63005,75
10,211,"Tuesday, October 1, 2013",59,76
10,211,"Tuesday, October 1, 2013",56,47
10,211,"Tuesday, October 1, 2013",62356,18
10,211,"Tuesday, October 1, 2013",12,18
10,211,"Tuesday, October 1, 2013",2801,82
10,211,"Tuesday, October 1, 2013",63,84
10,211,"Tuesday, October 1, 2013",57001,80
10,211,"Tuesday, October 1, 2013",56,20
10,211,"Tuesday, October 1, 2013",41,24
10,211,"Tuesday, October 1, 2013",188,60
10,211,"Tuesday, October 1, 2013",158,11
10,211,"Tuesday, October 1, 2013",14,34
10,211,"Tuesday, October 1, 2013",20041,68
10,211,"Tuesday, October 1, 2013",19701,19
10,211,"Tuesday, October 1, 2013",29001,66
10,211,"Tuesday, October 1, 2013",7001,75
10,211,"Tuesday, October 1, 2013",42223,64
10,211,"Tuesday, October 1, 2013",20041,90
10,211,"Tuesday, October 1, 2013",59,80
10,211,"Tuesday, October 1, 2013",68001,79
10,211,"Tuesday, October 1, 2013",35004,49
10,211,"Tuesday, October 1, 2013",2801,68
10,211,"Tuesday, October 1, 2013",15937,80
10,211,"Tuesday, October 1, 2013",29001,67
10,211,"Tuesday, October 1, 2013",41,28
10,211,"Tuesday, October 1, 2013",50001,21
10,211,"Tuesday, October 1, 2013",27,23
10,211,"Tuesday, October 1, 2013",88901,61
9,211,"Sunday, September 1, 2013",46001,31
9,211,"Sunday, September 1, 2013",42223,67
9,211,"Sunday, September 1, 2013",72,60
9,211,"Sunday, September 1, 2013",64,61
9,211,"Sunday, September 1, 2013",1,25
9,211,"Sunday, September 1, 2013",84,67
9,211,"Sunday, September 1, 2013",188,62
9,211,"Sunday, September 1, 2013",7001,66
9,211,"Sunday, September 1, 2013",3033,79
9,211,"Sunday, September 1, 2013",84,73
9,211,"Sunday, September 1, 2013",62356,22
9,211,"Sunday, September 1, 2013",57001,85
9,211,"Sunday, September 1, 2013",27,23
9,211,"Sunday, September 1, 2013",1,23
9,211,"Sunday, September 1, 2013",20058,71
9,211,"Sunday, September 1, 2013",71601,41
9,211,"Sunday, September 1, 2013",38848,83
9,211,"Sunday, September 1, 2013",188,61
9,211,"Sunday, September 1, 2013",58001,66
9,211,"Sunday, September 1, 2013",88901,70
9,211,"Sunday, September 1, 2013",68001,64
9,211,"Sunday, September 1, 2013",46001,17
9,211,"Sunday, September 1, 2013",116,20
9,211,"Sunday, September 1, 2013",84,70
9,211,"Sunday, September 1, 2013",24701,80
9,211,"Sunday, September 1, 2013",6001,25
9,211,"Sunday, September 1, 2013",7001,79
9,211,"Sunday, September 1, 2013",12,11
9,211,"Sunday, September 1, 2013",2801,65
9,211,"Sunday, September 1, 2013",63,77
9,211,"Sunday, September 1, 2013",56,15
9,211,"Sunday, September 1, 2013",19701,25
9,211,"Sunday, September 1, 2013",116,19
9,211,"Sunday, September 1, 2013",5101,63
9,211,"Sunday, September 1, 2013",71,66
9,211,"Sunday, September 1, 2013",59,72
9,211,"Sunday, September 1, 2013",158,32
9,211,"Sunday, September 1, 2013",71601,46
9,211,"Sunday, September 1, 2013",63,73
9,211,"Sunday, September 1, 2013",6001,44
9,211,"Sunday, September 1, 2013",50001,41
9,211,"Sunday, September 1, 2013",42223,71
9,211,"Sunday, September 1, 2013",88901,81
9,211,"Sunday, September 1, 2013",53001,83
9,211,"Sunday, September 1, 2013",12,30
9,211,"Sunday, September 1, 2013",27,19
9,211,"Sunday, September 1, 2013",3033,64
9,211,"Sunday, September 1, 2013",12,41
9,211,"Sunday, September 1, 2013",501,80
9,211,"Sunday, September 1, 2013",53001,87
9,211,"Sunday, September 1, 2013",57001,90
9,211,"Sunday, September 1, 2013",68001,84
9,211,"Sunday, September 1, 2013",29001,70
9,211,"Sunday, September 1, 2013",42223,75
9,211,"Sunday, September 1, 2013",501,81
9,211,"Sunday, September 1, 2013",20041,77
9,211,"Sunday, September 1, 2013",40003,42
9,211,"Sunday, September 1, 2013",82001,73
9,211,"Sunday, September 1, 2013",1,20
9,211,"Sunday, September 1, 2013",2801,84
9,211,"Sunday, September 1, 2013",58001,64
9,211,"Sunday, September 1, 2013",68,80
9,211,"Sunday, September 1, 2013",58001,76
9,211,"Sunday, September 1, 2013",188,84
9,211,"Sunday, September 1, 2013",53001,81
9,211,"Sunday, September 1, 2013",63,61
9,211,"Sunday, September 1, 2013",72,60
9,211,"Sunday, September 1, 2013",20041,70
9,211,"Sunday, September 1, 2013",42223,70
9,211,"Sunday, September 1, 2013",5101,65
9,211,"Sunday, September 1, 2013",20001,35
9,211,"Sunday, September 1, 2013",68001,82
9,211,"Sunday, September 1, 2013",88901,89
9,211,"Sunday, September 1, 2013",57001,65
9,211,"Sunday, September 1, 2013",41,23
9,211,"Sunday, September 1, 2013",68,63
9,211,"Sunday, September 1, 2013",56,38
9,211,"Sunday, September 1, 2013",6001,37
9,211,"Sunday, September 1, 2013",67,77
9,211,"Sunday, September 1, 2013",48001,81
9,211,"Sunday, September 1, 2013",42223,82
9,211,"Sunday, September 1, 2013",67,75
9,211,"Sunday, September 1, 2013",5101,72
9,211,"Sunday, September 1, 2013",20058,68
9,211,"Sunday, September 1, 2013",27,50
9,211,"Sunday, September 1, 2013",501,73
9,211,"Sunday, September 1, 2013",29001,73
9,211,"Sunday, September 1, 2013",7001,87
9,211,"Sunday, September 1, 2013",48001,72
9,211,"Sunday, September 1, 2013",82001,80
9,211,"Sunday, September 1, 2013",72,88
9,211,"Sunday, September 1, 2013",46001,26
9,211,"Sunday, September 1, 2013",20001,17
9,211,"Sunday, September 1, 2013",35004,14
9,211,"Sunday, September 1, 2013",39813,18
9,211,"Sunday, September 1, 2013",19701,11
9,211,"Sunday, September 1, 2013",188,75
9,211,"Sunday, September 1, 2013",71601,42
9,211,"Sunday, September 1, 2013",501,79
9,211,"Sunday, September 1, 2013",20041,88
9,211,"Sunday, September 1, 2013",46001,10
9,211,"Sunday, September 1, 2013",42223,66
9,211,"Sunday, September 1, 2013",5101,60
18,211,"Sunday, June 1, 2014",1,43
18,211,"Sunday, June 1, 2014",20041,64
18,211,"Sunday, June 1, 2014",66002,11
18,211,"Sunday, June 1, 2014",20041,78
18,211,"Sunday, June 1, 2014",29001,85
18,211,"Sunday, June 1, 2014",14,33
18,211,"Sunday, June 1, 2014",38848,81
18,211,"Sunday, June 1, 2014",20001,29
18,211,"Sunday, June 1, 2014",39813,37
18,211,"Sunday, June 1, 2014",39813,39
18,211,"Sunday, June 1, 2014",56,23
18,211,"Sunday, June 1, 2014",41,22
18,211,"Sunday, June 1, 2014",116,47
18,211,"Sunday, June 1, 2014",71,71
18,211,"Sunday, June 1, 2014",63,69
18,211,"Sunday, June 1, 2014",72,77
18,211,"Sunday, June 1, 2014",20058,60
18,211,"Sunday, June 1, 2014",7001,75
18,211,"Sunday, June 1, 2014",48001,61
18,211,"Sunday, June 1, 2014",20041,66
18,211,"Sunday, June 1, 2014",27,13
18,211,"Sunday, June 1, 2014",84,62
18,211,"Sunday, June 1, 2014",68001,74
18,211,"Sunday, June 1, 2014",56,31
18,211,"Sunday, June 1, 2014",39813,19
18,211,"Sunday, June 1, 2014",68,84
18,211,"Sunday, June 1, 2014",24701,86
18,211,"Sunday, June 1, 2014",20001,24
18,211,"Sunday, June 1, 2014",14,19
18,211,"Sunday, June 1, 2014",48001,64
18,211,"Sunday, June 1, 2014",35004,13
18,211,"Sunday, June 1, 2014",20041,83
18,211,"Sunday, June 1, 2014",24701,77
18,211,"Sunday, June 1, 2014",1,46
18,211,"Sunday, June 1, 2014",67,63
18,211,"Sunday, June 1, 2014",46001,10
18,211,"Sunday, June 1, 2014",38848,83
18,211,"Sunday, June 1, 2014",50001,49
18,211,"Sunday, June 1, 2014",501,68
18,211,"Sunday, June 1, 2014",5101,62
18,211,"Sunday, June 1, 2014",5101,83
18,211,"Sunday, June 1, 2014",63,86
18,211,"Sunday, June 1, 2014",43001,79
18,211,"Sunday, June 1, 2014",58001,66
18,211,"Sunday, June 1, 2014",50001,29
18,211,"Sunday, June 1, 2014",43001,65
18,211,"Sunday, June 1, 2014",46001,26
18,211,"Sunday, June 1, 2014",48001,60
18,211,"Sunday, June 1, 2014",188,85
18,211,"Sunday, June 1, 2014",20058,70
18,211,"Sunday, June 1, 2014",72,83
18,211,"Sunday, June 1, 2014",58001,74
18,211,"Sunday, June 1, 2014",12,14
18,211,"Sunday, June 1, 2014",29001,77
18,211,"Sunday, June 1, 2014",35004,27
18,211,"Sunday, June 1, 2014",66002,49
18,211,"Sunday, June 1, 2014",42223,78
18,211,"Sunday, June 1, 2014",2801,90
18,211,"Sunday, June 1, 2014",40003,25
18,211,"Sunday, June 1, 2014",1,10
18,211,"Sunday, June 1, 2014",40003,50
18,211,"Sunday, June 1, 2014",50001,50
18,211,"Sunday, June 1, 2014",14,38
18,211,"Sunday, June 1, 2014",72,73
18,211,"Sunday, June 1, 2014",71,65
18,211,"Sunday, June 1, 2014",39813,42
18,211,"Sunday, June 1, 2014",2801,71
18,211,"Sunday, June 1, 2014",42223,83
18,211,"Sunday, June 1, 2014",67,65
18,211,"Sunday, June 1, 2014",84,85
18,211,"Sunday, June 1, 2014",57001,75
18,211,"Sunday, June 1, 2014",82001,61
18,211,"Sunday, June 1, 2014",14,20
18,211,"Sunday, June 1, 2014",57001,75
18,211,"Sunday, June 1, 2014",188,70
18,211,"Sunday, June 1, 2014",84,74
18,211,"Sunday, June 1, 2014",41,30
18,211,"Sunday, June 1, 2014",58001,76
18,211,"Sunday, June 1, 2014",158,25
18,211,"Sunday, June 1, 2014",24701,76
18,211,"Sunday, June 1, 2014",53001,72
18,211,"Sunday, June 1, 2014",58001,82
18,211,"Sunday, June 1, 2014",24701,69
18,211,"Sunday, June 1, 2014",116,20
18,211,"Sunday, June 1, 2014",39813,38
18,211,"Sunday, June 1, 2014",40003,30
18,211,"Sunday, June 1, 2014",35004,50
18,211,"Sunday, June 1, 2014",88901,75
18,211,"Sunday, June 1, 2014",64,90
18,211,"Sunday, June 1, 2014",50001,26
18,211,"Sunday, June 1, 2014",35004,40
18,211,"Sunday, June 1, 2014",71601,18
18,211,"Sunday, June 1, 2014",14,15
18,211,"Sunday, June 1, 2014",68001,86
18,211,"Sunday, June 1, 2014",59,68
18,211,"Sunday, June 1, 2014",57001,64
18,211,"Sunday, June 1, 2014",41,27
18,211,"Sunday, June 1, 2014",12,10
16,211,"Tuesday, April 1, 2014",20058,65
16,211,"Tuesday, April 1, 2014",68,88
16,211,"Tuesday, April 1, 2014",82001,80
16,211,"Tuesday, April 1, 2014",20001,32
16,211,"Tuesday, April 1, 2014",82001,83
16,211,"Tuesday, April 1, 2014",20058,67
16,211,"Tuesday, April 1, 2014",67,61
16,211,"Tuesday, April 1, 2014",71,80
16,211,"Tuesday, April 1, 2014",50001,46
16,211,"Tuesday, April 1, 2014",59,69
16,211,"Tuesday, April 1, 2014",88901,80
16,211,"Tuesday, April 1, 2014",6001,38
16,211,"Tuesday, April 1, 2014",42223,61
16,211,"Tuesday, April 1, 2014",158,25
16,211,"Tuesday, April 1, 2014",38848,67
16,211,"Tuesday, April 1, 2014",58001,84
16,211,"Tuesday, April 1, 2014",6001,20
16,211,"Tuesday, April 1, 2014",48001,72
16,211,"Tuesday, April 1, 2014",46001,43
16,211,"Tuesday, April 1, 2014",12,47
16,211,"Tuesday, April 1, 2014",2801,73
16,211,"Tuesday, April 1, 2014",27,38
16,211,"Tuesday, April 1, 2014",41,25
16,211,"Tuesday, April 1, 2014",15937,82
16,211,"Tuesday, April 1, 2014",71601,25
16,211,"Tuesday, April 1, 2014",72,89
16,211,"Tuesday, April 1, 2014",63,73
16,211,"Tuesday, April 1, 2014",50001,31
16,211,"Tuesday, April 1, 2014",84,82
16,211,"Tuesday, April 1, 2014",38848,74
16,211,"Tuesday, April 1, 2014",7001,65
16,211,"Tuesday, April 1, 2014",20001,12
16,211,"Tuesday, April 1, 2014",6001,20
16,211,"Tuesday, April 1, 2014",14,24
16,211,"Tuesday, April 1, 2014",6001,27
16,211,"Tuesday, April 1, 2014",68,79
16,211,"Tuesday, April 1, 2014",43001,86
16,211,"Tuesday, April 1, 2014",46001,22
16,211,"Tuesday, April 1, 2014",66002,46
16,211,"Tuesday, April 1, 2014",6001,48
16,211,"Tuesday, April 1, 2014",46001,11
16,211,"Tuesday, April 1, 2014",116,50
16,211,"Tuesday, April 1, 2014",501,90
16,211,"Tuesday, April 1, 2014",20001,14
16,211,"Tuesday, April 1, 2014",71,82
16,211,"Tuesday, April 1, 2014",116,36
16,211,"Tuesday, April 1, 2014",57001,65
16,211,"Tuesday, April 1, 2014",40003,25
16,211,"Tuesday, April 1, 2014",7001,62
16,211,"Tuesday, April 1, 2014",41,31
16,211,"Tuesday, April 1, 2014",56,38
16,211,"Tuesday, April 1, 2014",35004,40
16,211,"Tuesday, April 1, 2014",72,85
16,211,"Tuesday, April 1, 2014",38848,86
16,211,"Tuesday, April 1, 2014",57001,90
16,211,"Tuesday, April 1, 2014",20041,73
16,211,"Tuesday, April 1, 2014",38848,68
16,211,"Tuesday, April 1, 2014",67,61
16,211,"Tuesday, April 1, 2014",68,65
16,211,"Tuesday, April 1, 2014",71,79
16,211,"Tuesday, April 1, 2014",1,27
16,211,"Tuesday, April 1, 2014",188,79
16,211,"Tuesday, April 1, 2014",57001,60
16,211,"Tuesday, April 1, 2014",42223,66
16,211,"Tuesday, April 1, 2014",43001,71
16,211,"Tuesday, April 1, 2014",46001,46
16,211,"Tuesday, April 1, 2014",41,47
16,211,"Tuesday, April 1, 2014",56,12
16,211,"Tuesday, April 1, 2014",68,87
16,211,"Tuesday, April 1, 2014",62356,27
16,211,"Tuesday, April 1, 2014",68,82
16,211,"Tuesday, April 1, 2014",7001,68
16,211,"Tuesday, April 1, 2014",43001,80
16,211,"Tuesday, April 1, 2014",116,12
16,211,"Tuesday, April 1, 2014",42223,72
16,211,"Tuesday, April 1, 2014",63005,63
16,211,"Tuesday, April 1, 2014",19701,45
16,211,"Tuesday, April 1, 2014",42223,69
16,211,"Tuesday, April 1, 2014",7001,84
16,211,"Tuesday, April 1, 2014",41,17
16,211,"Tuesday, April 1, 2014",24701,84
16,211,"Tuesday, April 1, 2014",53001,85
16,211,"Tuesday, April 1, 2014",58001,69
16,211,"Tuesday, April 1, 2014",57001,61
16,211,"Tuesday, April 1, 2014",88901,83
16,211,"Tuesday, April 1, 2014",56,36
16,211,"Tuesday, April 1, 2014",7001,86
16,211,"Tuesday, April 1, 2014",501,83
16,211,"Tuesday, April 1, 2014",50001,35
16,211,"Tuesday, April 1, 2014",46001,20
16,211,"Tuesday, April 1, 2014",88901,70
16,211,"Tuesday, April 1, 2014",38848,83
16,211,"Tuesday, April 1, 2014",59,66
16,211,"Tuesday, April 1, 2014",20058,90
16,211,"Tuesday, April 1, 2014",35004,27
16,211,"Tuesday, April 1, 2014",57001,74
16,211,"Tuesday, April 1, 2014",7001,81
23,211,"Saturday, November 1, 2014",7001,66
23,211,"Saturday, November 1, 2014",20058,74
23,211,"Saturday, November 1, 2014",188,63
23,211,"Saturday, November 1, 2014",6001,15
23,211,"Saturday, November 1, 2014",68,70
23,211,"Saturday, November 1, 2014",58001,73
23,211,"Saturday, November 1, 2014",48001,83
23,211,"Saturday, November 1, 2014",53001,74
23,211,"Saturday, November 1, 2014",12,26
23,211,"Saturday, November 1, 2014",1,50
23,211,"Saturday, November 1, 2014",71601,37
23,211,"Saturday, November 1, 2014",50001,33
23,211,"Saturday, November 1, 2014",53001,79
23,211,"Saturday, November 1, 2014",58001,71
23,211,"Saturday, November 1, 2014",40003,44
23,211,"Saturday, November 1, 2014",6001,13
23,211,"Saturday, November 1, 2014",62356,35
23,211,"Saturday, November 1, 2014",7001,62
23,211,"Saturday, November 1, 2014",1,12
23,211,"Saturday, November 1, 2014",1,46
23,211,"Saturday, November 1, 2014",68,83
23,211,"Saturday, November 1, 2014",48001,61
23,211,"Saturday, November 1, 2014",35004,49
23,211,"Saturday, November 1, 2014",42223,89
23,211,"Saturday, November 1, 2014",68001,63
23,211,"Saturday, November 1, 2014",15937,82
23,211,"Saturday, November 1, 2014",53001,79
23,211,"Saturday, November 1, 2014",63005,70
23,211,"Saturday, November 1, 2014",42223,66
23,211,"Saturday, November 1, 2014",40003,25
23,211,"Saturday, November 1, 2014",66002,13
23,211,"Saturday, November 1, 2014",158,29
23,211,"Saturday, November 1, 2014",71,78
23,211,"Saturday, November 1, 2014",59,73
23,211,"Saturday, November 1, 2014",71601,22
23,211,"Saturday, November 1, 2014",6001,43
23,211,"Saturday, November 1, 2014",50001,43
23,211,"Saturday, November 1, 2014",63005,84
23,211,"Saturday, November 1, 2014",63005,78
23,211,"Saturday, November 1, 2014",63005,90
23,211,"Saturday, November 1, 2014",58001,83
23,211,"Saturday, November 1, 2014",20041,85
23,211,"Saturday, November 1, 2014",27,49
23,211,"Saturday, November 1, 2014",57001,77
23,211,"Saturday, November 1, 2014",71,63
23,211,"Saturday, November 1, 2014",20058,68
23,211,"Saturday, November 1, 2014",59,73
23,211,"Saturday, November 1, 2014",64,71
23,211,"Saturday, November 1, 2014",12,26
23,211,"Saturday, November 1, 2014",66002,32
23,211,"Saturday, November 1, 2014",3033,85
23,211,"Saturday, November 1, 2014",84,86
23,211,"Saturday, November 1, 2014",3033,70
23,211,"Saturday, November 1, 2014",82001,74
23,211,"Saturday, November 1, 2014",42223,89
23,211,"Saturday, November 1, 2014",27,46
23,211,"Saturday, November 1, 2014",1,22
23,211,"Saturday, November 1, 2014",41,18
23,211,"Saturday, November 1, 2014",6001,11
23,211,"Saturday, November 1, 2014",59,88
23,211,"Saturday, November 1, 2014",62356,38
23,211,"Saturday, November 1, 2014",67,89
23,211,"Saturday, November 1, 2014",48001,84
23,211,"Saturday, November 1, 2014",27,33
23,211,"Saturday, November 1, 2014",42223,88
23,211,"Saturday, November 1, 2014",41,50
23,211,"Saturday, November 1, 2014",1,38
23,211,"Saturday, November 1, 2014",59,83
23,211,"Saturday, November 1, 2014",12,49
23,211,"Saturday, November 1, 2014",6001,31
23,211,"Saturday, November 1, 2014",58001,90
23,211,"Saturday, November 1, 2014",19701,43
23,211,"Saturday, November 1, 2014",40003,16
23,211,"Saturday, November 1, 2014",12,17
23,211,"Saturday, November 1, 2014",40003,13
23,211,"Saturday, November 1, 2014",20001,39
23,211,"Saturday, November 1, 2014",72,76
23,211,"Saturday, November 1, 2014",67,86
23,211,"Saturday, November 1, 2014",50001,34
23,211,"Saturday, November 1, 2014",66002,20
23,211,"Saturday, November 1, 2014",39813,20
23,211,"Saturday, November 1, 2014",59,88
23,211,"Saturday, November 1, 2014",116,27
23,211,"Saturday, November 1, 2014",158,44
23,211,"Saturday, November 1, 2014",24701,63
23,211,"Saturday, November 1, 2014",71601,29
23,211,"Saturday, November 1, 2014",3033,85
23,211,"Saturday, November 1, 2014",35004,23
23,211,"Saturday, November 1, 2014",7001,73
23,211,"Saturday, November 1, 2014",5101,72
23,211,"Saturday, November 1, 2014",57001,79
23,211,"Saturday, November 1, 2014",19701,22
23,211,"Saturday, November 1, 2014",7001,78
23,211,"Saturday, November 1, 2014",59,73
23,211,"Saturday, November 1, 2014",19701,30
23,211,"Saturday, November 1, 2014",15937,90
20,211,"Friday, August 1, 2014",43001,83
20,211,"Friday, August 1, 2014",19701,31
20,211,"Friday, August 1, 2014",27,48
20,211,"Friday, August 1, 2014",63005,69
20,211,"Friday, August 1, 2014",72,80
20,211,"Friday, August 1, 2014",57001,70
20,211,"Friday, August 1, 2014",20058,85
20,211,"Friday, August 1, 2014",68001,89
20,211,"Friday, August 1, 2014",68001,70
20,211,"Friday, August 1, 2014",6001,36
20,211,"Friday, August 1, 2014",20041,83
20,211,"Friday, August 1, 2014",41,15
20,211,"Friday, August 1, 2014",63005,76
20,211,"Friday, August 1, 2014",68001,83
20,211,"Friday, August 1, 2014",116,45
20,211,"Friday, August 1, 2014",35004,49
20,211,"Friday, August 1, 2014",88901,64
20,211,"Friday, August 1, 2014",72,88
20,211,"Friday, August 1, 2014",63005,86
20,211,"Friday, August 1, 2014",50001,20
20,211,"Friday, August 1, 2014",501,86
20,211,"Friday, August 1, 2014",188,63
20,211,"Friday, August 1, 2014",19701,12
20,211,"Friday, August 1, 2014",7001,77
20,211,"Friday, August 1, 2014",12,32
20,211,"Friday, August 1, 2014",158,30
20,211,"Friday, August 1, 2014",14,17
20,211,"Friday, August 1, 2014",2801,84
20,211,"Friday, August 1, 2014",2801,86
20,211,"Friday, August 1, 2014",59,90
20,211,"Friday, August 1, 2014",188,64
20,211,"Friday, August 1, 2014",82001,85
20,211,"Friday, August 1, 2014",59,76
20,211,"Friday, August 1, 2014",41,12
20,211,"Friday, August 1, 2014",116,25
20,211,"Friday, August 1, 2014",501,90
20,211,"Friday, August 1, 2014",29001,80
20,211,"Friday, August 1, 2014",67,72
20,211,"Friday, August 1, 2014",43001,80
20,211,"Friday, August 1, 2014",48001,73
20,211,"Friday, August 1, 2014",12,50
20,211,"Friday, August 1, 2014",50001,37
20,211,"Friday, August 1, 2014",15937,77
20,211,"Friday, August 1, 2014",68,62
20,211,"Friday, August 1, 2014",56,47
20,211,"Friday, August 1, 2014",63,64
20,211,"Friday, August 1, 2014",40003,34
20,211,"Friday, August 1, 2014",1,20
20,211,"Friday, August 1, 2014",68001,76
20,211,"Friday, August 1, 2014",2801,66
20,211,"Friday, August 1, 2014",63,89
20,211,"Friday, August 1, 2014",20001,40
20,211,"Friday, August 1, 2014",66002,33
20,211,"Friday, August 1, 2014",46001,37
20,211,"Friday, August 1, 2014",5101,80
20,211,"Friday, August 1, 2014",46001,41
20,211,"Friday, August 1, 2014",158,28
20,211,"Friday, August 1, 2014",12,35
20,211,"Friday, August 1, 2014",68001,67
20,211,"Friday, August 1, 2014",66002,45
20,211,"Friday, August 1, 2014",66002,36
20,211,"Friday, August 1, 2014",40003,20
20,211,"Friday, August 1, 2014",24701,73
20,211,"Friday, August 1, 2014",71,81
20,211,"Friday, August 1, 2014",1,41
20,211,"Friday, August 1, 2014",50001,27
20,211,"Friday, August 1, 2014",5101,82
20,211,"Friday, August 1, 2014",6001,42
20,211,"Friday, August 1, 2014",40003,46
20,211,"Friday, August 1, 2014",1,12
20,211,"Friday, August 1, 2014",24701,66
20,211,"Friday, August 1, 2014",68,77
20,211,"Friday, August 1, 2014",2801,69
20,211,"Friday, August 1, 2014",64,76
20,211,"Friday, August 1, 2014",56,40
20,211,"Friday, August 1, 2014",27,40
20,211,"Friday, August 1, 2014",29001,69
20,211,"Friday, August 1, 2014",12,10
20,211,"Friday, August 1, 2014",1,15
20,211,"Friday, August 1, 2014",88901,63
20,211,"Friday, August 1, 2014",42223,70
20,211,"Friday, August 1, 2014",20058,68
20,211,"Friday, August 1, 2014",2801,60
20,211,"Friday, August 1, 2014",158,28
20,211,"Friday, August 1, 2014",20058,72
20,211,"Friday, August 1, 2014",6001,39
20,211,"Friday, August 1, 2014",116,22
20,211,"Friday, August 1, 2014",46001,12
20,211,"Friday, August 1, 2014",72,72
20,211,"Friday, August 1, 2014",12,36
20,211,"Friday, August 1, 2014",67,90
20,211,"Friday, August 1, 2014",14,22
24,211,"Monday, December 1, 2014",72,85
24,211,"Monday, December 1, 2014",40003,31
24,211,"Monday, December 1, 2014",59,75
24,211,"Monday, December 1, 2014",20041,87
24,211,"Monday, December 1, 2014",48001,69
24,211,"Monday, December 1, 2014",14,31
24,211,"Monday, December 1, 2014",82001,60
24,211,"Monday, December 1, 2014",501,62
24,211,"Monday, December 1, 2014",29001,68
24,211,"Monday, December 1, 2014",84,87
24,211,"Monday, December 1, 2014",5101,63
24,211,"Monday, December 1, 2014",41,43
24,211,"Monday, December 1, 2014",14,33
24,211,"Monday, December 1, 2014",158,48
24,211,"Monday, December 1, 2014",29001,72
24,211,"Monday, December 1, 2014",24701,88
24,211,"Monday, December 1, 2014",43001,78
24,211,"Monday, December 1, 2014",53001,64
24,211,"Monday, December 1, 2014",1,39
24,211,"Monday, December 1, 2014",20001,34
24,211,"Monday, December 1, 2014",3033,65
24,211,"Monday, December 1, 2014",7001,86
24,211,"Monday, December 1, 2014",48001,69
24,211,"Monday, December 1, 2014",35004,48
24,211,"Monday, December 1, 2014",63005,71
24,211,"Monday, December 1, 2014",63,65
24,211,"Monday, December 1, 2014",19701,43
24,211,"Monday, December 1, 2014",40003,15
24,211,"Monday, December 1, 2014",15937,64
24,211,"Monday, December 1, 2014",56,12
24,211,"Monday, December 1, 2014",64,89
24,211,"Monday, December 1, 2014",72,82
24,211,"Monday, December 1, 2014",53001,82
24,211,"Monday, December 1, 2014",56,17
24,211,"Monday, December 1, 2014",59,63
24,211,"Monday, December 1, 2014",62356,43
24,211,"Monday, December 1, 2014",12,40
24,211,"Monday, December 1, 2014",64,77
24,211,"Monday, December 1, 2014",24701,86
24,211,"Monday, December 1, 2014",19701,32
24,211,"Monday, December 1, 2014",188,79
24,211,"Monday, December 1, 2014",64,63
24,211,"Monday, December 1, 2014",20058,80
24,211,"Monday, December 1, 2014",63005,71
24,211,"Monday, December 1, 2014",53001,79
24,211,"Monday, December 1, 2014",64,76
24,211,"Monday, December 1, 2014",3033,67
24,211,"Monday, December 1, 2014",35004,50
24,211,"Monday, December 1, 2014",72,70
24,211,"Monday, December 1, 2014",29001,71
24,211,"Monday, December 1, 2014",14,17
24,211,"Monday, December 1, 2014",50001,37
24,211,"Monday, December 1, 2014",50001,19
24,211,"Monday, December 1, 2014",68001,86
24,211,"Monday, December 1, 2014",84,86
24,211,"Monday, December 1, 2014",63005,70
24,211,"Monday, December 1, 2014",58001,65
24,211,"Monday, December 1, 2014",29001,81
24,211,"Monday, December 1, 2014",84,83
24,211,"Monday, December 1, 2014",64,80
24,211,"Monday, December 1, 2014",188,65
24,211,"Monday, December 1, 2014",68,69
24,211,"Monday, December 1, 2014",43001,73
24,211,"Monday, December 1, 2014",67,79
24,211,"Monday, December 1, 2014",116,16
24,211,"Monday, December 1, 2014",41,28
24,211,"Monday, December 1, 2014",62356,29
24,211,"Monday, December 1, 2014",6001,16
24,211,"Monday, December 1, 2014",66002,18
24,211,"Monday, December 1, 2014",20058,64
24,211,"Monday, December 1, 2014",188,60
24,211,"Monday, December 1, 2014",88901,69
24,211,"Monday, December 1, 2014",42223,82
24,211,"Monday, December 1, 2014",27,37
24,211,"Monday, December 1, 2014",20041,81
24,211,"Monday, December 1, 2014",82001,64
24,211,"Monday, December 1, 2014",7001,80
24,211,"Monday, December 1, 2014",12,12
24,211,"Monday, December 1, 2014",84,67
24,211,"Monday, December 1, 2014",14,43
24,211,"Monday, December 1, 2014",64,72
24,211,"Monday, December 1, 2014",53001,65
24,211,"Monday, December 1, 2014",42223,73
24,211,"Monday, December 1, 2014",116,33
24,211,"Monday, December 1, 2014",82001,67
24,211,"Monday, December 1, 2014",27,29
24,211,"Monday, December 1, 2014",7001,84
24,211,"Monday, December 1, 2014",20058,82
24,211,"Monday, December 1, 2014",20001,46
24,211,"Monday, December 1, 2014",501,86
24,211,"Monday, December 1, 2014",71601,43
24,211,"Monday, December 1, 2014",63005,88
21,211,"Monday, September 1, 2014",59,69
21,211,"Monday, September 1, 2014",158,20
21,211,"Monday, September 1, 2014",58001,86
21,211,"Monday, September 1, 2014",5101,61
21,211,"Monday, September 1, 2014",71,81
21,211,"Monday, September 1, 2014",24701,87
21,211,"Monday, September 1, 2014",188,69
21,211,"Monday, September 1, 2014",20041,88
21,211,"Monday, September 1, 2014",53001,62
21,211,"Monday, September 1, 2014",42223,67
21,211,"Monday, September 1, 2014",20041,70
21,211,"Monday, September 1, 2014",63,81
21,211,"Monday, September 1, 2014",29001,61
21,211,"Monday, September 1, 2014",14,12
21,211,"Monday, September 1, 2014",67,60
21,211,"Monday, September 1, 2014",42223,87
21,211,"Monday, September 1, 2014",68,75
21,211,"Monday, September 1, 2014",72,85
21,211,"Monday, September 1, 2014",63005,77
21,211,"Monday, September 1, 2014",20041,64
21,211,"Monday, September 1, 2014",63005,65
21,211,"Monday, September 1, 2014",84,82
21,211,"Monday, September 1, 2014",63,66
21,211,"Monday, September 1, 2014",64,74
21,211,"Monday, September 1, 2014",14,17
21,211,"Monday, September 1, 2014",63,75
21,211,"Monday, September 1, 2014",35004,31
21,211,"Monday, September 1, 2014",50001,39
21,211,"Monday, September 1, 2014",48001,69
21,211,"Monday, September 1, 2014",12,42
21,211,"Monday, September 1, 2014",3033,64
21,211,"Monday, September 1, 2014",71,77
21,211,"Monday, September 1, 2014",35004,23
21,211,"Monday, September 1, 2014",68001,89
21,211,"Monday, September 1, 2014",88901,62
21,211,"Monday, September 1, 2014",20041,65
21,211,"Monday, September 1, 2014",15937,79
21,211,"Monday, September 1, 2014",29001,74
21,211,"Monday, September 1, 2014",14,45
21,211,"Monday, September 1, 2014",2801,69
21,211,"Monday, September 1, 2014",84,78
21,211,"Monday, September 1, 2014",14,30
21,211,"Monday, September 1, 2014",1,48
21,211,"Monday, September 1, 2014",15937,87
21,211,"Monday, September 1, 2014",29001,66
21,211,"Monday, September 1, 2014",82001,90
21,211,"Monday, September 1, 2014",7001,86
21,211,"Monday, September 1, 2014",66002,48
21,211,"Monday, September 1, 2014",1,32
21,211,"Monday, September 1, 2014",63005,90
21,211,"Monday, September 1, 2014",48001,65
21,211,"Monday, September 1, 2014",5101,63
21,211,"Monday, September 1, 2014",501,75
21,211,"Monday, September 1, 2014",57001,71
21,211,"Monday, September 1, 2014",2801,89
21,211,"Monday, September 1, 2014",63005,65
21,211,"Monday, September 1, 2014",71,62
21,211,"Monday, September 1, 2014",63,85
21,211,"Monday, September 1, 2014",88901,79
21,211,"Monday, September 1, 2014",116,18
21,211,"Monday, September 1, 2014",82001,81
21,211,"Monday, September 1, 2014",57001,68
21,211,"Monday, September 1, 2014",41,48
21,211,"Monday, September 1, 2014",188,65
21,211,"Monday, September 1, 2014",7001,84
21,211,"Monday, September 1, 2014",1,11
21,211,"Monday, September 1, 2014",188,70
21,211,"Monday, September 1, 2014",82001,75
21,211,"Monday, September 1, 2014",20001,42
21,211,"Monday, September 1, 2014",14,30
21,211,"Monday, September 1, 2014",29001,88
21,211,"Monday, September 1, 2014",68,63
21,211,"Monday, September 1, 2014",63,89
21,211,"Monday, September 1, 2014",12,39
21,211,"Monday, September 1, 2014",57001,84
21,211,"Monday, September 1, 2014",46001,46
21,211,"Monday, September 1, 2014",27,45
21,211,"Monday, September 1, 2014",3033,62
21,211,"Monday, September 1, 2014",56,18
21,211,"Monday, September 1, 2014",501,77
21,211,"Monday, September 1, 2014",43001,71
21,211,"Monday, September 1, 2014",50001,42
21,211,"Monday, September 1, 2014",40003,33
21,211,"Monday, September 1, 2014",68001,61
21,211,"Monday, September 1, 2014",88901,67
21,211,"Monday, September 1, 2014",19701,24
21,211,"Monday, September 1, 2014",59,70
21,211,"Monday, September 1, 2014",24701,68
21,211,"Monday, September 1, 2014",71601,20
21,211,"Monday, September 1, 2014",188,84
21,211,"Monday, September 1, 2014",68001,81
22,211,"Wednesday, October 1, 2014",71601,48
22,211,"Wednesday, October 1, 2014",57001,89
22,211,"Wednesday, October 1, 2014",6001,24
22,211,"Wednesday, October 1, 2014",20001,32
22,211,"Wednesday, October 1, 2014",158,35
22,211,"Wednesday, October 1, 2014",43001,86
22,211,"Wednesday, October 1, 2014",3033,63
22,211,"Wednesday, October 1, 2014",68001,87
22,211,"Wednesday, October 1, 2014",71601,42
22,211,"Wednesday, October 1, 2014",5101,81
22,211,"Wednesday, October 1, 2014",20058,90
22,211,"Wednesday, October 1, 2014",68001,62
22,211,"Wednesday, October 1, 2014",158,22
22,211,"Wednesday, October 1, 2014",39813,23
22,211,"Wednesday, October 1, 2014",88901,78
22,211,"Wednesday, October 1, 2014",88901,82
22,211,"Wednesday, October 1, 2014",42223,66
22,211,"Wednesday, October 1, 2014",1,27
22,211,"Wednesday, October 1, 2014",63005,80
22,211,"Wednesday, October 1, 2014",71,68
22,211,"Wednesday, October 1, 2014",53001,86
22,211,"Wednesday, October 1, 2014",20058,61
22,211,"Wednesday, October 1, 2014",1,46
22,211,"Wednesday, October 1, 2014",43001,72
22,211,"Wednesday, October 1, 2014",40003,37
22,211,"Wednesday, October 1, 2014",38848,60
22,211,"Wednesday, October 1, 2014",19701,31
22,211,"Wednesday, October 1, 2014",46001,21
22,211,"Wednesday, October 1, 2014",12,49
22,211,"Wednesday, October 1, 2014",71601,36
22,211,"Wednesday, October 1, 2014",88901,87
22,211,"Wednesday, October 1, 2014",68001,64
22,211,"Wednesday, October 1, 2014",188,82
22,211,"Wednesday, October 1, 2014",62356,37
22,211,"Wednesday, October 1, 2014",71601,48
22,211,"Wednesday, October 1, 2014",71,63
22,211,"Wednesday, October 1, 2014",72,69
22,211,"Wednesday, October 1, 2014",64,84
22,211,"Wednesday, October 1, 2014",1,50
22,211,"Wednesday, October 1, 2014",50001,27
22,211,"Wednesday, October 1, 2014",35004,17
22,211,"Wednesday, October 1, 2014",38848,69
22,211,"Wednesday, October 1, 2014",63,86
22,211,"Wednesday, October 1, 2014",88901,61
22,211,"Wednesday, October 1, 2014",39813,14
22,211,"Wednesday, October 1, 2014",41,50
22,211,"Wednesday, October 1, 2014",501,81
22,211,"Wednesday, October 1, 2014",62356,28
22,211,"Wednesday, October 1, 2014",88901,90
22,211,"Wednesday, October 1, 2014",5101,77
22,211,"Wednesday, October 1, 2014",3033,74
22,211,"Wednesday, October 1, 2014",50001,50
22,211,"Wednesday, October 1, 2014",41,36
22,211,"Wednesday, October 1, 2014",59,74
22,211,"Wednesday, October 1, 2014",72,73
22,211,"Wednesday, October 1, 2014",15937,64
22,211,"Wednesday, October 1, 2014",27,14
22,211,"Wednesday, October 1, 2014",63005,75
22,211,"Wednesday, October 1, 2014",40003,44
22,211,"Wednesday, October 1, 2014",71,76
22,211,"Wednesday, October 1, 2014",63,77
22,211,"Wednesday, October 1, 2014",62356,27
22,211,"Wednesday, October 1, 2014",158,11
22,211,"Wednesday, October 1, 2014",39813,26
22,211,"Wednesday, October 1, 2014",5101,66
22,211,"Wednesday, October 1, 2014",48001,87
22,211,"Wednesday, October 1, 2014",7001,63
22,211,"Wednesday, October 1, 2014",5101,61
22,211,"Wednesday, October 1, 2014",20058,90
22,211,"Wednesday, October 1, 2014",188,79
22,211,"Wednesday, October 1, 2014",42223,63
22,211,"Wednesday, October 1, 2014",64,81
22,211,"Wednesday, October 1, 2014",38848,84
22,211,"Wednesday, October 1, 2014",63,86
22,211,"Wednesday, October 1, 2014",39813,19
22,211,"Wednesday, October 1, 2014",20058,60
22,211,"Wednesday, October 1, 2014",63,81
22,211,"Wednesday, October 1, 2014",41,19
22,211,"Wednesday, October 1, 2014",53001,77
22,211,"Wednesday, October 1, 2014",20041,86
22,211,"Wednesday, October 1, 2014",84,60
22,211,"Wednesday, October 1, 2014",53001,77
22,211,"Wednesday, October 1, 2014",71601,48
22,211,"Wednesday, October 1, 2014",63,88
22,211,"Wednesday, October 1, 2014",84,63
22,211,"Wednesday, October 1, 2014",7001,84
22,211,"Wednesday, October 1, 2014",43001,90
22,211,"Wednesday, October 1, 2014",19701,48
22,211,"Wednesday, October 1, 2014",66002,28
22,211,"Wednesday, October 1, 2014",501,68
22,211,"Wednesday, October 1, 2014",20001,24
11,211,"Friday, November 1, 2013",42223,70
11,211,"Friday, November 1, 2013",501,67
11,211,"Friday, November 1, 2013",63005,68
11,211,"Friday, November 1, 2013",88901,68
11,211,"Friday, November 1, 2013",5101,90
11,211,"Friday, November 1, 2013",58001,68
11,211,"Friday, November 1, 2013",64,77
11,211,"Friday, November 1, 2013",50001,40
11,211,"Friday, November 1, 2013",1,40
11,211,"Friday, November 1, 2013",41,39
11,211,"Friday, November 1, 2013",24701,82
11,211,"Friday, November 1, 2013",20001,13
11,211,"Friday, November 1, 2013",42223,82
11,211,"Friday, November 1, 2013",59,78
11,211,"Friday, November 1, 2013",63,78
11,211,"Friday, November 1, 2013",29001,85
11,211,"Friday, November 1, 2013",39813,36
11,211,"Friday, November 1, 2013",72,74
11,211,"Friday, November 1, 2013",6001,42
11,211,"Friday, November 1, 2013",5101,76
11,211,"Friday, November 1, 2013",46001,11
11,211,"Friday, November 1, 2013",188,88
11,211,"Friday, November 1, 2013",56,36
11,211,"Friday, November 1, 2013",5101,83
11,211,"Friday, November 1, 2013",72,63
11,211,"Friday, November 1, 2013",116,10
11,211,"Friday, November 1, 2013",188,85
11,211,"Friday, November 1, 2013",58001,88
11,211,"Friday, November 1, 2013",15937,63
11,211,"Friday, November 1, 2013",64,70
11,211,"Friday, November 1, 2013",6001,17
11,211,"Friday, November 1, 2013",35004,23
11,211,"Friday, November 1, 2013",71601,27
11,211,"Friday, November 1, 2013",2801,83
11,211,"Friday, November 1, 2013",59,87
11,211,"Friday, November 1, 2013",56,27
11,211,"Friday, November 1, 2013",24701,73
11,211,"Friday, November 1, 2013",19701,27
11,211,"Friday, November 1, 2013",12,15
11,211,"Friday, November 1, 2013",63005,73
11,211,"Friday, November 1, 2013",20001,17
11,211,"Friday, November 1, 2013",68,75
11,211,"Friday, November 1, 2013",58001,73
11,211,"Friday, November 1, 2013",68001,89
11,211,"Friday, November 1, 2013",64,74
11,211,"Friday, November 1, 2013",72,79
11,211,"Friday, November 1, 2013",46001,37
11,211,"Friday, November 1, 2013",6001,31
11,211,"Friday, November 1, 2013",158,23
11,211,"Friday, November 1, 2013",66002,27
11,211,"Friday, November 1, 2013",2801,71
11,211,"Friday, November 1, 2013",1,18
11,211,"Friday, November 1, 2013",6001,26
11,211,"Friday, November 1, 2013",38848,62
11,211,"Friday, November 1, 2013",66002,32
11,211,"Friday, November 1, 2013",35004,17
11,211,"Friday, November 1, 2013",35004,33
11,211,"Friday, November 1, 2013",82001,63
11,211,"Friday, November 1, 2013",62356,18
11,211,"Friday, November 1, 2013",42223,68
11,211,"Friday, November 1, 2013",57001,75
11,211,"Friday, November 1, 2013",64,63
11,211,"Friday, November 1, 2013",59,71
11,211,"Friday, November 1, 2013",50001,22
11,211,"Friday, November 1, 2013",71601,27
11,211,"Friday, November 1, 2013",48001,76
11,211,"Friday, November 1, 2013",24701,67
11,211,"Friday, November 1, 2013",62356,41
11,211,"Friday, November 1, 2013",2801,71
11,211,"Friday, November 1, 2013",501,89
11,211,"Friday, November 1, 2013",66002,21
11,211,"Friday, November 1, 2013",56,22
11,211,"Friday, November 1, 2013",58001,78
11,211,"Friday, November 1, 2013",158,34
11,211,"Friday, November 1, 2013",59,85
11,211,"Friday, November 1, 2013",58001,68
11,211,"Friday, November 1, 2013",58001,71
11,211,"Friday, November 1, 2013",2801,63
11,211,"Friday, November 1, 2013",68,68
11,211,"Friday, November 1, 2013",82001,71
11,211,"Friday, November 1, 2013",72,72
11,211,"Friday, November 1, 2013",67,64
11,211,"Friday, November 1, 2013",67,67
11,211,"Friday, November 1, 2013",50001,28
11,211,"Friday, November 1, 2013",7001,62
13,211,"Wednesday, January 1, 2014",67,62
13,211,"Wednesday, January 1, 2014",40003,12
13,211,"Wednesday, January 1, 2014",27,30
13,211,"Wednesday, January 1, 2014",1,24
13,211,"Wednesday, January 1, 2014",116,36
13,211,"Wednesday, January 1, 2014",66002,43
13,211,"Wednesday, January 1, 2014",3033,70
13,211,"Wednesday, January 1, 2014",19701,38
13,211,"Wednesday, January 1, 2014",71,62
13,211,"Wednesday, January 1, 2014",14,16
13,211,"Wednesday, January 1, 2014",67,61
13,211,"Wednesday, January 1, 2014",62356,18
13,211,"Wednesday, January 1, 2014",39813,23
13,211,"Wednesday, January 1, 2014",29001,61
13,211,"Wednesday, January 1, 2014",71601,22
13,211,"Wednesday, January 1, 2014",72,76
13,211,"Wednesday, January 1, 2014",46001,25
13,211,"Wednesday, January 1, 2014",43001,76
13,211,"Wednesday, January 1, 2014",72,62
13,211,"Wednesday, January 1, 2014",50001,39
13,211,"Wednesday, January 1, 2014",39813,24
13,211,"Wednesday, January 1, 2014",43001,88
13,211,"Wednesday, January 1, 2014",20058,69
13,211,"Wednesday, January 1, 2014",29001,76
13,211,"Wednesday, January 1, 2014",35004,12
13,211,"Wednesday, January 1, 2014",24701,68
13,211,"Wednesday, January 1, 2014",501,85
13,211,"Wednesday, January 1, 2014",64,81
13,211,"Wednesday, January 1, 2014",68,65
13,211,"Wednesday, January 1, 2014",62356,10
13,211,"Wednesday, January 1, 2014",59,65
13,211,"Wednesday, January 1, 2014",12,36
13,211,"Wednesday, January 1, 2014",71,66
13,211,"Wednesday, January 1, 2014",72,83
13,211,"Wednesday, January 1, 2014",19701,26
13,211,"Wednesday, January 1, 2014",188,66
13,211,"Wednesday, January 1, 2014",158,27
13,211,"Wednesday, January 1, 2014",50001,29
13,211,"Wednesday, January 1, 2014",71,89
13,211,"Wednesday, January 1, 2014",58001,89
13,211,"Wednesday, January 1, 2014",67,89
13,211,"Wednesday, January 1, 2014",1,21
13,211,"Wednesday, January 1, 2014",63005,85
13,211,"Wednesday, January 1, 2014",15937,79
13,211,"Wednesday, January 1, 2014",48001,80
13,211,"Wednesday, January 1, 2014",19701,45
13,211,"Wednesday, January 1, 2014",40003,45
13,211,"Wednesday, January 1, 2014",64,74
13,211,"Wednesday, January 1, 2014",53001,69
13,211,"Wednesday, January 1, 2014",35004,50
13,211,"Wednesday, January 1, 2014",68001,79
13,211,"Wednesday, January 1, 2014",12,11
13,211,"Wednesday, January 1, 2014",116,40
13,211,"Wednesday, January 1, 2014",3033,70
13,211,"Wednesday, January 1, 2014",2801,72
13,211,"Wednesday, January 1, 2014",57001,74
13,211,"Wednesday, January 1, 2014",68001,86
13,211,"Wednesday, January 1, 2014",38848,73
13,211,"Wednesday, January 1, 2014",68,60
13,211,"Wednesday, January 1, 2014",20041,83
13,211,"Wednesday, January 1, 2014",67,60
13,211,"Wednesday, January 1, 2014",1,16
13,211,"Wednesday, January 1, 2014",43001,73
13,211,"Wednesday, January 1, 2014",14,31
13,211,"Wednesday, January 1, 2014",66002,15
13,211,"Wednesday, January 1, 2014",63,66
13,211,"Wednesday, January 1, 2014",46001,42
13,211,"Wednesday, January 1, 2014",66002,12
13,211,"Wednesday, January 1, 2014",14,42
13,211,"Wednesday, January 1, 2014",50001,13
13,211,"Wednesday, January 1, 2014",40003,39
13,211,"Wednesday, January 1, 2014",72,74
13,211,"Wednesday, January 1, 2014",116,17
13,211,"Wednesday, January 1, 2014",41,50
13,211,"Wednesday, January 1, 2014",43001,87
13,211,"Wednesday, January 1, 2014",501,77
13,211,"Wednesday, January 1, 2014",3033,73
13,211,"Wednesday, January 1, 2014",59,78
13,211,"Wednesday, January 1, 2014",20001,44
13,211,"Wednesday, January 1, 2014",19701,44
13,211,"Wednesday, January 1, 2014",43001,87
13,211,"Wednesday, January 1, 2014",20058,68
13,211,"Wednesday, January 1, 2014",3033,87
13,211,"Wednesday, January 1, 2014",56,26
13,211,"Wednesday, January 1, 2014",158,21
19,211,"Tuesday, July 1, 2014",24701,82
19,211,"Tuesday, July 1, 2014",5101,63
19,211,"Tuesday, July 1, 2014",66002,16
19,211,"Tuesday, July 1, 2014",63005,89
19,211,"Tuesday, July 1, 2014",58001,72
19,211,"Tuesday, July 1, 2014",12,44
19,211,"Tuesday, July 1, 2014",24701,89
19,211,"Tuesday, July 1, 2014",27,19
19,211,"Tuesday, July 1, 2014",84,83
19,211,"Tuesday, July 1, 2014",3033,84
19,211,"Tuesday, July 1, 2014",24701,88
19,211,"Tuesday, July 1, 2014",48001,71
19,211,"Tuesday, July 1, 2014",188,81
19,211,"Tuesday, July 1, 2014",29001,63
19,211,"Tuesday, July 1, 2014",71,80
19,211,"Tuesday, July 1, 2014",84,77
19,211,"Tuesday, July 1, 2014",71,63
19,211,"Tuesday, July 1, 2014",41,21
19,211,"Tuesday, July 1, 2014",71,88
19,211,"Tuesday, July 1, 2014",2801,71
19,211,"Tuesday, July 1, 2014",72,64
19,211,"Tuesday, July 1, 2014",19701,24
19,211,"Tuesday, July 1, 2014",35004,37
19,211,"Tuesday, July 1, 2014",68,80
19,211,"Tuesday, July 1, 2014",14,40
19,211,"Tuesday, July 1, 2014",71601,22
19,211,"Tuesday, July 1, 2014",71601,17
19,211,"Tuesday, July 1, 2014",66002,24
19,211,"Tuesday, July 1, 2014",68001,82
19,211,"Tuesday, July 1, 2014",68001,81
19,211,"Tuesday, July 1, 2014",20001,27
19,211,"Tuesday, July 1, 2014",12,43
19,211,"Tuesday, July 1, 2014",29001,80
19,211,"Tuesday, July 1, 2014",71,77
19,211,"Tuesday, July 1, 2014",1,43
19,211,"Tuesday, July 1, 2014",7001,82
19,211,"Tuesday, July 1, 2014",3033,87
19,211,"Tuesday, July 1, 2014",64,76
19,211,"Tuesday, July 1, 2014",56,17
19,211,"Tuesday, July 1, 2014",56,50
19,211,"Tuesday, July 1, 2014",24701,60
19,211,"Tuesday, July 1, 2014",58001,64
19,211,"Tuesday, July 1, 2014",48001,89
19,211,"Tuesday, July 1, 2014",43001,63
19,211,"Tuesday, July 1, 2014",188,86
19,211,"Tuesday, July 1, 2014",72,62
19,211,"Tuesday, July 1, 2014",40003,39
19,211,"Tuesday, July 1, 2014",43001,75
19,211,"Tuesday, July 1, 2014",48001,68
19,211,"Tuesday, July 1, 2014",20041,61
19,211,"Tuesday, July 1, 2014",53001,79
19,211,"Tuesday, July 1, 2014",7001,65
19,211,"Tuesday, July 1, 2014",41,50
19,211,"Tuesday, July 1, 2014",50001,50
19,211,"Tuesday, July 1, 2014",3033,86
19,211,"Tuesday, July 1, 2014",68,72
19,211,"Tuesday, July 1, 2014",5101,63
19,211,"Tuesday, July 1, 2014",46001,12
19,211,"Tuesday, July 1, 2014",19701,29
19,211,"Tuesday, July 1, 2014",20041,85
19,211,"Tuesday, July 1, 2014",43001,83
19,211,"Tuesday, July 1, 2014",29001,89
19,211,"Tuesday, July 1, 2014",24701,66
19,211,"Tuesday, July 1, 2014",2801,90
19,211,"Tuesday, July 1, 2014",188,81
19,211,"Tuesday, July 1, 2014",66002,42
19,211,"Tuesday, July 1, 2014",57001,80
19,211,"Tuesday, July 1, 2014",39813,26
19,211,"Tuesday, July 1, 2014",46001,17
19,211,"Tuesday, July 1, 2014",42223,62
19,211,"Tuesday, July 1, 2014",38848,90
19,211,"Tuesday, July 1, 2014",42223,69
19,211,"Tuesday, July 1, 2014",24701,79
19,211,"Tuesday, July 1, 2014",3033,89
19,211,"Tuesday, July 1, 2014",50001,32
19,211,"Tuesday, July 1, 2014",40003,25
19,211,"Tuesday, July 1, 2014",158,10
19,211,"Tuesday, July 1, 2014",35004,47
19,211,"Tuesday, July 1, 2014",62356,33
19,211,"Tuesday, July 1, 2014",40003,42
19,211,"Tuesday, July 1, 2014",58001,74
19,211,"Tuesday, July 1, 2014",71601,14
19,211,"Tuesday, July 1, 2014",64,67
19,211,"Tuesday, July 1, 2014",19701,25
19,211,"Tuesday, July 1, 2014",29001,85
8,211,"Thursday, August 1, 2013",27,13
8,211,"Thursday, August 1, 2013",5101,66
8,211,"Thursday, August 1, 2013",7001,75
8,211,"Thursday, August 1, 2013",43001,72
8,211,"Thursday, August 1, 2013",43001,87
8,211,"Thursday, August 1, 2013",72,66
8,211,"Thursday, August 1, 2013",501,62
8,211,"Thursday, August 1, 2013",29001,65
8,211,"Thursday, August 1, 2013",68001,86
8,211,"Thursday, August 1, 2013",5101,76
8,211,"Thursday, August 1, 2013",53001,83
8,211,"Thursday, August 1, 2013",84,65
8,211,"Thursday, August 1, 2013",42223,72
8,211,"Thursday, August 1, 2013",57001,77
8,211,"Thursday, August 1, 2013",88901,87
8,211,"Thursday, August 1, 2013",7001,80
8,211,"Thursday, August 1, 2013",158,47
8,211,"Thursday, August 1, 2013",20041,64
8,211,"Thursday, August 1, 2013",46001,15
8,211,"Thursday, August 1, 2013",39813,15
8,211,"Thursday, August 1, 2013",5101,82
8,211,"Thursday, August 1, 2013",14,39
8,211,"Thursday, August 1, 2013",12,33
8,211,"Thursday, August 1, 2013",41,49
8,211,"Thursday, August 1, 2013",15937,60
8,211,"Thursday, August 1, 2013",3033,71
8,211,"Thursday, August 1, 2013",501,76
8,211,"Thursday, August 1, 2013",58001,68
8,211,"Thursday, August 1, 2013",48001,76
8,211,"Thursday, August 1, 2013",116,29
8,211,"Thursday, August 1, 2013",84,70
8,211,"Thursday, August 1, 2013",68001,60
8,211,"Thursday, August 1, 2013",68,79
8,211,"Thursday, August 1, 2013",38848,60
8,211,"Thursday, August 1, 2013",188,80
8,211,"Thursday, August 1, 2013",35004,30
8,211,"Thursday, August 1, 2013",6001,44
8,211,"Thursday, August 1, 2013",188,64
8,211,"Thursday, August 1, 2013",46001,29
8,211,"Thursday, August 1, 2013",20041,63
8,211,"Thursday, August 1, 2013",27,47
8,211,"Thursday, August 1, 2013",50001,41
8,211,"Thursday, August 1, 2013",56,23
8,211,"Thursday, August 1, 2013",7001,86
8,211,"Thursday, August 1, 2013",5101,66
8,211,"Thursday, August 1, 2013",19701,42
8,211,"Thursday, August 1, 2013",6001,33
8,211,"Thursday, August 1, 2013",68001,79
8,211,"Thursday, August 1, 2013",88901,77
8,211,"Thursday, August 1, 2013",35004,29
8,211,"Thursday, August 1, 2013",2801,78
8,211,"Thursday, August 1, 2013",63,83
8,211,"Thursday, August 1, 2013",88901,77
8,211,"Thursday, August 1, 2013",82001,82
8,211,"Thursday, August 1, 2013",39813,16
8,211,"Thursday, August 1, 2013",40003,21
8,211,"Thursday, August 1, 2013",15937,86
8,211,"Thursday, August 1, 2013",38848,80
8,211,"Thursday, August 1, 2013",58001,88
8,211,"Thursday, August 1, 2013",3033,85
8,211,"Thursday, August 1, 2013",46001,18
8,211,"Thursday, August 1, 2013",43001,66
8,211,"Thursday, August 1, 2013",6001,27
8,211,"Thursday, August 1, 2013",20058,67
8,211,"Thursday, August 1, 2013",5101,87
8,211,"Thursday, August 1, 2013",84,76
8,211,"Thursday, August 1, 2013",2801,83
8,211,"Thursday, August 1, 2013",38848,83
8,211,"Thursday, August 1, 2013",58001,75
8,211,"Thursday, August 1, 2013",43001,74
8,211,"Thursday, August 1, 2013",72,64
8,211,"Thursday, August 1, 2013",53001,88
8,211,"Thursday, August 1, 2013",64,68
8,211,"Thursday, August 1, 2013",71,79
8,211,"Thursday, August 1, 2013",24701,87
8,211,"Thursday, August 1, 2013",57001,79
8,211,"Thursday, August 1, 2013",12,50
8,211,"Thursday, August 1, 2013",20058,81
8,211,"Thursday, August 1, 2013",53001,85
8,211,"Thursday, August 1, 2013",27,29
8,211,"Thursday, August 1, 2013",59,81
8,211,"Thursday, August 1, 2013",57001,62
8,211,"Thursday, August 1, 2013",48001,83
8,211,"Thursday, August 1, 2013",14,23
8,211,"Thursday, August 1, 2013",46001,35
14,211,"Saturday, February 1, 2014",58001,73
14,211,"Saturday, February 1, 2014",67,71
14,211,"Saturday, February 1, 2014",50001,32
14,211,"Saturday, February 1, 2014",50001,39
14,211,"Saturday, February 1, 2014",19701,37
14,211,"Saturday, February 1, 2014",188,77
14,211,"Saturday, February 1, 2014",71601,14
14,211,"Saturday, February 1, 2014",188,86
14,211,"Saturday, February 1, 2014",3033,77
14,211,"Saturday, February 1, 2014",84,76
14,211,"Saturday, February 1, 2014",39813,39
14,211,"Saturday, February 1, 2014",39813,18
14,211,"Saturday, February 1, 2014",48001,61
14,211,"Saturday, February 1, 2014",20058,73
14,211,"Saturday, February 1, 2014",66002,43
14,211,"Saturday, February 1, 2014",15937,82
14,211,"Saturday, February 1, 2014",35004,36
14,211,"Saturday, February 1, 2014",15937,71
14,211,"Saturday, February 1, 2014",63,62
14,211,"Saturday, February 1, 2014",68,70
14,211,"Saturday, February 1, 2014",71,69
14,211,"Saturday, February 1, 2014",7001,76
14,211,"Saturday, February 1, 2014",20001,39
14,211,"Saturday, February 1, 2014",39813,37
14,211,"Saturday, February 1, 2014",7001,64
14,211,"Saturday, February 1, 2014",38848,81
14,211,"Saturday, February 1, 2014",88901,78
14,211,"Saturday, February 1, 2014",58001,86
14,211,"Saturday, February 1, 2014",40003,44
14,211,"Saturday, February 1, 2014",116,21
14,211,"Saturday, February 1, 2014",64,77
14,211,"Saturday, February 1, 2014",6001,23
14,211,"Saturday, February 1, 2014",24701,89
14,211,"Saturday, February 1, 2014",68,69
14,211,"Saturday, February 1, 2014",88901,82
14,211,"Saturday, February 1, 2014",7001,87
14,211,"Saturday, February 1, 2014",1,31
14,211,"Saturday, February 1, 2014",29001,82
14,211,"Saturday, February 1, 2014",40003,34
14,211,"Saturday, February 1, 2014",7001,66
14,211,"Saturday, February 1, 2014",6001,38
14,211,"Saturday, February 1, 2014",71601,22
14,211,"Saturday, February 1, 2014",64,60
14,211,"Saturday, February 1, 2014",116,18
14,211,"Saturday, February 1, 2014",42223,79
14,211,"Saturday, February 1, 2014",56,30
14,211,"Saturday, February 1, 2014",82001,88
14,211,"Saturday, February 1, 2014",84,86
14,211,"Saturday, February 1, 2014",14,13
14,211,"Saturday, February 1, 2014",3033,63
14,211,"Saturday, February 1, 2014",19701,21
14,211,"Saturday, February 1, 2014",56,37
14,211,"Saturday, February 1, 2014",82001,70
14,211,"Saturday, February 1, 2014",53001,76
14,211,"Saturday, February 1, 2014",56,45
14,211,"Saturday, February 1, 2014",20058,72
14,211,"Saturday, February 1, 2014",20058,74
14,211,"Saturday, February 1, 2014",158,17
14,211,"Saturday, February 1, 2014",53001,68
14,211,"Saturday, February 1, 2014",20058,77
14,211,"Saturday, February 1, 2014",5101,75
14,211,"Saturday, February 1, 2014",158,44
14,211,"Saturday, February 1, 2014",63,83
14,211,"Saturday, February 1, 2014",59,82
14,211,"Saturday, February 1, 2014",53001,89
14,211,"Saturday, February 1, 2014",50001,32
14,211,"Saturday, February 1, 2014",56,16
14,211,"Saturday, February 1, 2014",158,35
14,211,"Saturday, February 1, 2014",29001,77
14,211,"Saturday, February 1, 2014",27,40
14,211,"Saturday, February 1, 2014",46001,27
14,211,"Saturday, February 1, 2014",68001,83
14,211,"Saturday, February 1, 2014",58001,67
14,211,"Saturday, February 1, 2014",29001,66
14,211,"Saturday, February 1, 2014",501,76
14,211,"Saturday, February 1, 2014",64,68
14,211,"Saturday, February 1, 2014",7001,84
14,211,"Saturday, February 1, 2014",41,48
14,211,"Saturday, February 1, 2014",501,78
14,211,"Saturday, February 1, 2014",3033,66
14,211,"Saturday, February 1, 2014",68,86
14,211,"Saturday, February 1, 2014",64,64
14,211,"Saturday, February 1, 2014",39813,34
14,211,"Saturday, February 1, 2014",14,49
7,211,"Monday, July 1, 2013",71601,15
7,211,"Monday, July 1, 2013",63,90
7,211,"Monday, July 1, 2013",58001,61
7,211,"Monday, July 1, 2013",15937,64
7,211,"Monday, July 1, 2013",501,88
7,211,"Monday, July 1, 2013",116,18
7,211,"Monday, July 1, 2013",29001,78
7,211,"Monday, July 1, 2013",2801,86
7,211,"Monday, July 1, 2013",501,89
7,211,"Monday, July 1, 2013",62356,43
7,211,"Monday, July 1, 2013",27,41
7,211,"Monday, July 1, 2013",501,82
7,211,"Monday, July 1, 2013",68,86
7,211,"Monday, July 1, 2013",43001,64
7,211,"Monday, July 1, 2013",63005,70
7,211,"Monday, July 1, 2013",27,39
7,211,"Monday, July 1, 2013",12,22
7,211,"Monday, July 1, 2013",35004,30
7,211,"Monday, July 1, 2013",24701,82
7,211,"Monday, July 1, 2013",158,20
7,211,"Monday, July 1, 2013",68,62
7,211,"Monday, July 1, 2013",19701,37
7,211,"Monday, July 1, 2013",68,71
7,211,"Monday, July 1, 2013",48001,81
7,211,"Monday, July 1, 2013",19701,18
7,211,"Monday, July 1, 2013",84,69
7,211,"Monday, July 1, 2013",39813,50
7,211,"Monday, July 1, 2013",5101,61
7,211,"Monday, July 1, 2013",3033,80
7,211,"Monday, July 1, 2013",188,74
7,211,"Monday, July 1, 2013",64,60
7,211,"Monday, July 1, 2013",71,84
7,211,"Monday, July 1, 2013",56,15
7,211,"Monday, July 1, 2013",38848,75
7,211,"Monday, July 1, 2013",68001,88
7,211,"Monday, July 1, 2013",58001,78
7,211,"Monday, July 1, 2013",42223,70
7,211,"Monday, July 1, 2013",59,86
7,211,"Monday, July 1, 2013",66002,24
7,211,"Monday, July 1, 2013",41,15
7,211,"Monday, July 1, 2013",19701,10
7,211,"Monday, July 1, 2013",24701,60
7,211,"Monday, July 1, 2013",1,40
7,211,"Monday, July 1, 2013",7001,84
7,211,"Monday, July 1, 2013",63005,84
7,211,"Monday, July 1, 2013",15937,65
7,211,"Monday, July 1, 2013",68,73
7,211,"Monday, July 1, 2013",63,71
7,211,"Monday, July 1, 2013",63005,78
7,211,"Monday, July 1, 2013",38848,71
7,211,"Monday, July 1, 2013",39813,45
7,211,"Monday, July 1, 2013",40003,15
7,211,"Monday, July 1, 2013",116,36
7,211,"Monday, July 1, 2013",20001,46
7,211,"Monday, July 1, 2013",158,30
7,211,"Monday, July 1, 2013",71601,49
7,211,"Monday, July 1, 2013",5101,71
7,211,"Monday, July 1, 2013",50001,16
7,211,"Monday, July 1, 2013",39813,21
7,211,"Monday, July 1, 2013",158,39
7,211,"Monday, July 1, 2013",1,15
7,211,"Monday, July 1, 2013",20058,84
7,211,"Monday, July 1, 2013",71601,21
7,211,"Monday, July 1, 2013",7001,81
7,211,"Monday, July 1, 2013",67,65
7,211,"Monday, July 1, 2013",38848,68
7,211,"Monday, July 1, 2013",62356,41
7,211,"Monday, July 1, 2013",38848,87
7,211,"Monday, July 1, 2013",57001,70
7,211,"Monday, July 1, 2013",20001,13
7,211,"Monday, July 1, 2013",41,32
7,211,"Monday, July 1, 2013",501,65
7,211,"Monday, July 1, 2013",68,60
7,211,"Monday, July 1, 2013",29001,88
7,211,"Monday, July 1, 2013",29001,77
7,211,"Monday, July 1, 2013",66002,15
7,211,"Monday, July 1, 2013",72,90
7,211,"Monday, July 1, 2013",2801,88
7,211,"Monday, July 1, 2013",84,76
7,211,"Monday, July 1, 2013",1,20
7,211,"Monday, July 1, 2013",15937,82
7,211,"Monday, July 1, 2013",41,26
7,211,"Monday, July 1, 2013",88901,83
12,211,"Sunday, December 1, 2013",53001,75
12,211,"Sunday, December 1, 2013",3033,71
12,211,"Sunday, December 1, 2013",50001,34
12,211,"Sunday, December 1, 2013",2801,79
12,211,"Sunday, December 1, 2013",35004,43
12,211,"Sunday, December 1, 2013",42223,84
12,211,"Sunday, December 1, 2013",7001,62
12,211,"Sunday, December 1, 2013",41,24
12,211,"Sunday, December 1, 2013",50001,42
12,211,"Sunday, December 1, 2013",50001,26
12,211,"Sunday, December 1, 2013",29001,81
12,211,"Sunday, December 1, 2013",68001,65
12,211,"Sunday, December 1, 2013",20001,39
12,211,"Sunday, December 1, 2013",66002,42
12,211,"Sunday, December 1, 2013",62356,21
12,211,"Sunday, December 1, 2013",6001,46
12,211,"Sunday, December 1, 2013",63,82
12,211,"Sunday, December 1, 2013",50001,24
12,211,"Sunday, December 1, 2013",53001,89
12,211,"Sunday, December 1, 2013",63005,75
12,211,"Sunday, December 1, 2013",58001,69
12,211,"Sunday, December 1, 2013",68,70
12,211,"Sunday, December 1, 2013",20058,66
12,211,"Sunday, December 1, 2013",68001,62
12,211,"Sunday, December 1, 2013",2801,90
12,211,"Sunday, December 1, 2013",62356,39
12,211,"Sunday, December 1, 2013",29001,79
12,211,"Sunday, December 1, 2013",64,86
12,211,"Sunday, December 1, 2013",59,77
12,211,"Sunday, December 1, 2013",19701,27
12,211,"Sunday, December 1, 2013",158,29
12,211,"Sunday, December 1, 2013",63,68
12,211,"Sunday, December 1, 2013",20041,81
12,211,"Sunday, December 1, 2013",58001,62
12,211,"Sunday, December 1, 2013",58001,76
12,211,"Sunday, December 1, 2013",82001,83
12,211,"Sunday, December 1, 2013",68001,75
12,211,"Sunday, December 1, 2013",29001,68
12,211,"Sunday, December 1, 2013",27,10
12,211,"Sunday, December 1, 2013",12,21
12,211,"Sunday, December 1, 2013",116,38
12,211,"Sunday, December 1, 2013",63005,79
12,211,"Sunday, December 1, 2013",66002,31
12,211,"Sunday, December 1, 2013",82001,77
12,211,"Sunday, December 1, 2013",29001,64
12,211,"Sunday, December 1, 2013",20041,72
12,211,"Sunday, December 1, 2013",68,71
12,211,"Sunday, December 1, 2013",67,77
12,211,"Sunday, December 1, 2013",2801,71
12,211,"Sunday, December 1, 2013",88901,83
12,211,"Sunday, December 1, 2013",71601,45
12,211,"Sunday, December 1, 2013",3033,89
12,211,"Sunday, December 1, 2013",20041,90
12,211,"Sunday, December 1, 2013",40003,38
12,211,"Sunday, December 1, 2013",63,89
12,211,"Sunday, December 1, 2013",40003,14
12,211,"Sunday, December 1, 2013",67,80
12,211,"Sunday, December 1, 2013",35004,20
12,211,"Sunday, December 1, 2013",1,32
12,211,"Sunday, December 1, 2013",84,85
12,211,"Sunday, December 1, 2013",53001,88
12,211,"Sunday, December 1, 2013",501,68
12,211,"Sunday, December 1, 2013",188,88
12,211,"Sunday, December 1, 2013",27,25
12,211,"Sunday, December 1, 2013",58001,85
12,211,"Sunday, December 1, 2013",19701,47
12,211,"Sunday, December 1, 2013",71,81
12,211,"Sunday, December 1, 2013",56,20
12,211,"Sunday, December 1, 2013",66002,15
12,211,"Sunday, December 1, 2013",43001,89
12,211,"Sunday, December 1, 2013",50001,26
12,211,"Sunday, December 1, 2013",57001,89
12,211,"Sunday, December 1, 2013",501,85
12,211,"Sunday, December 1, 2013",3033,88
12,211,"Sunday, December 1, 2013",12,11
12,211,"Sunday, December 1, 2013",42223,80
12,211,"Sunday, December 1, 2013",58001,74
12,211,"Sunday, December 1, 2013",27,49
12,211,"Sunday, December 1, 2013",15937,79
15,211,"Saturday, March 1, 2014",2801,61
15,211,"Saturday, March 1, 2014",59,74
15,211,"Saturday, March 1, 2014",6001,30
15,211,"Saturday, March 1, 2014",82001,87
15,211,"Saturday, March 1, 2014",48001,71
15,211,"Saturday, March 1, 2014",56,35
15,211,"Saturday, March 1, 2014",12,20
15,211,"Saturday, March 1, 2014",71,76
15,211,"Saturday, March 1, 2014",63,70
15,211,"Saturday, March 1, 2014",20058,61
15,211,"Saturday, March 1, 2014",2801,69
15,211,"Saturday, March 1, 2014",19701,35
15,211,"Saturday, March 1, 2014",15937,78
15,211,"Saturday, March 1, 2014",66002,26
15,211,"Saturday, March 1, 2014",88901,63
15,211,"Saturday, March 1, 2014",63,86
15,211,"Saturday, March 1, 2014",15937,70
15,211,"Saturday, March 1, 2014",15937,82
15,211,"Saturday, March 1, 2014",2801,64
15,211,"Saturday, March 1, 2014",27,25
15,211,"Saturday, March 1, 2014",12,44
15,211,"Saturday, March 1, 2014",63005,86
15,211,"Saturday, March 1, 2014",59,69
15,211,"Saturday, March 1, 2014",5101,62
15,211,"Saturday, March 1, 2014",501,77
15,211,"Saturday, March 1, 2014",501,79
15,211,"Saturday, March 1, 2014",42223,86
15,211,"Saturday, March 1, 2014",40003,47
15,211,"Saturday, March 1, 2014",1,19
15,211,"Saturday, March 1, 2014",15937,63
15,211,"Saturday, March 1, 2014",20041,85
15,211,"Saturday, March 1, 2014",29001,87
15,211,"Saturday, March 1, 2014",40003,43
15,211,"Saturday, March 1, 2014",48001,60
15,211,"Saturday, March 1, 2014",88901,67
15,211,"Saturday, March 1, 2014",58001,61
15,211,"Saturday, March 1, 2014",46001,22
15,211,"Saturday, March 1, 2014",2801,75
15,211,"Saturday, March 1, 2014",63,61
15,211,"Saturday, March 1, 2014",63,66
15,211,"Saturday, March 1, 2014",35004,32
15,211,"Saturday, March 1, 2014",7001,81
15,211,"Saturday, March 1, 2014",42223,84
15,211,"Saturday, March 1, 2014",42223,60
15,211,"Saturday, March 1, 2014",57001,79
15,211,"Saturday, March 1, 2014",72,64
15,211,"Saturday, March 1, 2014",20058,60
15,211,"Saturday, March 1, 2014",50001,38
15,211,"Saturday, March 1, 2014",71,86
15,211,"Saturday, March 1, 2014",501,61
15,211,"Saturday, March 1, 2014",72,66
15,211,"Saturday, March 1, 2014",42223,63
15,211,"Saturday, March 1, 2014",39813,47
15,211,"Saturday, March 1, 2014",48001,79
15,211,"Saturday, March 1, 2014",20001,23
15,211,"Saturday, March 1, 2014",12,49
15,211,"Saturday, March 1, 2014",68,84
15,211,"Saturday, March 1, 2014",116,45
15,211,"Saturday, March 1, 2014",40003,35
15,211,"Saturday, March 1, 2014",82001,78
15,211,"Saturday, March 1, 2014",1,40
15,211,"Saturday, March 1, 2014",66002,22
15,211,"Saturday, March 1, 2014",20001,49
15,211,"Saturday, March 1, 2014",38848,63
15,211,"Saturday, March 1, 2014",20058,81
15,211,"Saturday, March 1, 2014",63005,63
15,211,"Saturday, March 1, 2014",43001,60
15,211,"Saturday, March 1, 2014",1,30
15,211,"Saturday, March 1, 2014",20058,84
15,211,"Saturday, March 1, 2014",35004,19
15,211,"Saturday, March 1, 2014",38848,85
15,211,"Saturday, March 1, 2014",42223,63
17,211,"Thursday, May 1, 2014",20058,89
17,211,"Thursday, May 1, 2014",66002,18
17,211,"Thursday, May 1, 2014",501,62
17,211,"Thursday, May 1, 2014",82001,76
17,211,"Thursday, May 1, 2014",158,17
17,211,"Thursday, May 1, 2014",40003,14
17,211,"Thursday, May 1, 2014",67,73
17,211,"Thursday, May 1, 2014",5101,75
17,211,"Thursday, May 1, 2014",50001,44
17,211,"Thursday, May 1, 2014",71,84
17,211,"Thursday, May 1, 2014",501,69
17,211,"Thursday, May 1, 2014",68,82
17,211,"Thursday, May 1, 2014",88901,84
17,211,"Thursday, May 1, 2014",39813,41
17,211,"Thursday, May 1, 2014",188,74
17,211,"Thursday, May 1, 2014",1,43
17,211,"Thursday, May 1, 2014",68001,77
17,211,"Thursday, May 1, 2014",84,80
17,211,"Thursday, May 1, 2014",20001,12
17,211,"Thursday, May 1, 2014",68001,62
17,211,"Thursday, May 1, 2014",71,69
17,211,"Thursday, May 1, 2014",46001,17
17,211,"Thursday, May 1, 2014",39813,11
17,211,"Thursday, May 1, 2014",12,39
17,211,"Thursday, May 1, 2014",46001,47
17,211,"Thursday, May 1, 2014",63005,77
17,211,"Thursday, May 1, 2014",63,63
17,211,"Thursday, May 1, 2014",68001,68
17,211,"Thursday, May 1, 2014",42223,78
17,211,"Thursday, May 1, 2014",35004,26
17,211,"Thursday, May 1, 2014",20041,70
17,211,"Thursday, May 1, 2014",57001,67
17,211,"Thursday, May 1, 2014",72,90
17,211,"Thursday, May 1, 2014",14,22
17,211,"Thursday, May 1, 2014",3033,68
17,211,"Thursday, May 1, 2014",56,49
17,211,"Thursday, May 1, 2014",41,17
17,211,"Thursday, May 1, 2014",15937,72
17,211,"Thursday, May 1, 2014",42223,66
17,211,"Thursday, May 1, 2014",20041,90
17,211,"Thursday, May 1, 2014",158,33
17,211,"Thursday, May 1, 2014",38848,86
17,211,"Thursday, May 1, 2014",2801,60
17,211,"Thursday, May 1, 2014",58001,75
17,211,"Thursday, May 1, 2014",71,83
17,211,"Thursday, May 1, 2014",41,11
17,211,"Thursday, May 1, 2014",42223,68
17,211,"Thursday, May 1, 2014",62356,45
17,211,"Thursday, May 1, 2014",57001,63
17,211,"Thursday, May 1, 2014",116,19
17,211,"Thursday, May 1, 2014",56,45
17,211,"Thursday, May 1, 2014",71601,50
17,211,"Thursday, May 1, 2014",42223,87
17,211,"Thursday, May 1, 2014",53001,83
17,211,"Thursday, May 1, 2014",20001,50
17,211,"Thursday, May 1, 2014",68001,88
17,211,"Thursday, May 1, 2014",6001,16
17,211,"Thursday, May 1, 2014",62356,24
17,211,"Thursday, May 1, 2014",7001,72
17,211,"Thursday, May 1, 2014",29001,61
17,211,"Thursday, May 1, 2014",43001,77
17,211,"Thursday, May 1, 2014",82001,90
17,211,"Thursday, May 1, 2014",71601,36
17,211,"Thursday, May 1, 2014",501,63
17,211,"Thursday, May 1, 2014",46001,50
17,211,"Thursday, May 1, 2014",56,48
17,211,"Thursday, May 1, 2014",158,27
17,211,"Thursday, May 1, 2014",5101,73
17,211,"Thursday, May 1, 2014",66002,13
17,211,"Thursday, May 1, 2014",71,68
17,211,"Thursday, May 1, 2014",5101,85
17,211,"Thursday, May 1, 2014",68001,80
17,211,"Thursday, May 1, 2014",40003,20
17,211,"Thursday, May 1, 2014",71601,31
17,211,"Thursday, May 1, 2014",63,66
10,1043,"Tuesday, October 1, 2013",40003,66
10,1043,"Tuesday, October 1, 2013",501,72
10,1043,"Tuesday, October 1, 2013",48001,88
10,1043,"Tuesday, October 1, 2013",59,84
10,1043,"Tuesday, October 1, 2013",71,89
10,1043,"Tuesday, October 1, 2013",158,80
10,1043,"Tuesday, October 1, 2013",62356,65
10,1043,"Tuesday, October 1, 2013",53001,61
10,1043,"Tuesday, October 1, 2013",59,81
10,1043,"Tuesday, October 1, 2013",14,68
10,1043,"Tuesday, October 1, 2013",88901,63
10,1043,"Tuesday, October 1, 2013",84,87
10,1043,"Tuesday, October 1, 2013",84,68
10,1043,"Tuesday, October 1, 2013",67,69
10,1043,"Tuesday, October 1, 2013",7001,72
10,1043,"Tuesday, October 1, 2013",43001,86
10,1043,"Tuesday, October 1, 2013",15937,75
10,1043,"Tuesday, October 1, 2013",20058,71
10,1043,"Tuesday, October 1, 2013",27,90
10,1043,"Tuesday, October 1, 2013",58001,82
10,1043,"Tuesday, October 1, 2013",12,68
10,1043,"Tuesday, October 1, 2013",57001,84
10,1043,"Tuesday, October 1, 2013",67,66
10,1043,"Tuesday, October 1, 2013",2801,64
10,1043,"Tuesday, October 1, 2013",48001,60
10,1043,"Tuesday, October 1, 2013",72,81
10,1043,"Tuesday, October 1, 2013",68,85
10,1043,"Tuesday, October 1, 2013",6001,71
10,1043,"Tuesday, October 1, 2013",41,88
10,1043,"Tuesday, October 1, 2013",41,83
10,1043,"Tuesday, October 1, 2013",57001,74
10,1043,"Tuesday, October 1, 2013",38848,60
10,1043,"Tuesday, October 1, 2013",48001,67
10,1043,"Tuesday, October 1, 2013",41,68
10,1043,"Tuesday, October 1, 2013",14,63
10,1043,"Tuesday, October 1, 2013",68001,76
10,1043,"Tuesday, October 1, 2013",38848,89
10,1043,"Tuesday, October 1, 2013",38848,67
10,1043,"Tuesday, October 1, 2013",43001,88
10,1043,"Tuesday, October 1, 2013",6001,80
10,1043,"Tuesday, October 1, 2013",66002,65
10,1043,"Tuesday, October 1, 2013",71,62
10,1043,"Tuesday, October 1, 2013",64,69
10,1043,"Tuesday, October 1, 2013",12,75
10,1043,"Tuesday, October 1, 2013",68001,60
10,1043,"Tuesday, October 1, 2013",20001,77
10,1043,"Tuesday, October 1, 2013",2801,74
10,1043,"Tuesday, October 1, 2013",50001,64
10,1043,"Tuesday, October 1, 2013",67,72
10,1043,"Tuesday, October 1, 2013",68,64
10,1043,"Tuesday, October 1, 2013",71601,84
10,1043,"Tuesday, October 1, 2013",188,72
10,1043,"Tuesday, October 1, 2013",53001,73
10,1043,"Tuesday, October 1, 2013",24701,62
10,1043,"Tuesday, October 1, 2013",64,68
10,1043,"Tuesday, October 1, 2013",41,80
10,1043,"Tuesday, October 1, 2013",53001,73
10,1043,"Tuesday, October 1, 2013",12,76
10,1043,"Tuesday, October 1, 2013",116,71
10,1043,"Tuesday, October 1, 2013",71601,88
10,1043,"Tuesday, October 1, 2013",62356,73
10,1043,"Tuesday, October 1, 2013",27,68
10,1043,"Tuesday, October 1, 2013",41,71
10,1043,"Tuesday, October 1, 2013",501,87
10,1043,"Tuesday, October 1, 2013",27,77
10,1043,"Tuesday, October 1, 2013",20001,72
10,1043,"Tuesday, October 1, 2013",68,74
10,1043,"Tuesday, October 1, 2013",71601,78
10,1043,"Tuesday, October 1, 2013",116,77
10,1043,"Tuesday, October 1, 2013",6001,66
10,1043,"Tuesday, October 1, 2013",63005,74
10,1043,"Tuesday, October 1, 2013",5101,73
10,1043,"Tuesday, October 1, 2013",66002,81
10,1043,"Tuesday, October 1, 2013",71,70
18,1043,"Sunday, June 1, 2014",188,78
18,1043,"Sunday, June 1, 2014",48001,89
18,1043,"Sunday, June 1, 2014",48001,69
18,1043,"Sunday, June 1, 2014",62356,65
18,1043,"Sunday, June 1, 2014",14,79
18,1043,"Sunday, June 1, 2014",2801,83
18,1043,"Sunday, June 1, 2014",58001,79
18,1043,"Sunday, June 1, 2014",38848,60
18,1043,"Sunday, June 1, 2014",20001,69
18,1043,"Sunday, June 1, 2014",63005,79
18,1043,"Sunday, June 1, 2014",53001,88
18,1043,"Sunday, June 1, 2014",20001,62
18,1043,"Sunday, June 1, 2014",66002,64
18,1043,"Sunday, June 1, 2014",20058,84
18,1043,"Sunday, June 1, 2014",35004,70
18,1043,"Sunday, June 1, 2014",63005,69
18,1043,"Sunday, June 1, 2014",82001,81
18,1043,"Sunday, June 1, 2014",12,73
18,1043,"Sunday, June 1, 2014",68001,83
18,1043,"Sunday, June 1, 2014",2801,72
18,1043,"Sunday, June 1, 2014",71,70
18,1043,"Sunday, June 1, 2014",20041,90
18,1043,"Sunday, June 1, 2014",62356,82
18,1043,"Sunday, June 1, 2014",66002,65
18,1043,"Sunday, June 1, 2014",14,74
18,1043,"Sunday, June 1, 2014",48001,86
18,1043,"Sunday, June 1, 2014",2801,60
18,1043,"Sunday, June 1, 2014",14,67
18,1043,"Sunday, June 1, 2014",68001,63
18,1043,"Sunday, June 1, 2014",48001,85
18,1043,"Sunday, June 1, 2014",71,86
18,1043,"Sunday, June 1, 2014",158,73
18,1043,"Sunday, June 1, 2014",39813,79
18,1043,"Sunday, June 1, 2014",15937,61
18,1043,"Sunday, June 1, 2014",63005,65
18,1043,"Sunday, June 1, 2014",29001,78
18,1043,"Sunday, June 1, 2014",71,73
18,1043,"Sunday, June 1, 2014",66002,74
18,1043,"Sunday, June 1, 2014",5101,72
18,1043,"Sunday, June 1, 2014",7001,72
18,1043,"Sunday, June 1, 2014",12,86
18,1043,"Sunday, June 1, 2014",58001,60
18,1043,"Sunday, June 1, 2014",15937,71
18,1043,"Sunday, June 1, 2014",3033,79
18,1043,"Sunday, June 1, 2014",84,80
18,1043,"Sunday, June 1, 2014",68001,90
18,1043,"Sunday, June 1, 2014",39813,83
18,1043,"Sunday, June 1, 2014",39813,70
18,1043,"Sunday, June 1, 2014",501,73
18,1043,"Sunday, June 1, 2014",20001,88
18,1043,"Sunday, June 1, 2014",56,84
18,1043,"Sunday, June 1, 2014",66002,81
18,1043,"Sunday, June 1, 2014",46001,66
18,1043,"Sunday, June 1, 2014",15937,83
18,1043,"Sunday, June 1, 2014",20001,62
18,1043,"Sunday, June 1, 2014",57001,85
18,1043,"Sunday, June 1, 2014",71,79
18,1043,"Sunday, June 1, 2014",40003,62
18,1043,"Sunday, June 1, 2014",71,82
18,1043,"Sunday, June 1, 2014",501,76
18,1043,"Sunday, June 1, 2014",116,63
18,1043,"Sunday, June 1, 2014",15937,70
18,1043,"Sunday, June 1, 2014",62356,69
18,1043,"Sunday, June 1, 2014",20001,68
18,1043,"Sunday, June 1, 2014",42223,77
18,1043,"Sunday, June 1, 2014",63005,62
18,1043,"Sunday, June 1, 2014",59,78
18,1043,"Sunday, June 1, 2014",24701,73
18,1043,"Sunday, June 1, 2014",2801,63
18,1043,"Sunday, June 1, 2014",63,87
18,1043,"Sunday, June 1, 2014",41,82
18,1043,"Sunday, June 1, 2014",56,86
11,1043,"Friday, November 1, 2013",71,72
11,1043,"Friday, November 1, 2013",62356,88
11,1043,"Friday, November 1, 2013",42223,72
11,1043,"Friday, November 1, 2013",2801,68
11,1043,"Friday, November 1, 2013",50001,69
11,1043,"Friday, November 1, 2013",27,81
11,1043,"Friday, November 1, 2013",188,70
11,1043,"Friday, November 1, 2013",84,70
11,1043,"Friday, November 1, 2013",116,87
11,1043,"Friday, November 1, 2013",62356,81
11,1043,"Friday, November 1, 2013",63,60
11,1043,"Friday, November 1, 2013",116,68
11,1043,"Friday, November 1, 2013",27,67
11,1043,"Friday, November 1, 2013",88901,90
11,1043,"Friday, November 1, 2013",6001,61
11,1043,"Friday, November 1, 2013",6001,82
11,1043,"Friday, November 1, 2013",62356,78
11,1043,"Friday, November 1, 2013",27,85
11,1043,"Friday, November 1, 2013",7001,86
11,1043,"Friday, November 1, 2013",72,75
11,1043,"Friday, November 1, 2013",29001,81
11,1043,"Friday, November 1, 2013",188,89
11,1043,"Friday, November 1, 2013",5101,74
11,1043,"Friday, November 1, 2013",42223,73
11,1043,"Friday, November 1, 2013",63,66
11,1043,"Friday, November 1, 2013",20058,86
11,1043,"Friday, November 1, 2013",15937,67
11,1043,"Friday, November 1, 2013",43001,82
11,1043,"Friday, November 1, 2013",56,77
11,1043,"Friday, November 1, 2013",59,64
11,1043,"Friday, November 1, 2013",27,71
11,1043,"Friday, November 1, 2013",46001,62
11,1043,"Friday, November 1, 2013",501,82
11,1043,"Friday, November 1, 2013",158,67
11,1043,"Friday, November 1, 2013",6001,75
11,1043,"Friday, November 1, 2013",2801,88
11,1043,"Friday, November 1, 2013",58001,78
11,1043,"Friday, November 1, 2013",2801,90
11,1043,"Friday, November 1, 2013",116,66
11,1043,"Friday, November 1, 2013",20058,71
11,1043,"Friday, November 1, 2013",20041,83
11,1043,"Friday, November 1, 2013",84,88
11,1043,"Friday, November 1, 2013",7001,80
11,1043,"Friday, November 1, 2013",48001,79
11,1043,"Friday, November 1, 2013",62356,79
11,1043,"Friday, November 1, 2013",20058,79
11,1043,"Friday, November 1, 2013",63,74
11,1043,"Friday, November 1, 2013",27,74
11,1043,"Friday, November 1, 2013",71,74
11,1043,"Friday, November 1, 2013",38848,66
11,1043,"Friday, November 1, 2013",41,65
11,1043,"Friday, November 1, 2013",84,66
11,1043,"Friday, November 1, 2013",59,88
11,1043,"Friday, November 1, 2013",43001,84
11,1043,"Friday, November 1, 2013",38848,63
11,1043,"Friday, November 1, 2013",35004,88
11,1043,"Friday, November 1, 2013",3033,82
11,1043,"Friday, November 1, 2013",59,61
11,1043,"Friday, November 1, 2013",59,74
11,1043,"Friday, November 1, 2013",20041,61
11,1043,"Friday, November 1, 2013",82001,89
11,1043,"Friday, November 1, 2013",63005,83
11,1043,"Friday, November 1, 2013",64,65
11,1043,"Friday, November 1, 2013",7001,81
11,1043,"Friday, November 1, 2013",84,70
11,1043,"Friday, November 1, 2013",41,81
11,1043,"Friday, November 1, 2013",64,87
11,1043,"Friday, November 1, 2013",1,75
11,1043,"Friday, November 1, 2013",27,66
11,1043,"Friday, November 1, 2013",116,60
11,1043,"Friday, November 1, 2013",20058,62
11,1043,"Friday, November 1, 2013",64,60
11,1043,"Friday, November 1, 2013",42223,62
11,1043,"Friday, November 1, 2013",3033,64
11,1043,"Friday, November 1, 2013",68001,65
11,1043,"Friday, November 1, 2013",35004,81
11,1043,"Friday, November 1, 2013",62356,60
15,1043,"Saturday, March 1, 2014",68001,84
15,1043,"Saturday, March 1, 2014",7001,65
15,1043,"Saturday, March 1, 2014",82001,88
15,1043,"Saturday, March 1, 2014",62356,88
15,1043,"Saturday, March 1, 2014",7001,87
15,1043,"Saturday, March 1, 2014",84,86
15,1043,"Saturday, March 1, 2014",64,67
15,1043,"Saturday, March 1, 2014",20058,61
15,1043,"Saturday, March 1, 2014",35004,88
15,1043,"Saturday, March 1, 2014",7001,80
15,1043,"Saturday, March 1, 2014",1,65
15,1043,"Saturday, March 1, 2014",71601,67
15,1043,"Saturday, March 1, 2014",40003,61
15,1043,"Saturday, March 1, 2014",43001,79
15,1043,"Saturday, March 1, 2014",501,80
15,1043,"Saturday, March 1, 2014",12,85
15,1043,"Saturday, March 1, 2014",53001,73
15,1043,"Saturday, March 1, 2014",43001,74
15,1043,"Saturday, March 1, 2014",24701,88
15,1043,"Saturday, March 1, 2014",24701,87
15,1043,"Saturday, March 1, 2014",39813,74
15,1043,"Saturday, March 1, 2014",40003,80
15,1043,"Saturday, March 1, 2014",38848,81
15,1043,"Saturday, March 1, 2014",20001,72
15,1043,"Saturday, March 1, 2014",20041,76
15,1043,"Saturday, March 1, 2014",501,64
15,1043,"Saturday, March 1, 2014",50001,69
15,1043,"Saturday, March 1, 2014",72,86
15,1043,"Saturday, March 1, 2014",15937,60
15,1043,"Saturday, March 1, 2014",7001,79
15,1043,"Saturday, March 1, 2014",53001,87
15,1043,"Saturday, March 1, 2014",53001,82
15,1043,"Saturday, March 1, 2014",56,79
15,1043,"Saturday, March 1, 2014",29001,69
15,1043,"Saturday, March 1, 2014",12,76
15,1043,"Saturday, March 1, 2014",48001,77
15,1043,"Saturday, March 1, 2014",71,84
15,1043,"Saturday, March 1, 2014",68001,86
15,1043,"Saturday, March 1, 2014",35004,70
15,1043,"Saturday, March 1, 2014",3033,78
15,1043,"Saturday, March 1, 2014",7001,90
15,1043,"Saturday, March 1, 2014",67,89
15,1043,"Saturday, March 1, 2014",12,75
15,1043,"Saturday, March 1, 2014",15937,72
15,1043,"Saturday, March 1, 2014",20041,64
15,1043,"Saturday, March 1, 2014",58001,60
15,1043,"Saturday, March 1, 2014",5101,76
15,1043,"Saturday, March 1, 2014",39813,85
15,1043,"Saturday, March 1, 2014",88901,84
15,1043,"Saturday, March 1, 2014",14,64
15,1043,"Saturday, March 1, 2014",29001,82
15,1043,"Saturday, March 1, 2014",7001,61
15,1043,"Saturday, March 1, 2014",43001,64
15,1043,"Saturday, March 1, 2014",68,87
15,1043,"Saturday, March 1, 2014",39813,79
15,1043,"Saturday, March 1, 2014",53001,78
15,1043,"Saturday, March 1, 2014",88901,62
15,1043,"Saturday, March 1, 2014",38848,90
15,1043,"Saturday, March 1, 2014",46001,82
15,1043,"Saturday, March 1, 2014",35004,65
15,1043,"Saturday, March 1, 2014",88901,70
15,1043,"Saturday, March 1, 2014",38848,61
15,1043,"Saturday, March 1, 2014",67,71
15,1043,"Saturday, March 1, 2014",39813,82
15,1043,"Saturday, March 1, 2014",1,80
15,1043,"Saturday, March 1, 2014",27,81
15,1043,"Saturday, March 1, 2014",20058,73
15,1043,"Saturday, March 1, 2014",58001,85
15,1043,"Saturday, March 1, 2014",40003,73
15,1043,"Saturday, March 1, 2014",48001,62
15,1043,"Saturday, March 1, 2014",24701,72
15,1043,"Saturday, March 1, 2014",62356,61
15,1043,"Saturday, March 1, 2014",5101,65
15,1043,"Saturday, March 1, 2014",41,78
15,1043,"Saturday, March 1, 2014",43001,61
15,1043,"Saturday, March 1, 2014",19701,83
15,1043,"Saturday, March 1, 2014",66002,64
15,1043,"Saturday, March 1, 2014",68001,75
15,1043,"Saturday, March 1, 2014",116,75
15,1043,"Saturday, March 1, 2014",39813,87
15,1043,"Saturday, March 1, 2014",42223,84
15,1043,"Saturday, March 1, 2014",35004,90
23,1043,"Saturday, November 1, 2014",24701,82
23,1043,"Saturday, November 1, 2014",38848,82
23,1043,"Saturday, November 1, 2014",39813,64
23,1043,"Saturday, November 1, 2014",2801,70
23,1043,"Saturday, November 1, 2014",20041,64
23,1043,"Saturday, November 1, 2014",59,70
23,1043,"Saturday, November 1, 2014",5101,73
23,1043,"Saturday, November 1, 2014",67,71
23,1043,"Saturday, November 1, 2014",29001,73
23,1043,"Saturday, November 1, 2014",5101,82
23,1043,"Saturday, November 1, 2014",41,61
23,1043,"Saturday, November 1, 2014",501,83
23,1043,"Saturday, November 1, 2014",68,90
23,1043,"Saturday, November 1, 2014",35004,75
23,1043,"Saturday, November 1, 2014",5101,74
23,1043,"Saturday, November 1, 2014",71,69
23,1043,"Saturday, November 1, 2014",116,79
23,1043,"Saturday, November 1, 2014",40003,64
23,1043,"Saturday, November 1, 2014",43001,70
23,1043,"Saturday, November 1, 2014",72,72
23,1043,"Saturday, November 1, 2014",68,66
23,1043,"Saturday, November 1, 2014",6001,90
23,1043,"Saturday, November 1, 2014",88901,83
23,1043,"Saturday, November 1, 2014",7001,87
23,1043,"Saturday, November 1, 2014",14,84
23,1043,"Saturday, November 1, 2014",50001,61
23,1043,"Saturday, November 1, 2014",68001,86
23,1043,"Saturday, November 1, 2014",1,63
23,1043,"Saturday, November 1, 2014",1,78
23,1043,"Saturday, November 1, 2014",68,85
23,1043,"Saturday, November 1, 2014",2801,66
23,1043,"Saturday, November 1, 2014",82001,73
23,1043,"Saturday, November 1, 2014",63005,90
23,1043,"Saturday, November 1, 2014",6001,71
23,1043,"Saturday, November 1, 2014",43001,68
23,1043,"Saturday, November 1, 2014",71,71
23,1043,"Saturday, November 1, 2014",40003,73
23,1043,"Saturday, November 1, 2014",24701,76
23,1043,"Saturday, November 1, 2014",66002,81
23,1043,"Saturday, November 1, 2014",46001,76
23,1043,"Saturday, November 1, 2014",56,75
23,1043,"Saturday, November 1, 2014",59,75
23,1043,"Saturday, November 1, 2014",2801,63
23,1043,"Saturday, November 1, 2014",42223,72
23,1043,"Saturday, November 1, 2014",39813,74
23,1043,"Saturday, November 1, 2014",53001,86
23,1043,"Saturday, November 1, 2014",67,65
23,1043,"Saturday, November 1, 2014",53001,70
23,1043,"Saturday, November 1, 2014",67,77
23,1043,"Saturday, November 1, 2014",71,79
23,1043,"Saturday, November 1, 2014",2801,78
23,1043,"Saturday, November 1, 2014",158,77
23,1043,"Saturday, November 1, 2014",63005,62
23,1043,"Saturday, November 1, 2014",158,62
23,1043,"Saturday, November 1, 2014",71601,81
23,1043,"Saturday, November 1, 2014",68001,70
23,1043,"Saturday, November 1, 2014",20041,80
23,1043,"Saturday, November 1, 2014",15937,63
23,1043,"Saturday, November 1, 2014",19701,89
23,1043,"Saturday, November 1, 2014",63005,70
23,1043,"Saturday, November 1, 2014",66002,70
23,1043,"Saturday, November 1, 2014",63005,68
23,1043,"Saturday, November 1, 2014",58001,68
23,1043,"Saturday, November 1, 2014",19701,86
23,1043,"Saturday, November 1, 2014",63,83
23,1043,"Saturday, November 1, 2014",66002,68
23,1043,"Saturday, November 1, 2014",71,70
23,1043,"Saturday, November 1, 2014",29001,86
23,1043,"Saturday, November 1, 2014",42223,78
23,1043,"Saturday, November 1, 2014",72,84
23,1043,"Saturday, November 1, 2014",67,86
23,1043,"Saturday, November 1, 2014",20041,68
23,1043,"Saturday, November 1, 2014",48001,83
23,1043,"Saturday, November 1, 2014",67,63
23,1043,"Saturday, November 1, 2014",6001,76
23,1043,"Saturday, November 1, 2014",63005,74
23,1043,"Saturday, November 1, 2014",46001,73
23,1043,"Saturday, November 1, 2014",68001,79
23,1043,"Saturday, November 1, 2014",41,74
23,1043,"Saturday, November 1, 2014",39813,80
23,1043,"Saturday, November 1, 2014",53001,84
23,1043,"Saturday, November 1, 2014",58001,63
23,1043,"Saturday, November 1, 2014",67,84
23,1043,"Saturday, November 1, 2014",48001,75
23,1043,"Saturday, November 1, 2014",2801,83
13,1043,"Wednesday, January 1, 2014",40003,82
13,1043,"Wednesday, January 1, 2014",116,74
13,1043,"Wednesday, January 1, 2014",62356,69
13,1043,"Wednesday, January 1, 2014",84,75
13,1043,"Wednesday, January 1, 2014",64,70
13,1043,"Wednesday, January 1, 2014",62356,64
13,1043,"Wednesday, January 1, 2014",158,61
13,1043,"Wednesday, January 1, 2014",82001,73
13,1043,"Wednesday, January 1, 2014",116,87
13,1043,"Wednesday, January 1, 2014",56,61
13,1043,"Wednesday, January 1, 2014",20041,78
13,1043,"Wednesday, January 1, 2014",67,73
13,1043,"Wednesday, January 1, 2014",1,86
13,1043,"Wednesday, January 1, 2014",3033,77
13,1043,"Wednesday, January 1, 2014",41,76
13,1043,"Wednesday, January 1, 2014",63,70
13,1043,"Wednesday, January 1, 2014",68001,86
13,1043,"Wednesday, January 1, 2014",27,63
13,1043,"Wednesday, January 1, 2014",24701,67
13,1043,"Wednesday, January 1, 2014",68,76
13,1043,"Wednesday, January 1, 2014",24701,79
13,1043,"Wednesday, January 1, 2014",20041,82
13,1043,"Wednesday, January 1, 2014",38848,73
13,1043,"Wednesday, January 1, 2014",1,73
13,1043,"Wednesday, January 1, 2014",63,68
13,1043,"Wednesday, January 1, 2014",158,78
13,1043,"Wednesday, January 1, 2014",84,89
13,1043,"Wednesday, January 1, 2014",29001,60
13,1043,"Wednesday, January 1, 2014",82001,63
13,1043,"Wednesday, January 1, 2014",24701,63
13,1043,"Wednesday, January 1, 2014",20041,65
13,1043,"Wednesday, January 1, 2014",6001,80
13,1043,"Wednesday, January 1, 2014",88901,84
13,1043,"Wednesday, January 1, 2014",116,81
13,1043,"Wednesday, January 1, 2014",59,75
13,1043,"Wednesday, January 1, 2014",67,60
13,1043,"Wednesday, January 1, 2014",48001,73
13,1043,"Wednesday, January 1, 2014",42223,88
13,1043,"Wednesday, January 1, 2014",59,85
13,1043,"Wednesday, January 1, 2014",20001,71
13,1043,"Wednesday, January 1, 2014",50001,71
13,1043,"Wednesday, January 1, 2014",84,71
13,1043,"Wednesday, January 1, 2014",6001,74
13,1043,"Wednesday, January 1, 2014",501,75
13,1043,"Wednesday, January 1, 2014",88901,86
13,1043,"Wednesday, January 1, 2014",63005,86
13,1043,"Wednesday, January 1, 2014",53001,84
13,1043,"Wednesday, January 1, 2014",2801,63
13,1043,"Wednesday, January 1, 2014",71601,82
13,1043,"Wednesday, January 1, 2014",42223,65
13,1043,"Wednesday, January 1, 2014",50001,71
13,1043,"Wednesday, January 1, 2014",63005,88
13,1043,"Wednesday, January 1, 2014",19701,76
13,1043,"Wednesday, January 1, 2014",39813,76
13,1043,"Wednesday, January 1, 2014",5101,80
13,1043,"Wednesday, January 1, 2014",82001,63
13,1043,"Wednesday, January 1, 2014",27,72
13,1043,"Wednesday, January 1, 2014",71601,76
13,1043,"Wednesday, January 1, 2014",501,81
13,1043,"Wednesday, January 1, 2014",82001,87
13,1043,"Wednesday, January 1, 2014",188,77
13,1043,"Wednesday, January 1, 2014",67,81
13,1043,"Wednesday, January 1, 2014",15937,77
13,1043,"Wednesday, January 1, 2014",188,70
13,1043,"Wednesday, January 1, 2014",35004,78
13,1043,"Wednesday, January 1, 2014",19701,76
13,1043,"Wednesday, January 1, 2014",35004,68
13,1043,"Wednesday, January 1, 2014",56,86
13,1043,"Wednesday, January 1, 2014",84,71
13,1043,"Wednesday, January 1, 2014",20041,60
13,1043,"Wednesday, January 1, 2014",41,70
13,1043,"Wednesday, January 1, 2014",63,73
13,1043,"Wednesday, January 1, 2014",48001,79
13,1043,"Wednesday, January 1, 2014",84,78
13,1043,"Wednesday, January 1, 2014",20001,63
13,1043,"Wednesday, January 1, 2014",43001,85
13,1043,"Wednesday, January 1, 2014",15937,75
13,1043,"Wednesday, January 1, 2014",66002,60
13,1043,"Wednesday, January 1, 2014",39813,89
13,1043,"Wednesday, January 1, 2014",41,66
13,1043,"Wednesday, January 1, 2014",38848,87
13,1043,"Wednesday, January 1, 2014",14,67
13,1043,"Wednesday, January 1, 2014",67,66
13,1043,"Wednesday, January 1, 2014",3033,64
13,1043,"Wednesday, January 1, 2014",72,71
13,1043,"Wednesday, January 1, 2014",50001,70
13,1043,"Wednesday, January 1, 2014",43001,62
9,1043,"Sunday, September 1, 2013",72,66
9,1043,"Sunday, September 1, 2013",20058,77
9,1043,"Sunday, September 1, 2013",38848,84
9,1043,"Sunday, September 1, 2013",188,66
9,1043,"Sunday, September 1, 2013",82001,73
9,1043,"Sunday, September 1, 2013",71,63
9,1043,"Sunday, September 1, 2013",12,68
9,1043,"Sunday, September 1, 2013",41,66
9,1043,"Sunday, September 1, 2013",40003,64
9,1043,"Sunday, September 1, 2013",19701,68
9,1043,"Sunday, September 1, 2013",35004,66
9,1043,"Sunday, September 1, 2013",67,70
9,1043,"Sunday, September 1, 2013",3033,90
9,1043,"Sunday, September 1, 2013",68001,77
9,1043,"Sunday, September 1, 2013",88901,75
9,1043,"Sunday, September 1, 2013",116,68
9,1043,"Sunday, September 1, 2013",56,66
9,1043,"Sunday, September 1, 2013",82001,68
9,1043,"Sunday, September 1, 2013",14,67
9,1043,"Sunday, September 1, 2013",27,63
9,1043,"Sunday, September 1, 2013",56,90
9,1043,"Sunday, September 1, 2013",64,81
9,1043,"Sunday, September 1, 2013",63005,88
9,1043,"Sunday, September 1, 2013",68001,84
9,1043,"Sunday, September 1, 2013",35004,76
9,1043,"Sunday, September 1, 2013",19701,85
9,1043,"Sunday, September 1, 2013",20001,85
9,1043,"Sunday, September 1, 2013",5101,85
9,1043,"Sunday, September 1, 2013",71601,84
9,1043,"Sunday, September 1, 2013",71601,83
9,1043,"Sunday, September 1, 2013",72,73
9,1043,"Sunday, September 1, 2013",63005,68
9,1043,"Sunday, September 1, 2013",59,60
9,1043,"Sunday, September 1, 2013",35004,71
9,1043,"Sunday, September 1, 2013",501,89
9,1043,"Sunday, September 1, 2013",27,75
9,1043,"Sunday, September 1, 2013",5101,70
9,1043,"Sunday, September 1, 2013",20001,73
9,1043,"Sunday, September 1, 2013",19701,67
9,1043,"Sunday, September 1, 2013",20001,62
9,1043,"Sunday, September 1, 2013",59,89
9,1043,"Sunday, September 1, 2013",20041,70
9,1043,"Sunday, September 1, 2013",71,85
9,1043,"Sunday, September 1, 2013",56,70
9,1043,"Sunday, September 1, 2013",38848,87
9,1043,"Sunday, September 1, 2013",72,64
9,1043,"Sunday, September 1, 2013",50001,67
9,1043,"Sunday, September 1, 2013",68001,76
9,1043,"Sunday, September 1, 2013",64,75
9,1043,"Sunday, September 1, 2013",29001,72
9,1043,"Sunday, September 1, 2013",72,81
9,1043,"Sunday, September 1, 2013",40003,67
9,1043,"Sunday, September 1, 2013",82001,88
9,1043,"Sunday, September 1, 2013",68001,74
9,1043,"Sunday, September 1, 2013",63,61
9,1043,"Sunday, September 1, 2013",35004,80
9,1043,"Sunday, September 1, 2013",62356,87
9,1043,"Sunday, September 1, 2013",62356,87
9,1043,"Sunday, September 1, 2013",43001,90
9,1043,"Sunday, September 1, 2013",66002,67
9,1043,"Sunday, September 1, 2013",501,77
9,1043,"Sunday, September 1, 2013",42223,84
9,1043,"Sunday, September 1, 2013",88901,84
9,1043,"Sunday, September 1, 2013",48001,85
9,1043,"Sunday, September 1, 2013",116,73
9,1043,"Sunday, September 1, 2013",35004,68
9,1043,"Sunday, September 1, 2013",66002,67
9,1043,"Sunday, September 1, 2013",6001,68
9,1043,"Sunday, September 1, 2013",43001,75
9,1043,"Sunday, September 1, 2013",40003,66
9,1043,"Sunday, September 1, 2013",84,87
9,1043,"Sunday, September 1, 2013",71601,64
9,1043,"Sunday, September 1, 2013",40003,62
9,1043,"Sunday, September 1, 2013",82001,71
9,1043,"Sunday, September 1, 2013",20058,70
9,1043,"Sunday, September 1, 2013",29001,67
9,1043,"Sunday, September 1, 2013",67,80
9,1043,"Sunday, September 1, 2013",40003,89
9,1043,"Sunday, September 1, 2013",35004,62
9,1043,"Sunday, September 1, 2013",59,79
9,1043,"Sunday, September 1, 2013",56,90
9,1043,"Sunday, September 1, 2013",57001,79
9,1043,"Sunday, September 1, 2013",59,75
9,1043,"Sunday, September 1, 2013",67,88
9,1043,"Sunday, September 1, 2013",63005,67
9,1043,"Sunday, September 1, 2013",72,73
9,1043,"Sunday, September 1, 2013",84,90
9,1043,"Sunday, September 1, 2013",5101,86
9,1043,"Sunday, September 1, 2013",15937,84
17,1043,"Thursday, May 1, 2014",58001,73
17,1043,"Thursday, May 1, 2014",24701,88
17,1043,"Thursday, May 1, 2014",66002,82
17,1043,"Thursday, May 1, 2014",7001,74
17,1043,"Thursday, May 1, 2014",29001,81
17,1043,"Thursday, May 1, 2014",71,64
17,1043,"Thursday, May 1, 2014",35004,64
17,1043,"Thursday, May 1, 2014",20041,69
17,1043,"Thursday, May 1, 2014",68001,68
17,1043,"Thursday, May 1, 2014",72,85
17,1043,"Thursday, May 1, 2014",20041,67
17,1043,"Thursday, May 1, 2014",5101,67
17,1043,"Thursday, May 1, 2014",27,64
17,1043,"Thursday, May 1, 2014",68001,77
17,1043,"Thursday, May 1, 2014",35004,73
17,1043,"Thursday, May 1, 2014",1,84
17,1043,"Thursday, May 1, 2014",82001,79
17,1043,"Thursday, May 1, 2014",38848,65
17,1043,"Thursday, May 1, 2014",71,89
17,1043,"Thursday, May 1, 2014",42223,80
17,1043,"Thursday, May 1, 2014",116,82
17,1043,"Thursday, May 1, 2014",56,65
17,1043,"Thursday, May 1, 2014",158,61
17,1043,"Thursday, May 1, 2014",71,78
17,1043,"Thursday, May 1, 2014",50001,66
17,1043,"Thursday, May 1, 2014",39813,68
17,1043,"Thursday, May 1, 2014",72,83
17,1043,"Thursday, May 1, 2014",71601,67
17,1043,"Thursday, May 1, 2014",20041,67
17,1043,"Thursday, May 1, 2014",2801,80
17,1043,"Thursday, May 1, 2014",15937,64
17,1043,"Thursday, May 1, 2014",68,65
17,1043,"Thursday, May 1, 2014",19701,62
17,1043,"Thursday, May 1, 2014",7001,73
17,1043,"Thursday, May 1, 2014",501,64
17,1043,"Thursday, May 1, 2014",57001,62
17,1043,"Thursday, May 1, 2014",7001,75
17,1043,"Thursday, May 1, 2014",3033,71
17,1043,"Thursday, May 1, 2014",14,63
17,1043,"Thursday, May 1, 2014",72,84
17,1043,"Thursday, May 1, 2014",62356,78
17,1043,"Thursday, May 1, 2014",3033,62
17,1043,"Thursday, May 1, 2014",63,85
17,1043,"Thursday, May 1, 2014",12,90
17,1043,"Thursday, May 1, 2014",71601,72
17,1043,"Thursday, May 1, 2014",59,72
17,1043,"Thursday, May 1, 2014",82001,85
17,1043,"Thursday, May 1, 2014",20041,65
17,1043,"Thursday, May 1, 2014",35004,84
17,1043,"Thursday, May 1, 2014",43001,69
17,1043,"Thursday, May 1, 2014",39813,62
17,1043,"Thursday, May 1, 2014",58001,76
17,1043,"Thursday, May 1, 2014",27,89
17,1043,"Thursday, May 1, 2014",72,71
17,1043,"Thursday, May 1, 2014",5101,88
17,1043,"Thursday, May 1, 2014",64,81
17,1043,"Thursday, May 1, 2014",41,80
17,1043,"Thursday, May 1, 2014",88901,80
17,1043,"Thursday, May 1, 2014",59,74
17,1043,"Thursday, May 1, 2014",50001,72
17,1043,"Thursday, May 1, 2014",7001,73
17,1043,"Thursday, May 1, 2014",84,63
17,1043,"Thursday, May 1, 2014",27,71
17,1043,"Thursday, May 1, 2014",35004,68
17,1043,"Thursday, May 1, 2014",53001,86
17,1043,"Thursday, May 1, 2014",20058,62
17,1043,"Thursday, May 1, 2014",38848,67
17,1043,"Thursday, May 1, 2014",15937,81
17,1043,"Thursday, May 1, 2014",24701,71
17,1043,"Thursday, May 1, 2014",35004,86
17,1043,"Thursday, May 1, 2014",20001,72
17,1043,"Thursday, May 1, 2014",20041,76
17,1043,"Thursday, May 1, 2014",48001,71
17,1043,"Thursday, May 1, 2014",71601,84
17,1043,"Thursday, May 1, 2014",41,76
17,1043,"Thursday, May 1, 2014",72,86
17,1043,"Thursday, May 1, 2014",48001,66
17,1043,"Thursday, May 1, 2014",88901,75
17,1043,"Thursday, May 1, 2014",3033,63
17,1043,"Thursday, May 1, 2014",64,73
17,1043,"Thursday, May 1, 2014",20001,82
17,1043,"Thursday, May 1, 2014",68,75
17,1043,"Thursday, May 1, 2014",12,70
17,1043,"Thursday, May 1, 2014",5101,63
17,1043,"Thursday, May 1, 2014",6001,62
17,1043,"Thursday, May 1, 2014",5101,88
17,1043,"Thursday, May 1, 2014",59,69
17,1043,"Thursday, May 1, 2014",188,79
14,1043,"Saturday, February 1, 2014",116,62
14,1043,"Saturday, February 1, 2014",43001,65
14,1043,"Saturday, February 1, 2014",24701,61
14,1043,"Saturday, February 1, 2014",71601,77
14,1043,"Saturday, February 1, 2014",62356,66
14,1043,"Saturday, February 1, 2014",35004,60
14,1043,"Saturday, February 1, 2014",38848,75
14,1043,"Saturday, February 1, 2014",19701,88
14,1043,"Saturday, February 1, 2014",41,79
14,1043,"Saturday, February 1, 2014",57001,87
14,1043,"Saturday, February 1, 2014",68001,67
14,1043,"Saturday, February 1, 2014",35004,79
14,1043,"Saturday, February 1, 2014",68001,77
14,1043,"Saturday, February 1, 2014",72,75
14,1043,"Saturday, February 1, 2014",42223,66
14,1043,"Saturday, February 1, 2014",56,79
14,1043,"Saturday, February 1, 2014",3033,61
14,1043,"Saturday, February 1, 2014",48001,77
14,1043,"Saturday, February 1, 2014",501,67
14,1043,"Saturday, February 1, 2014",59,77
14,1043,"Saturday, February 1, 2014",14,90
14,1043,"Saturday, February 1, 2014",46001,87
14,1043,"Saturday, February 1, 2014",20041,66
14,1043,"Saturday, February 1, 2014",20041,89
14,1043,"Saturday, February 1, 2014",6001,88
14,1043,"Saturday, February 1, 2014",7001,89
14,1043,"Saturday, February 1, 2014",501,89
14,1043,"Saturday, February 1, 2014",43001,60
14,1043,"Saturday, February 1, 2014",20058,63
14,1043,"Saturday, February 1, 2014",43001,84
14,1043,"Saturday, February 1, 2014",3033,85
14,1043,"Saturday, February 1, 2014",56,81
14,1043,"Saturday, February 1, 2014",15937,70
14,1043,"Saturday, February 1, 2014",12,64
14,1043,"Saturday, February 1, 2014",2801,67
14,1043,"Saturday, February 1, 2014",20041,69
14,1043,"Saturday, February 1, 2014",59,77
14,1043,"Saturday, February 1, 2014",40003,60
14,1043,"Saturday, February 1, 2014",62356,81
14,1043,"Saturday, February 1, 2014",46001,79
14,1043,"Saturday, February 1, 2014",59,78
14,1043,"Saturday, February 1, 2014",29001,60
14,1043,"Saturday, February 1, 2014",64,61
14,1043,"Saturday, February 1, 2014",14,63
14,1043,"Saturday, February 1, 2014",68,75
14,1043,"Saturday, February 1, 2014",158,67
14,1043,"Saturday, February 1, 2014",20041,81
14,1043,"Saturday, February 1, 2014",46001,74
14,1043,"Saturday, February 1, 2014",67,84
14,1043,"Saturday, February 1, 2014",12,71
14,1043,"Saturday, February 1, 2014",1,70
14,1043,"Saturday, February 1, 2014",29001,73
14,1043,"Saturday, February 1, 2014",20058,70
14,1043,"Saturday, February 1, 2014",59,64
14,1043,"Saturday, February 1, 2014",72,79
14,1043,"Saturday, February 1, 2014",20058,90
14,1043,"Saturday, February 1, 2014",501,74
14,1043,"Saturday, February 1, 2014",116,70
14,1043,"Saturday, February 1, 2014",501,74
14,1043,"Saturday, February 1, 2014",20058,87
14,1043,"Saturday, February 1, 2014",20058,89
14,1043,"Saturday, February 1, 2014",1,68
14,1043,"Saturday, February 1, 2014",68001,81
14,1043,"Saturday, February 1, 2014",42223,69
14,1043,"Saturday, February 1, 2014",50001,79
14,1043,"Saturday, February 1, 2014",35004,71
14,1043,"Saturday, February 1, 2014",188,83
14,1043,"Saturday, February 1, 2014",67,63
14,1043,"Saturday, February 1, 2014",14,83
14,1043,"Saturday, February 1, 2014",188,85
14,1043,"Saturday, February 1, 2014",43001,62
14,1043,"Saturday, February 1, 2014",72,68
14,1043,"Saturday, February 1, 2014",15937,65
14,1043,"Saturday, February 1, 2014",19701,65
14,1043,"Saturday, February 1, 2014",12,64
14,1043,"Saturday, February 1, 2014",57001,84
14,1043,"Saturday, February 1, 2014",58001,84
14,1043,"Saturday, February 1, 2014",14,88
14,1043,"Saturday, February 1, 2014",53001,79
14,1043,"Saturday, February 1, 2014",64,75
14,1043,"Saturday, February 1, 2014",20001,67
14,1043,"Saturday, February 1, 2014",68001,81
14,1043,"Saturday, February 1, 2014",35004,80
14,1043,"Saturday, February 1, 2014",64,87
14,1043,"Saturday, February 1, 2014",72,73
14,1043,"Saturday, February 1, 2014",53001,72
14,1043,"Saturday, February 1, 2014",5101,63
14,1043,"Saturday, February 1, 2014",63,64
20,1043,"Friday, August 1, 2014",3033,89
20,1043,"Friday, August 1, 2014",88901,69
20,1043,"Friday, August 1, 2014",3033,66
20,1043,"Friday, August 1, 2014",20041,75
20,1043,"Friday, August 1, 2014",88901,85
20,1043,"Friday, August 1, 2014",43001,88
20,1043,"Friday, August 1, 2014",116,86
20,1043,"Friday, August 1, 2014",43001,77
20,1043,"Friday, August 1, 2014",2801,89
20,1043,"Friday, August 1, 2014",82001,83
20,1043,"Friday, August 1, 2014",50001,86
20,1043,"Friday, August 1, 2014",43001,81
20,1043,"Friday, August 1, 2014",42223,65
20,1043,"Friday, August 1, 2014",20058,82
20,1043,"Friday, August 1, 2014",20041,72
20,1043,"Friday, August 1, 2014",88901,62
20,1043,"Friday, August 1, 2014",71601,66
20,1043,"Friday, August 1, 2014",82001,69
20,1043,"Friday, August 1, 2014",66002,89
20,1043,"Friday, August 1, 2014",57001,68
20,1043,"Friday, August 1, 2014",72,87
20,1043,"Friday, August 1, 2014",501,89
20,1043,"Friday, August 1, 2014",3033,77
20,1043,"Friday, August 1, 2014",59,87
20,1043,"Friday, August 1, 2014",19701,88
20,1043,"Friday, August 1, 2014",66002,73
20,1043,"Friday, August 1, 2014",27,66
20,1043,"Friday, August 1, 2014",46001,77
20,1043,"Friday, August 1, 2014",116,88
20,1043,"Friday, August 1, 2014",41,67
20,1043,"Friday, August 1, 2014",40003,78
20,1043,"Friday, August 1, 2014",68,71
20,1043,"Friday, August 1, 2014",50001,78
20,1043,"Friday, August 1, 2014",29001,86
20,1043,"Friday, August 1, 2014",56,78
20,1043,"Friday, August 1, 2014",53001,75
20,1043,"Friday, August 1, 2014",14,61
20,1043,"Friday, August 1, 2014",48001,76
20,1043,"Friday, August 1, 2014",84,86
20,1043,"Friday, August 1, 2014",58001,88
20,1043,"Friday, August 1, 2014",501,61
20,1043,"Friday, August 1, 2014",24701,81
20,1043,"Friday, August 1, 2014",27,72
20,1043,"Friday, August 1, 2014",5101,66
20,1043,"Friday, August 1, 2014",39813,66
20,1043,"Friday, August 1, 2014",56,89
20,1043,"Friday, August 1, 2014",5101,86
20,1043,"Friday, August 1, 2014",72,87
20,1043,"Friday, August 1, 2014",2801,64
20,1043,"Friday, August 1, 2014",67,69
20,1043,"Friday, August 1, 2014",67,74
20,1043,"Friday, August 1, 2014",116,78
20,1043,"Friday, August 1, 2014",15937,72
20,1043,"Friday, August 1, 2014",40003,79
20,1043,"Friday, August 1, 2014",12,73
20,1043,"Friday, August 1, 2014",72,88
20,1043,"Friday, August 1, 2014",5101,63
20,1043,"Friday, August 1, 2014",68001,88
20,1043,"Friday, August 1, 2014",71601,60
20,1043,"Friday, August 1, 2014",39813,73
20,1043,"Friday, August 1, 2014",6001,74
20,1043,"Friday, August 1, 2014",56,74
20,1043,"Friday, August 1, 2014",501,72
20,1043,"Friday, August 1, 2014",53001,66
20,1043,"Friday, August 1, 2014",67,90
20,1043,"Friday, August 1, 2014",56,72
20,1043,"Friday, August 1, 2014",63,79
20,1043,"Friday, August 1, 2014",58001,61
20,1043,"Friday, August 1, 2014",41,79
20,1043,"Friday, August 1, 2014",46001,75
20,1043,"Friday, August 1, 2014",50001,73
20,1043,"Friday, August 1, 2014",5101,68
20,1043,"Friday, August 1, 2014",50001,81
20,1043,"Friday, August 1, 2014",14,77
20,1043,"Friday, August 1, 2014",15937,89
20,1043,"Friday, August 1, 2014",14,67
20,1043,"Friday, August 1, 2014",188,71
20,1043,"Friday, August 1, 2014",188,68
20,1043,"Friday, August 1, 2014",19701,60
20,1043,"Friday, August 1, 2014",15937,75
20,1043,"Friday, August 1, 2014",41,82
20,1043,"Friday, August 1, 2014",82001,78
20,1043,"Friday, August 1, 2014",57001,63
20,1043,"Friday, August 1, 2014",40003,70
20,1043,"Friday, August 1, 2014",188,71
20,1043,"Friday, August 1, 2014",20058,68
20,1043,"Friday, August 1, 2014",48001,69
20,1043,"Friday, August 1, 2014",42223,77
20,1043,"Friday, August 1, 2014",2801,77
24,1043,"Monday, December 1, 2014",39813,82
24,1043,"Monday, December 1, 2014",12,84
24,1043,"Monday, December 1, 2014",71601,82
24,1043,"Monday, December 1, 2014",43001,64
24,1043,"Monday, December 1, 2014",1,79
24,1043,"Monday, December 1, 2014",46001,73
24,1043,"Monday, December 1, 2014",64,63
24,1043,"Monday, December 1, 2014",53001,70
24,1043,"Monday, December 1, 2014",116,89
24,1043,"Monday, December 1, 2014",14,60
24,1043,"Monday, December 1, 2014",71601,62
24,1043,"Monday, December 1, 2014",88901,70
24,1043,"Monday, December 1, 2014",62356,69
24,1043,"Monday, December 1, 2014",29001,75
24,1043,"Monday, December 1, 2014",15937,66
24,1043,"Monday, December 1, 2014",2801,88
24,1043,"Monday, December 1, 2014",40003,64
24,1043,"Monday, December 1, 2014",43001,61
24,1043,"Monday, December 1, 2014",20058,68
24,1043,"Monday, December 1, 2014",29001,69
24,1043,"Monday, December 1, 2014",53001,88
24,1043,"Monday, December 1, 2014",35004,75
24,1043,"Monday, December 1, 2014",19701,63
24,1043,"Monday, December 1, 2014",48001,60
24,1043,"Monday, December 1, 2014",20041,64
24,1043,"Monday, December 1, 2014",20058,77
24,1043,"Monday, December 1, 2014",59,73
24,1043,"Monday, December 1, 2014",27,77
24,1043,"Monday, December 1, 2014",15937,73
24,1043,"Monday, December 1, 2014",63005,68
24,1043,"Monday, December 1, 2014",20001,87
24,1043,"Monday, December 1, 2014",67,69
24,1043,"Monday, December 1, 2014",72,81
24,1043,"Monday, December 1, 2014",19701,66
24,1043,"Monday, December 1, 2014",63005,75
24,1043,"Monday, December 1, 2014",48001,81
24,1043,"Monday, December 1, 2014",7001,86
24,1043,"Monday, December 1, 2014",71601,69
24,1043,"Monday, December 1, 2014",48001,88
24,1043,"Monday, December 1, 2014",188,82
24,1043,"Monday, December 1, 2014",501,75
24,1043,"Monday, December 1, 2014",71601,76
24,1043,"Monday, December 1, 2014",7001,60
24,1043,"Monday, December 1, 2014",41,64
24,1043,"Monday, December 1, 2014",19701,63
24,1043,"Monday, December 1, 2014",64,89
24,1043,"Monday, December 1, 2014",63005,84
24,1043,"Monday, December 1, 2014",43001,63
24,1043,"Monday, December 1, 2014",188,78
24,1043,"Monday, December 1, 2014",41,67
24,1043,"Monday, December 1, 2014",6001,78
24,1043,"Monday, December 1, 2014",2801,66
24,1043,"Monday, December 1, 2014",12,83
24,1043,"Monday, December 1, 2014",62356,76
24,1043,"Monday, December 1, 2014",50001,89
24,1043,"Monday, December 1, 2014",20058,69
24,1043,"Monday, December 1, 2014",116,84
24,1043,"Monday, December 1, 2014",12,90
24,1043,"Monday, December 1, 2014",46001,86
24,1043,"Monday, December 1, 2014",63,88
24,1043,"Monday, December 1, 2014",62356,61
24,1043,"Monday, December 1, 2014",116,74
24,1043,"Monday, December 1, 2014",12,63
24,1043,"Monday, December 1, 2014",19701,78
24,1043,"Monday, December 1, 2014",68001,64
24,1043,"Monday, December 1, 2014",14,85
24,1043,"Monday, December 1, 2014",501,89
24,1043,"Monday, December 1, 2014",20001,74
24,1043,"Monday, December 1, 2014",50001,84
24,1043,"Monday, December 1, 2014",68,85
24,1043,"Monday, December 1, 2014",59,89
24,1043,"Monday, December 1, 2014",63,83
24,1043,"Monday, December 1, 2014",14,80
24,1043,"Monday, December 1, 2014",116,88
24,1043,"Monday, December 1, 2014",20058,74
24,1043,"Monday, December 1, 2014",88901,78
24,1043,"Monday, December 1, 2014",20058,80
24,1043,"Monday, December 1, 2014",71,84
24,1043,"Monday, December 1, 2014",2801,66
24,1043,"Monday, December 1, 2014",1,81
24,1043,"Monday, December 1, 2014",39813,82
24,1043,"Monday, December 1, 2014",88901,87
24,1043,"Monday, December 1, 2014",188,90
24,1043,"Monday, December 1, 2014",501,63
24,1043,"Monday, December 1, 2014",29001,72
24,1043,"Monday, December 1, 2014",58001,86
24,1043,"Monday, December 1, 2014",2801,71
24,1043,"Monday, December 1, 2014",68,62
24,1043,"Monday, December 1, 2014",48001,67
24,1043,"Monday, December 1, 2014",188,83
7,1043,"Monday, July 1, 2013",27,62
7,1043,"Monday, July 1, 2013",63,61
7,1043,"Monday, July 1, 2013",59,61
7,1043,"Monday, July 1, 2013",20041,67
7,1043,"Monday, July 1, 2013",64,67
7,1043,"Monday, July 1, 2013",38848,90
7,1043,"Monday, July 1, 2013",39813,87
7,1043,"Monday, July 1, 2013",62356,70
7,1043,"Monday, July 1, 2013",27,64
7,1043,"Monday, July 1, 2013",35004,80
7,1043,"Monday, July 1, 2013",501,83
7,1043,"Monday, July 1, 2013",88901,83
7,1043,"Monday, July 1, 2013",67,81
7,1043,"Monday, July 1, 2013",56,69
7,1043,"Monday, July 1, 2013",20001,86
7,1043,"Monday, July 1, 2013",62356,90
7,1043,"Monday, July 1, 2013",48001,60
7,1043,"Monday, July 1, 2013",7001,83
7,1043,"Monday, July 1, 2013",5101,87
7,1043,"Monday, July 1, 2013",50001,90
7,1043,"Monday, July 1, 2013",29001,65
7,1043,"Monday, July 1, 2013",15937,71
7,1043,"Monday, July 1, 2013",53001,63
7,1043,"Monday, July 1, 2013",188,73
7,1043,"Monday, July 1, 2013",20058,76
7,1043,"Monday, July 1, 2013",43001,64
7,1043,"Monday, July 1, 2013",71,74
7,1043,"Monday, July 1, 2013",71601,88
7,1043,"Monday, July 1, 2013",40003,65
7,1043,"Monday, July 1, 2013",501,83
7,1043,"Monday, July 1, 2013",6001,80
7,1043,"Monday, July 1, 2013",68001,78
7,1043,"Monday, July 1, 2013",42223,81
7,1043,"Monday, July 1, 2013",12,61
7,1043,"Monday, July 1, 2013",57001,62
7,1043,"Monday, July 1, 2013",71,77
7,1043,"Monday, July 1, 2013",48001,83
7,1043,"Monday, July 1, 2013",64,69
7,1043,"Monday, July 1, 2013",82001,64
7,1043,"Monday, July 1, 2013",48001,74
7,1043,"Monday, July 1, 2013",64,70
7,1043,"Monday, July 1, 2013",68,75
7,1043,"Monday, July 1, 2013",5101,80
7,1043,"Monday, July 1, 2013",84,73
7,1043,"Monday, July 1, 2013",40003,67
7,1043,"Monday, July 1, 2013",50001,69
7,1043,"Monday, July 1, 2013",6001,75
7,1043,"Monday, July 1, 2013",71,66
7,1043,"Monday, July 1, 2013",42223,74
7,1043,"Monday, July 1, 2013",501,90
7,1043,"Monday, July 1, 2013",35004,89
7,1043,"Monday, July 1, 2013",82001,77
7,1043,"Monday, July 1, 2013",64,81
7,1043,"Monday, July 1, 2013",64,72
7,1043,"Monday, July 1, 2013",48001,82
7,1043,"Monday, July 1, 2013",24701,90
7,1043,"Monday, July 1, 2013",88901,64
7,1043,"Monday, July 1, 2013",43001,65
7,1043,"Monday, July 1, 2013",20058,81
7,1043,"Monday, July 1, 2013",40003,86
7,1043,"Monday, July 1, 2013",27,72
7,1043,"Monday, July 1, 2013",3033,88
7,1043,"Monday, July 1, 2013",67,81
7,1043,"Monday, July 1, 2013",20041,63
7,1043,"Monday, July 1, 2013",2801,70
7,1043,"Monday, July 1, 2013",62356,75
7,1043,"Monday, July 1, 2013",82001,80
7,1043,"Monday, July 1, 2013",6001,84
7,1043,"Monday, July 1, 2013",20058,80
7,1043,"Monday, July 1, 2013",58001,88
7,1043,"Monday, July 1, 2013",63005,79
7,1043,"Monday, July 1, 2013",24701,69
7,1043,"Monday, July 1, 2013",24701,85
7,1043,"Monday, July 1, 2013",39813,78
7,1043,"Monday, July 1, 2013",20001,64
7,1043,"Monday, July 1, 2013",20041,90
7,1043,"Monday, July 1, 2013",24701,69
7,1043,"Monday, July 1, 2013",84,71
7,1043,"Monday, July 1, 2013",71601,78
7,1043,"Monday, July 1, 2013",43001,73
7,1043,"Monday, July 1, 2013",14,83
7,1043,"Monday, July 1, 2013",12,74
7,1043,"Monday, July 1, 2013",82001,85
7,1043,"Monday, July 1, 2013",1,81
7,1043,"Monday, July 1, 2013",67,83
7,1043,"Monday, July 1, 2013",20058,90
7,1043,"Monday, July 1, 2013",58001,87
7,1043,"Monday, July 1, 2013",20058,75
7,1043,"Monday, July 1, 2013",71,67
7,1043,"Monday, July 1, 2013",42223,65
7,1043,"Monday, July 1, 2013",84,89
7,1043,"Monday, July 1, 2013",29001,87
12,1043,"Sunday, December 1, 2013",188,90
12,1043,"Sunday, December 1, 2013",50001,61
12,1043,"Sunday, December 1, 2013",29001,84
12,1043,"Sunday, December 1, 2013",29001,67
12,1043,"Sunday, December 1, 2013",64,71
12,1043,"Sunday, December 1, 2013",24701,86
12,1043,"Sunday, December 1, 2013",20001,77
12,1043,"Sunday, December 1, 2013",20001,79
12,1043,"Sunday, December 1, 2013",59,65
12,1043,"Sunday, December 1, 2013",35004,88
12,1043,"Sunday, December 1, 2013",20041,83
12,1043,"Sunday, December 1, 2013",29001,65
12,1043,"Sunday, December 1, 2013",7001,67
12,1043,"Sunday, December 1, 2013",53001,64
12,1043,"Sunday, December 1, 2013",56,77
12,1043,"Sunday, December 1, 2013",2801,71
12,1043,"Sunday, December 1, 2013",68001,61
12,1043,"Sunday, December 1, 2013",84,65
12,1043,"Sunday, December 1, 2013",71601,68
12,1043,"Sunday, December 1, 2013",56,69
12,1043,"Sunday, December 1, 2013",15937,72
12,1043,"Sunday, December 1, 2013",48001,78
12,1043,"Sunday, December 1, 2013",20001,78
12,1043,"Sunday, December 1, 2013",501,77
12,1043,"Sunday, December 1, 2013",116,85
12,1043,"Sunday, December 1, 2013",27,71
12,1043,"Sunday, December 1, 2013",57001,77
12,1043,"Sunday, December 1, 2013",20058,81
12,1043,"Sunday, December 1, 2013",29001,84
12,1043,"Sunday, December 1, 2013",1,84
12,1043,"Sunday, December 1, 2013",63005,67
12,1043,"Sunday, December 1, 2013",12,62
12,1043,"Sunday, December 1, 2013",63005,78
12,1043,"Sunday, December 1, 2013",116,75
12,1043,"Sunday, December 1, 2013",50001,69
12,1043,"Sunday, December 1, 2013",20001,77
12,1043,"Sunday, December 1, 2013",64,61
12,1043,"Sunday, December 1, 2013",63,65
12,1043,"Sunday, December 1, 2013",57001,69
12,1043,"Sunday, December 1, 2013",64,69
12,1043,"Sunday, December 1, 2013",53001,82
12,1043,"Sunday, December 1, 2013",24701,66
12,1043,"Sunday, December 1, 2013",24701,76
12,1043,"Sunday, December 1, 2013",59,76
12,1043,"Sunday, December 1, 2013",58001,82
12,1043,"Sunday, December 1, 2013",40003,79
12,1043,"Sunday, December 1, 2013",68,73
12,1043,"Sunday, December 1, 2013",20001,86
12,1043,"Sunday, December 1, 2013",40003,84
12,1043,"Sunday, December 1, 2013",20058,77
12,1043,"Sunday, December 1, 2013",19701,61
12,1043,"Sunday, December 1, 2013",68,86
12,1043,"Sunday, December 1, 2013",57001,87
12,1043,"Sunday, December 1, 2013",71601,80
12,1043,"Sunday, December 1, 2013",20058,68
12,1043,"Sunday, December 1, 2013",5101,63
12,1043,"Sunday, December 1, 2013",501,63
12,1043,"Sunday, December 1, 2013",46001,62
12,1043,"Sunday, December 1, 2013",501,71
12,1043,"Sunday, December 1, 2013",84,82
12,1043,"Sunday, December 1, 2013",20001,88
12,1043,"Sunday, December 1, 2013",71,74
12,1043,"Sunday, December 1, 2013",41,69
12,1043,"Sunday, December 1, 2013",68001,89
12,1043,"Sunday, December 1, 2013",50001,68
12,1043,"Sunday, December 1, 2013",82001,64
12,1043,"Sunday, December 1, 2013",35004,73
12,1043,"Sunday, December 1, 2013",40003,66
12,1043,"Sunday, December 1, 2013",20058,85
12,1043,"Sunday, December 1, 2013",27,71
12,1043,"Sunday, December 1, 2013",3033,77
12,1043,"Sunday, December 1, 2013",19701,76
12,1043,"Sunday, December 1, 2013",71,71
12,1043,"Sunday, December 1, 2013",27,64
12,1043,"Sunday, December 1, 2013",24701,78
12,1043,"Sunday, December 1, 2013",14,69
12,1043,"Sunday, December 1, 2013",42223,65
12,1043,"Sunday, December 1, 2013",6001,69
12,1043,"Sunday, December 1, 2013",68001,83
12,1043,"Sunday, December 1, 2013",58001,84
12,1043,"Sunday, December 1, 2013",7001,81
12,1043,"Sunday, December 1, 2013",67,63
12,1043,"Sunday, December 1, 2013",88901,86
12,1043,"Sunday, December 1, 2013",59,74
12,1043,"Sunday, December 1, 2013",66002,81
12,1043,"Sunday, December 1, 2013",20041,75
12,1043,"Sunday, December 1, 2013",46001,83
12,1043,"Sunday, December 1, 2013",38848,77
12,1043,"Sunday, December 1, 2013",63,86
12,1043,"Sunday, December 1, 2013",501,69
12,1043,"Sunday, December 1, 2013",71,72
21,1043,"Monday, September 1, 2014",24701,66
21,1043,"Monday, September 1, 2014",27,84
21,1043,"Monday, September 1, 2014",42223,79
21,1043,"Monday, September 1, 2014",2801,73
21,1043,"Monday, September 1, 2014",14,68
21,1043,"Monday, September 1, 2014",46001,81
21,1043,"Monday, September 1, 2014",63,85
21,1043,"Monday, September 1, 2014",43001,65
21,1043,"Monday, September 1, 2014",62356,77
21,1043,"Monday, September 1, 2014",50001,66
21,1043,"Monday, September 1, 2014",12,68
21,1043,"Monday, September 1, 2014",72,73
21,1043,"Monday, September 1, 2014",41,74
21,1043,"Monday, September 1, 2014",19701,84
21,1043,"Monday, September 1, 2014",27,71
21,1043,"Monday, September 1, 2014",57001,80
21,1043,"Monday, September 1, 2014",53001,64
21,1043,"Monday, September 1, 2014",158,84
21,1043,"Monday, September 1, 2014",6001,90
21,1043,"Monday, September 1, 2014",50001,87
21,1043,"Monday, September 1, 2014",62356,64
21,1043,"Monday, September 1, 2014",66002,80
21,1043,"Monday, September 1, 2014",42223,90
21,1043,"Monday, September 1, 2014",88901,76
21,1043,"Monday, September 1, 2014",12,82
21,1043,"Monday, September 1, 2014",19701,90
21,1043,"Monday, September 1, 2014",48001,83
21,1043,"Monday, September 1, 2014",46001,69
21,1043,"Monday, September 1, 2014",12,87
21,1043,"Monday, September 1, 2014",59,82
21,1043,"Monday, September 1, 2014",48001,69
21,1043,"Monday, September 1, 2014",88901,62
21,1043,"Monday, September 1, 2014",50001,84
21,1043,"Monday, September 1, 2014",68,69
21,1043,"Monday, September 1, 2014",43001,68
21,1043,"Monday, September 1, 2014",48001,62
21,1043,"Monday, September 1, 2014",88901,85
21,1043,"Monday, September 1, 2014",1,67
21,1043,"Monday, September 1, 2014",29001,88
21,1043,"Monday, September 1, 2014",46001,62
21,1043,"Monday, September 1, 2014",63,71
21,1043,"Monday, September 1, 2014",19701,69
21,1043,"Monday, September 1, 2014",68,89
21,1043,"Monday, September 1, 2014",58001,72
21,1043,"Monday, September 1, 2014",57001,85
21,1043,"Monday, September 1, 2014",50001,82
21,1043,"Monday, September 1, 2014",188,66
21,1043,"Monday, September 1, 2014",38848,66
21,1043,"Monday, September 1, 2014",6001,63
21,1043,"Monday, September 1, 2014",88901,81
21,1043,"Monday, September 1, 2014",20058,86
21,1043,"Monday, September 1, 2014",58001,68
21,1043,"Monday, September 1, 2014",15937,65
21,1043,"Monday, September 1, 2014",6001,84
21,1043,"Monday, September 1, 2014",35004,67
21,1043,"Monday, September 1, 2014",20001,68
21,1043,"Monday, September 1, 2014",3033,88
21,1043,"Monday, September 1, 2014",2801,82
21,1043,"Monday, September 1, 2014",72,65
21,1043,"Monday, September 1, 2014",24701,87
21,1043,"Monday, September 1, 2014",116,66
21,1043,"Monday, September 1, 2014",64,64
21,1043,"Monday, September 1, 2014",2801,71
21,1043,"Monday, September 1, 2014",20041,81
21,1043,"Monday, September 1, 2014",68001,72
21,1043,"Monday, September 1, 2014",39813,62
21,1043,"Monday, September 1, 2014",20041,76
21,1043,"Monday, September 1, 2014",82001,86
21,1043,"Monday, September 1, 2014",58001,64
21,1043,"Monday, September 1, 2014",15937,87
21,1043,"Monday, September 1, 2014",6001,82
21,1043,"Monday, September 1, 2014",12,88
21,1043,"Monday, September 1, 2014",67,66
21,1043,"Monday, September 1, 2014",39813,86
21,1043,"Monday, September 1, 2014",59,73
21,1043,"Monday, September 1, 2014",66002,77
21,1043,"Monday, September 1, 2014",58001,64
21,1043,"Monday, September 1, 2014",20001,89
21,1043,"Monday, September 1, 2014",66002,76
21,1043,"Monday, September 1, 2014",62356,84
21,1043,"Monday, September 1, 2014",116,73
21,1043,"Monday, September 1, 2014",20041,74
21,1043,"Monday, September 1, 2014",58001,71
21,1043,"Monday, September 1, 2014",14,64
21,1043,"Monday, September 1, 2014",56,81
21,1043,"Monday, September 1, 2014",27,61
21,1043,"Monday, September 1, 2014",42223,71
21,1043,"Monday, September 1, 2014",15937,80
21,1043,"Monday, September 1, 2014",66002,85
21,1043,"Monday, September 1, 2014",20058,75
21,1043,"Monday, September 1, 2014",67,62
8,1043,"Thursday, August 1, 2013",58001,87
8,1043,"Thursday, August 1, 2013",43001,81
8,1043,"Thursday, August 1, 2013",68,66
8,1043,"Thursday, August 1, 2013",7001,65
8,1043,"Thursday, August 1, 2013",84,77
8,1043,"Thursday, August 1, 2013",12,86
8,1043,"Thursday, August 1, 2013",35004,61
8,1043,"Thursday, August 1, 2013",68,79
8,1043,"Thursday, August 1, 2013",88901,81
8,1043,"Thursday, August 1, 2013",27,84
8,1043,"Thursday, August 1, 2013",20041,65
8,1043,"Thursday, August 1, 2013",71,89
8,1043,"Thursday, August 1, 2013",63,85
8,1043,"Thursday, August 1, 2013",29001,68
8,1043,"Thursday, August 1, 2013",116,69
8,1043,"Thursday, August 1, 2013",19701,87
8,1043,"Thursday, August 1, 2013",501,82
8,1043,"Thursday, August 1, 2013",12,64
8,1043,"Thursday, August 1, 2013",14,81
8,1043,"Thursday, August 1, 2013",71,88
8,1043,"Thursday, August 1, 2013",20041,82
8,1043,"Thursday, August 1, 2013",41,90
8,1043,"Thursday, August 1, 2013",20001,78
8,1043,"Thursday, August 1, 2013",58001,60
8,1043,"Thursday, August 1, 2013",42223,64
8,1043,"Thursday, August 1, 2013",57001,76
8,1043,"Thursday, August 1, 2013",38848,62
8,1043,"Thursday, August 1, 2013",5101,81
8,1043,"Thursday, August 1, 2013",46001,90
8,1043,"Thursday, August 1, 2013",84,70
8,1043,"Thursday, August 1, 2013",62356,65
8,1043,"Thursday, August 1, 2013",40003,72
8,1043,"Thursday, August 1, 2013",6001,65
8,1043,"Thursday, August 1, 2013",24701,81
8,1043,"Thursday, August 1, 2013",1,65
8,1043,"Thursday, August 1, 2013",58001,65
8,1043,"Thursday, August 1, 2013",27,86
8,1043,"Thursday, August 1, 2013",2801,81
8,1043,"Thursday, August 1, 2013",42223,85
8,1043,"Thursday, August 1, 2013",116,86
8,1043,"Thursday, August 1, 2013",57001,70
8,1043,"Thursday, August 1, 2013",15937,86
8,1043,"Thursday, August 1, 2013",20041,71
8,1043,"Thursday, August 1, 2013",62356,90
8,1043,"Thursday, August 1, 2013",71601,85
8,1043,"Thursday, August 1, 2013",84,60
8,1043,"Thursday, August 1, 2013",66002,72
8,1043,"Thursday, August 1, 2013",158,67
8,1043,"Thursday, August 1, 2013",62356,80
8,1043,"Thursday, August 1, 2013",59,74
8,1043,"Thursday, August 1, 2013",35004,76
8,1043,"Thursday, August 1, 2013",188,81
8,1043,"Thursday, August 1, 2013",40003,79
8,1043,"Thursday, August 1, 2013",38848,84
8,1043,"Thursday, August 1, 2013",84,60
8,1043,"Thursday, August 1, 2013",68,63
8,1043,"Thursday, August 1, 2013",20058,82
8,1043,"Thursday, August 1, 2013",68001,63
8,1043,"Thursday, August 1, 2013",64,84
8,1043,"Thursday, August 1, 2013",59,60
8,1043,"Thursday, August 1, 2013",15937,77
8,1043,"Thursday, August 1, 2013",58001,90
8,1043,"Thursday, August 1, 2013",501,62
8,1043,"Thursday, August 1, 2013",72,63
8,1043,"Thursday, August 1, 2013",501,89
8,1043,"Thursday, August 1, 2013",59,62
8,1043,"Thursday, August 1, 2013",67,60
8,1043,"Thursday, August 1, 2013",63,66
8,1043,"Thursday, August 1, 2013",501,82
8,1043,"Thursday, August 1, 2013",71601,89
8,1043,"Thursday, August 1, 2013",63,77
8,1043,"Thursday, August 1, 2013",41,73
8,1043,"Thursday, August 1, 2013",84,67
8,1043,"Thursday, August 1, 2013",35004,78
8,1043,"Thursday, August 1, 2013",58001,81
8,1043,"Thursday, August 1, 2013",41,70
8,1043,"Thursday, August 1, 2013",20001,67
8,1043,"Thursday, August 1, 2013",501,67
8,1043,"Thursday, August 1, 2013",15937,83
8,1043,"Thursday, August 1, 2013",66002,89
8,1043,"Thursday, August 1, 2013",42223,73
8,1043,"Thursday, August 1, 2013",84,72
8,1043,"Thursday, August 1, 2013",72,63
8,1043,"Thursday, August 1, 2013",67,70
8,1043,"Thursday, August 1, 2013",6001,78
8,1043,"Thursday, August 1, 2013",19701,85
8,1043,"Thursday, August 1, 2013",57001,81
8,1043,"Thursday, August 1, 2013",2801,71
8,1043,"Thursday, August 1, 2013",20001,82
8,1043,"Thursday, August 1, 2013",71601,83
8,1043,"Thursday, August 1, 2013",63005,71
8,1043,"Thursday, August 1, 2013",116,66
19,1043,"Tuesday, July 1, 2014",71,85
19,1043,"Tuesday, July 1, 2014",72,67
19,1043,"Tuesday, July 1, 2014",1,62
19,1043,"Tuesday, July 1, 2014",63005,68
19,1043,"Tuesday, July 1, 2014",72,76
19,1043,"Tuesday, July 1, 2014",12,72
19,1043,"Tuesday, July 1, 2014",14,79
19,1043,"Tuesday, July 1, 2014",7001,74
19,1043,"Tuesday, July 1, 2014",67,69
19,1043,"Tuesday, July 1, 2014",2801,88
19,1043,"Tuesday, July 1, 2014",15937,73
19,1043,"Tuesday, July 1, 2014",15937,88
19,1043,"Tuesday, July 1, 2014",48001,84
19,1043,"Tuesday, July 1, 2014",38848,82
19,1043,"Tuesday, July 1, 2014",57001,72
19,1043,"Tuesday, July 1, 2014",68,90
19,1043,"Tuesday, July 1, 2014",41,72
19,1043,"Tuesday, July 1, 2014",24701,71
19,1043,"Tuesday, July 1, 2014",15937,80
19,1043,"Tuesday, July 1, 2014",62356,74
19,1043,"Tuesday, July 1, 2014",58001,90
19,1043,"Tuesday, July 1, 2014",3033,64
19,1043,"Tuesday, July 1, 2014",20058,86
19,1043,"Tuesday, July 1, 2014",59,62
19,1043,"Tuesday, July 1, 2014",58001,75
19,1043,"Tuesday, July 1, 2014",64,90
19,1043,"Tuesday, July 1, 2014",67,70
19,1043,"Tuesday, July 1, 2014",15937,70
19,1043,"Tuesday, July 1, 2014",15937,70
19,1043,"Tuesday, July 1, 2014",5101,82
19,1043,"Tuesday, July 1, 2014",7001,90
19,1043,"Tuesday, July 1, 2014",58001,63
19,1043,"Tuesday, July 1, 2014",68,74
19,1043,"Tuesday, July 1, 2014",42223,62
19,1043,"Tuesday, July 1, 2014",40003,73
19,1043,"Tuesday, July 1, 2014",1,79
19,1043,"Tuesday, July 1, 2014",48001,81
19,1043,"Tuesday, July 1, 2014",42223,63
19,1043,"Tuesday, July 1, 2014",14,74
19,1043,"Tuesday, July 1, 2014",14,66
19,1043,"Tuesday, July 1, 2014",19701,80
19,1043,"Tuesday, July 1, 2014",58001,74
19,1043,"Tuesday, July 1, 2014",66002,83
19,1043,"Tuesday, July 1, 2014",68,72
19,1043,"Tuesday, July 1, 2014",84,88
19,1043,"Tuesday, July 1, 2014",62356,67
19,1043,"Tuesday, July 1, 2014",15937,85
19,1043,"Tuesday, July 1, 2014",66002,89
19,1043,"Tuesday, July 1, 2014",15937,67
19,1043,"Tuesday, July 1, 2014",43001,75
19,1043,"Tuesday, July 1, 2014",71601,65
19,1043,"Tuesday, July 1, 2014",158,90
19,1043,"Tuesday, July 1, 2014",68001,72
19,1043,"Tuesday, July 1, 2014",35004,64
19,1043,"Tuesday, July 1, 2014",3033,87
19,1043,"Tuesday, July 1, 2014",20041,83
19,1043,"Tuesday, July 1, 2014",68,85
19,1043,"Tuesday, July 1, 2014",46001,78
19,1043,"Tuesday, July 1, 2014",82001,65
19,1043,"Tuesday, July 1, 2014",42223,65
19,1043,"Tuesday, July 1, 2014",88901,86
19,1043,"Tuesday, July 1, 2014",15937,90
19,1043,"Tuesday, July 1, 2014",1,74
19,1043,"Tuesday, July 1, 2014",88901,72
19,1043,"Tuesday, July 1, 2014",56,66
19,1043,"Tuesday, July 1, 2014",88901,60
19,1043,"Tuesday, July 1, 2014",68001,81
19,1043,"Tuesday, July 1, 2014",158,76
19,1043,"Tuesday, July 1, 2014",68,79
19,1043,"Tuesday, July 1, 2014",20058,77
19,1043,"Tuesday, July 1, 2014",71601,62
19,1043,"Tuesday, July 1, 2014",1,77
19,1043,"Tuesday, July 1, 2014",59,60
19,1043,"Tuesday, July 1, 2014",72,61
19,1043,"Tuesday, July 1, 2014",39813,89
19,1043,"Tuesday, July 1, 2014",72,82
19,1043,"Tuesday, July 1, 2014",7001,84
19,1043,"Tuesday, July 1, 2014",43001,80
19,1043,"Tuesday, July 1, 2014",41,80
19,1043,"Tuesday, July 1, 2014",58001,73
19,1043,"Tuesday, July 1, 2014",63005,60
19,1043,"Tuesday, July 1, 2014",116,81
19,1043,"Tuesday, July 1, 2014",56,71
19,1043,"Tuesday, July 1, 2014",158,71
19,1043,"Tuesday, July 1, 2014",68001,71
19,1043,"Tuesday, July 1, 2014",158,70
19,1043,"Tuesday, July 1, 2014",56,73
19,1043,"Tuesday, July 1, 2014",3033,68
19,1043,"Tuesday, July 1, 2014",29001,77
19,1043,"Tuesday, July 1, 2014",84,90
19,1043,"Tuesday, July 1, 2014",7001,63
19,1043,"Tuesday, July 1, 2014",20001,84
19,1043,"Tuesday, July 1, 2014",39813,88
19,1043,"Tuesday, July 1, 2014",68001,63
16,1043,"Tuesday, April 1, 2014",20001,75
16,1043,"Tuesday, April 1, 2014",20041,87
16,1043,"Tuesday, April 1, 2014",40003,60
16,1043,"Tuesday, April 1, 2014",53001,64
16,1043,"Tuesday, April 1, 2014",6001,83
16,1043,"Tuesday, April 1, 2014",188,80
16,1043,"Tuesday, April 1, 2014",53001,90
16,1043,"Tuesday, April 1, 2014",59,72
16,1043,"Tuesday, April 1, 2014",20001,84
16,1043,"Tuesday, April 1, 2014",19701,60
16,1043,"Tuesday, April 1, 2014",15937,81
16,1043,"Tuesday, April 1, 2014",82001,74
16,1043,"Tuesday, April 1, 2014",158,84
16,1043,"Tuesday, April 1, 2014",57001,82
16,1043,"Tuesday, April 1, 2014",58001,82
16,1043,"Tuesday, April 1, 2014",43001,77
16,1043,"Tuesday, April 1, 2014",7001,81
16,1043,"Tuesday, April 1, 2014",40003,77
16,1043,"Tuesday, April 1, 2014",20041,73
16,1043,"Tuesday, April 1, 2014",42223,67
16,1043,"Tuesday, April 1, 2014",53001,69
16,1043,"Tuesday, April 1, 2014",57001,62
16,1043,"Tuesday, April 1, 2014",53001,68
16,1043,"Tuesday, April 1, 2014",41,86
16,1043,"Tuesday, April 1, 2014",20041,90
16,1043,"Tuesday, April 1, 2014",64,78
16,1043,"Tuesday, April 1, 2014",88901,72
16,1043,"Tuesday, April 1, 2014",42223,71
16,1043,"Tuesday, April 1, 2014",14,74
16,1043,"Tuesday, April 1, 2014",29001,66
16,1043,"Tuesday, April 1, 2014",188,79
16,1043,"Tuesday, April 1, 2014",48001,85
16,1043,"Tuesday, April 1, 2014",59,80
16,1043,"Tuesday, April 1, 2014",63,61
16,1043,"Tuesday, April 1, 2014",20058,78
16,1043,"Tuesday, April 1, 2014",38848,75
16,1043,"Tuesday, April 1, 2014",116,72
16,1043,"Tuesday, April 1, 2014",20058,73
16,1043,"Tuesday, April 1, 2014",501,86
16,1043,"Tuesday, April 1, 2014",5101,70
16,1043,"Tuesday, April 1, 2014",12,74
16,1043,"Tuesday, April 1, 2014",6001,85
16,1043,"Tuesday, April 1, 2014",57001,73
16,1043,"Tuesday, April 1, 2014",58001,84
16,1043,"Tuesday, April 1, 2014",63,90
16,1043,"Tuesday, April 1, 2014",71,70
16,1043,"Tuesday, April 1, 2014",63,90
16,1043,"Tuesday, April 1, 2014",27,60
16,1043,"Tuesday, April 1, 2014",39813,86
16,1043,"Tuesday, April 1, 2014",40003,88
16,1043,"Tuesday, April 1, 2014",188,79
16,1043,"Tuesday, April 1, 2014",1,85
16,1043,"Tuesday, April 1, 2014",72,86
16,1043,"Tuesday, April 1, 2014",82001,78
16,1043,"Tuesday, April 1, 2014",39813,81
16,1043,"Tuesday, April 1, 2014",71601,75
16,1043,"Tuesday, April 1, 2014",27,69
16,1043,"Tuesday, April 1, 2014",15937,62
16,1043,"Tuesday, April 1, 2014",57001,65
16,1043,"Tuesday, April 1, 2014",2801,90
16,1043,"Tuesday, April 1, 2014",27,62
16,1043,"Tuesday, April 1, 2014",88901,79
16,1043,"Tuesday, April 1, 2014",66002,62
16,1043,"Tuesday, April 1, 2014",24701,69
16,1043,"Tuesday, April 1, 2014",158,72
16,1043,"Tuesday, April 1, 2014",188,85
16,1043,"Tuesday, April 1, 2014",15937,73
16,1043,"Tuesday, April 1, 2014",59,88
16,1043,"Tuesday, April 1, 2014",5101,86
16,1043,"Tuesday, April 1, 2014",63005,88
16,1043,"Tuesday, April 1, 2014",62356,65
16,1043,"Tuesday, April 1, 2014",57001,86
16,1043,"Tuesday, April 1, 2014",14,65
16,1043,"Tuesday, April 1, 2014",158,71
16,1043,"Tuesday, April 1, 2014",84,70
16,1043,"Tuesday, April 1, 2014",43001,60
16,1043,"Tuesday, April 1, 2014",41,87
16,1043,"Tuesday, April 1, 2014",56,80
16,1043,"Tuesday, April 1, 2014",38848,85
16,1043,"Tuesday, April 1, 2014",29001,70
16,1043,"Tuesday, April 1, 2014",42223,82
16,1043,"Tuesday, April 1, 2014",38848,81
16,1043,"Tuesday, April 1, 2014",66002,86
16,1043,"Tuesday, April 1, 2014",58001,75
16,1043,"Tuesday, April 1, 2014",20041,68
16,1043,"Tuesday, April 1, 2014",56,73
16,1043,"Tuesday, April 1, 2014",27,68
16,1043,"Tuesday, April 1, 2014",57001,86
16,1043,"Tuesday, April 1, 2014",158,63
16,1043,"Tuesday, April 1, 2014",56,89
16,1043,"Tuesday, April 1, 2014",27,71
16,1043,"Tuesday, April 1, 2014",2801,76
16,1043,"Tuesday, April 1, 2014",63,69
16,1043,"Tuesday, April 1, 2014",71601,79
16,1043,"Tuesday, April 1, 2014",59,72
16,1043,"Tuesday, April 1, 2014",43001,90
16,1043,"Tuesday, April 1, 2014",68,70
16,1043,"Tuesday, April 1, 2014",39813,74
22,1043,"Wednesday, October 1, 2014",57001,79
22,1043,"Wednesday, October 1, 2014",46001,67
22,1043,"Wednesday, October 1, 2014",29001,84
22,1043,"Wednesday, October 1, 2014",66002,72
22,1043,"Wednesday, October 1, 2014",29001,66
22,1043,"Wednesday, October 1, 2014",39813,63
22,1043,"Wednesday, October 1, 2014",6001,77
22,1043,"Wednesday, October 1, 2014",24701,76
22,1043,"Wednesday, October 1, 2014",71,80
22,1043,"Wednesday, October 1, 2014",14,73
22,1043,"Wednesday, October 1, 2014",20041,76
22,1043,"Wednesday, October 1, 2014",72,84
22,1043,"Wednesday, October 1, 2014",46001,74
22,1043,"Wednesday, October 1, 2014",7001,66
22,1043,"Wednesday, October 1, 2014",48001,85
22,1043,"Wednesday, October 1, 2014",43001,74
22,1043,"Wednesday, October 1, 2014",43001,75
22,1043,"Wednesday, October 1, 2014",38848,63
22,1043,"Wednesday, October 1, 2014",19701,68
22,1043,"Wednesday, October 1, 2014",41,70
22,1043,"Wednesday, October 1, 2014",68,85
22,1043,"Wednesday, October 1, 2014",72,71
22,1043,"Wednesday, October 1, 2014",7001,75
22,1043,"Wednesday, October 1, 2014",46001,71
22,1043,"Wednesday, October 1, 2014",5101,87
22,1043,"Wednesday, October 1, 2014",88901,76
22,1043,"Wednesday, October 1, 2014",42223,77
22,1043,"Wednesday, October 1, 2014",41,82
22,1043,"Wednesday, October 1, 2014",41,66
22,1043,"Wednesday, October 1, 2014",59,79
22,1043,"Wednesday, October 1, 2014",64,61
22,1043,"Wednesday, October 1, 2014",46001,86
22,1043,"Wednesday, October 1, 2014",116,65
22,1043,"Wednesday, October 1, 2014",188,64
22,1043,"Wednesday, October 1, 2014",71601,70
22,1043,"Wednesday, October 1, 2014",62356,68
22,1043,"Wednesday, October 1, 2014",66002,75
22,1043,"Wednesday, October 1, 2014",5101,90
22,1043,"Wednesday, October 1, 2014",39813,84
22,1043,"Wednesday, October 1, 2014",62356,67
22,1043,"Wednesday, October 1, 2014",19701,74
22,1043,"Wednesday, October 1, 2014",20001,79
22,1043,"Wednesday, October 1, 2014",2801,78
22,1043,"Wednesday, October 1, 2014",58001,71
22,1043,"Wednesday, October 1, 2014",2801,65
22,1043,"Wednesday, October 1, 2014",72,61
22,1043,"Wednesday, October 1, 2014",15937,81
22,1043,"Wednesday, October 1, 2014",1,66
22,1043,"Wednesday, October 1, 2014",158,64
22,1043,"Wednesday, October 1, 2014",5101,65
22,1043,"Wednesday, October 1, 2014",46001,81
22,1043,"Wednesday, October 1, 2014",71,73
22,1043,"Wednesday, October 1, 2014",71,61
22,1043,"Wednesday, October 1, 2014",71,65
22,1043,"Wednesday, October 1, 2014",71,70
22,1043,"Wednesday, October 1, 2014",2801,87
22,1043,"Wednesday, October 1, 2014",20058,74
22,1043,"Wednesday, October 1, 2014",158,84
22,1043,"Wednesday, October 1, 2014",40003,60
22,1043,"Wednesday, October 1, 2014",6001,76
22,1043,"Wednesday, October 1, 2014",88901,75
22,1043,"Wednesday, October 1, 2014",20001,80
22,1043,"Wednesday, October 1, 2014",20041,83
22,1043,"Wednesday, October 1, 2014",42223,65
22,1043,"Wednesday, October 1, 2014",57001,81
22,1043,"Wednesday, October 1, 2014",41,66
22,1043,"Wednesday, October 1, 2014",20041,89
22,1043,"Wednesday, October 1, 2014",35004,79
22,1043,"Wednesday, October 1, 2014",116,61
22,1043,"Wednesday, October 1, 2014",5101,79
22,1043,"Wednesday, October 1, 2014",43001,77
22,1043,"Wednesday, October 1, 2014",116,66
22,1043,"Wednesday, October 1, 2014",67,75
22,1043,"Wednesday, October 1, 2014",58001,77
22,1043,"Wednesday, October 1, 2014",88901,76
22,1043,"Wednesday, October 1, 2014",35004,83
22,1043,"Wednesday, October 1, 2014",39813,66
22,1043,"Wednesday, October 1, 2014",59,84
22,1043,"Wednesday, October 1, 2014",158,68
22,1043,"Wednesday, October 1, 2014",46001,72
22,1043,"Wednesday, October 1, 2014",501,65
22,1043,"Wednesday, October 1, 2014",48001,86
22,1043,"Wednesday, October 1, 2014",56,80
22,1043,"Wednesday, October 1, 2014",84,81
22,1043,"Wednesday, October 1, 2014",43001,70
22,1043,"Wednesday, October 1, 2014",82001,80
22,1043,"Wednesday, October 1, 2014",188,83
22,1043,"Wednesday, October 1, 2014",64,70
22,1043,"Wednesday, October 1, 2014",71,70
22,1043,"Wednesday, October 1, 2014",82001,75
22,1043,"Wednesday, October 1, 2014",39813,80
22,1043,"Wednesday, October 1, 2014",158,87
22,1043,"Wednesday, October 1, 2014",57001,86
22,1043,"Wednesday, October 1, 2014",41,74
22,1043,"Wednesday, October 1, 2014",68,87
22,1043,"Wednesday, October 1, 2014",50001,86
22,1043,"Wednesday, October 1, 2014",43001,86
22,1043,"Wednesday, October 1, 2014",68001,90
22,1043,"Wednesday, October 1, 2014",24701,87
22,1043,"Wednesday, October 1, 2014",63005,89
22,1043,"Wednesday, October 1, 2014",68,78
22,1043,"Wednesday, October 1, 2014",24701,89
7,1688,"Monday, July 1, 2013",62356,89
7,1688,"Monday, July 1, 2013",58001,86
7,1688,"Monday, July 1, 2013",20041,85
7,1688,"Monday, July 1, 2013",188,73
7,1688,"Monday, July 1, 2013",42223,82
7,1688,"Monday, July 1, 2013",29001,89
7,1688,"Monday, July 1, 2013",6001,80
7,1688,"Monday, July 1, 2013",62356,90
7,1688,"Monday, July 1, 2013",68,78
7,1688,"Monday, July 1, 2013",40003,81
7,1688,"Monday, July 1, 2013",68001,74
7,1688,"Monday, July 1, 2013",40003,69
7,1688,"Monday, July 1, 2013",39813,82
7,1688,"Monday, July 1, 2013",38848,72
7,1688,"Monday, July 1, 2013",116,88
7,1688,"Monday, July 1, 2013",58001,81
7,1688,"Monday, July 1, 2013",71601,62
7,1688,"Monday, July 1, 2013",41,75
7,1688,"Monday, July 1, 2013",48001,87
7,1688,"Monday, July 1, 2013",15937,78
7,1688,"Monday, July 1, 2013",12,73
7,1688,"Monday, July 1, 2013",5101,82
7,1688,"Monday, July 1, 2013",50001,79
7,1688,"Monday, July 1, 2013",48001,62
7,1688,"Monday, July 1, 2013",63,82
7,1688,"Monday, July 1, 2013",35004,88
7,1688,"Monday, July 1, 2013",46001,69
7,1688,"Monday, July 1, 2013",7001,80
7,1688,"Monday, July 1, 2013",188,89
7,1688,"Monday, July 1, 2013",66002,76
7,1688,"Monday, July 1, 2013",12,80
7,1688,"Monday, July 1, 2013",5101,61
7,1688,"Monday, July 1, 2013",71601,67
7,1688,"Monday, July 1, 2013",84,65
7,1688,"Monday, July 1, 2013",12,62
7,1688,"Monday, July 1, 2013",158,82
7,1688,"Monday, July 1, 2013",15937,87
7,1688,"Monday, July 1, 2013",56,61
7,1688,"Monday, July 1, 2013",84,77
7,1688,"Monday, July 1, 2013",14,64
7,1688,"Monday, July 1, 2013",82001,64
7,1688,"Monday, July 1, 2013",35004,74
7,1688,"Monday, July 1, 2013",116,60
7,1688,"Monday, July 1, 2013",116,80
7,1688,"Monday, July 1, 2013",20001,64
7,1688,"Monday, July 1, 2013",66002,79
7,1688,"Monday, July 1, 2013",188,67
7,1688,"Monday, July 1, 2013",27,85
7,1688,"Monday, July 1, 2013",20001,66
7,1688,"Monday, July 1, 2013",57001,81
7,1688,"Monday, July 1, 2013",3033,74
7,1688,"Monday, July 1, 2013",67,87
7,1688,"Monday, July 1, 2013",84,66
7,1688,"Monday, July 1, 2013",71601,79
7,1688,"Monday, July 1, 2013",158,81
7,1688,"Monday, July 1, 2013",58001,77
7,1688,"Monday, July 1, 2013",62356,90
7,1688,"Monday, July 1, 2013",1,88
7,1688,"Monday, July 1, 2013",20058,68
7,1688,"Monday, July 1, 2013",43001,63
7,1688,"Monday, July 1, 2013",82001,68
7,1688,"Monday, July 1, 2013",39813,75
7,1688,"Monday, July 1, 2013",71601,85
7,1688,"Monday, July 1, 2013",82001,70
7,1688,"Monday, July 1, 2013",63005,75
7,1688,"Monday, July 1, 2013",3033,69
7,1688,"Monday, July 1, 2013",1,88
7,1688,"Monday, July 1, 2013",12,66
7,1688,"Monday, July 1, 2013",57001,68
7,1688,"Monday, July 1, 2013",501,70
7,1688,"Monday, July 1, 2013",188,90
7,1688,"Monday, July 1, 2013",19701,69
7,1688,"Monday, July 1, 2013",27,77
7,1688,"Monday, July 1, 2013",57001,71
7,1688,"Monday, July 1, 2013",71,88
7,1688,"Monday, July 1, 2013",2801,73
7,1688,"Monday, July 1, 2013",38848,90
7,1688,"Monday, July 1, 2013",41,70
7,1688,"Monday, July 1, 2013",20058,90
7,1688,"Monday, July 1, 2013",35004,81
7,1688,"Monday, July 1, 2013",7001,64
7,1688,"Monday, July 1, 2013",15937,67
7,1688,"Monday, July 1, 2013",5101,62
7,1688,"Monday, July 1, 2013",6001,89
7,1688,"Monday, July 1, 2013",57001,63
7,1688,"Monday, July 1, 2013",72,80
7,1688,"Monday, July 1, 2013",58001,87
7,1688,"Monday, July 1, 2013",501,69
7,1688,"Monday, July 1, 2013",19701,63
7,1688,"Monday, July 1, 2013",27,88
7,1688,"Monday, July 1, 2013",116,61
7,1688,"Monday, July 1, 2013",116,84
7,1688,"Monday, July 1, 2013",58001,64
7,1688,"Monday, July 1, 2013",35004,60
7,1688,"Monday, July 1, 2013",68001,89
7,1688,"Monday, July 1, 2013",71601,83
7,1688,"Monday, July 1, 2013",82001,88
7,1688,"Monday, July 1, 2013",6001,68
7,1688,"Monday, July 1, 2013",188,73
7,1688,"Monday, July 1, 2013",57001,84
7,1688,"Monday, July 1, 2013",3033,71
7,1688,"Monday, July 1, 2013",29001,79
7,1688,"Monday, July 1, 2013",3033,74
7,1688,"Monday, July 1, 2013",39813,69
7,1688,"Monday, July 1, 2013",56,79
7,1688,"Monday, July 1, 2013",50001,80
7,1688,"Monday, July 1, 2013",42223,82
7,1688,"Monday, July 1, 2013",58001,75
7,1688,"Monday, July 1, 2013",35004,61
7,1688,"Monday, July 1, 2013",27,86
9,1688,"Sunday, September 1, 2013",57001,73
9,1688,"Sunday, September 1, 2013",57001,61
9,1688,"Sunday, September 1, 2013",12,73
9,1688,"Sunday, September 1, 2013",72,82
9,1688,"Sunday, September 1, 2013",71601,81
9,1688,"Sunday, September 1, 2013",62356,68
9,1688,"Sunday, September 1, 2013",3033,85
9,1688,"Sunday, September 1, 2013",40003,72
9,1688,"Sunday, September 1, 2013",46001,83
9,1688,"Sunday, September 1, 2013",3033,83
9,1688,"Sunday, September 1, 2013",72,78
9,1688,"Sunday, September 1, 2013",3033,60
9,1688,"Sunday, September 1, 2013",63005,69
9,1688,"Sunday, September 1, 2013",158,78
9,1688,"Sunday, September 1, 2013",50001,64
9,1688,"Sunday, September 1, 2013",71,88
9,1688,"Sunday, September 1, 2013",48001,90
9,1688,"Sunday, September 1, 2013",63,84
9,1688,"Sunday, September 1, 2013",188,76
9,1688,"Sunday, September 1, 2013",158,84
9,1688,"Sunday, September 1, 2013",72,89
9,1688,"Sunday, September 1, 2013",67,87
9,1688,"Sunday, September 1, 2013",48001,72
9,1688,"Sunday, September 1, 2013",29001,85
9,1688,"Sunday, September 1, 2013",20058,68
9,1688,"Sunday, September 1, 2013",46001,81
9,1688,"Sunday, September 1, 2013",62356,70
9,1688,"Sunday, September 1, 2013",62356,81
9,1688,"Sunday, September 1, 2013",3033,77
9,1688,"Sunday, September 1, 2013",48001,74
9,1688,"Sunday, September 1, 2013",82001,86
9,1688,"Sunday, September 1, 2013",38848,88
9,1688,"Sunday, September 1, 2013",66002,73
9,1688,"Sunday, September 1, 2013",59,87
9,1688,"Sunday, September 1, 2013",68,75
9,1688,"Sunday, September 1, 2013",35004,61
9,1688,"Sunday, September 1, 2013",3033,66
9,1688,"Sunday, September 1, 2013",63,73
9,1688,"Sunday, September 1, 2013",19701,62
9,1688,"Sunday, September 1, 2013",50001,73
9,1688,"Sunday, September 1, 2013",27,63
9,1688,"Sunday, September 1, 2013",66002,63
9,1688,"Sunday, September 1, 2013",15937,84
9,1688,"Sunday, September 1, 2013",59,73
9,1688,"Sunday, September 1, 2013",88901,78
9,1688,"Sunday, September 1, 2013",20041,79
9,1688,"Sunday, September 1, 2013",35004,61
9,1688,"Sunday, September 1, 2013",19701,63
9,1688,"Sunday, September 1, 2013",24701,71
9,1688,"Sunday, September 1, 2013",59,80
9,1688,"Sunday, September 1, 2013",88901,89
9,1688,"Sunday, September 1, 2013",56,74
9,1688,"Sunday, September 1, 2013",7001,76
9,1688,"Sunday, September 1, 2013",71601,80
9,1688,"Sunday, September 1, 2013",48001,88
9,1688,"Sunday, September 1, 2013",63005,83
9,1688,"Sunday, September 1, 2013",71601,68
9,1688,"Sunday, September 1, 2013",50001,79
9,1688,"Sunday, September 1, 2013",20041,86
9,1688,"Sunday, September 1, 2013",50001,77
9,1688,"Sunday, September 1, 2013",40003,69
9,1688,"Sunday, September 1, 2013",48001,67
9,1688,"Sunday, September 1, 2013",40003,72
9,1688,"Sunday, September 1, 2013",72,62
9,1688,"Sunday, September 1, 2013",56,73
9,1688,"Sunday, September 1, 2013",27,64
9,1688,"Sunday, September 1, 2013",62356,86
9,1688,"Sunday, September 1, 2013",5101,86
9,1688,"Sunday, September 1, 2013",68001,63
9,1688,"Sunday, September 1, 2013",82001,89
9,1688,"Sunday, September 1, 2013",56,63
9,1688,"Sunday, September 1, 2013",57001,72
9,1688,"Sunday, September 1, 2013",5101,64
9,1688,"Sunday, September 1, 2013",20041,65
9,1688,"Sunday, September 1, 2013",53001,87
9,1688,"Sunday, September 1, 2013",20001,63
9,1688,"Sunday, September 1, 2013",84,70
9,1688,"Sunday, September 1, 2013",35004,82
9,1688,"Sunday, September 1, 2013",88901,69
9,1688,"Sunday, September 1, 2013",20041,88
9,1688,"Sunday, September 1, 2013",53001,81
9,1688,"Sunday, September 1, 2013",72,73
9,1688,"Sunday, September 1, 2013",62356,73
9,1688,"Sunday, September 1, 2013",56,89
9,1688,"Sunday, September 1, 2013",41,68
9,1688,"Sunday, September 1, 2013",48001,64
9,1688,"Sunday, September 1, 2013",46001,79
9,1688,"Sunday, September 1, 2013",1,60
9,1688,"Sunday, September 1, 2013",24701,72
9,1688,"Sunday, September 1, 2013",56,86
9,1688,"Sunday, September 1, 2013",38848,72
9,1688,"Sunday, September 1, 2013",57001,75
9,1688,"Sunday, September 1, 2013",71,67
9,1688,"Sunday, September 1, 2013",20001,81
9,1688,"Sunday, September 1, 2013",39813,65
9,1688,"Sunday, September 1, 2013",39813,68
9,1688,"Sunday, September 1, 2013",63,74
12,1688,"Sunday, December 1, 2013",64,77
12,1688,"Sunday, December 1, 2013",53001,84
12,1688,"Sunday, December 1, 2013",64,70
12,1688,"Sunday, December 1, 2013",68,61
12,1688,"Sunday, December 1, 2013",88901,90
12,1688,"Sunday, December 1, 2013",43001,64
12,1688,"Sunday, December 1, 2013",48001,78
12,1688,"Sunday, December 1, 2013",57001,82
12,1688,"Sunday, December 1, 2013",158,79
12,1688,"Sunday, December 1, 2013",56,67
12,1688,"Sunday, December 1, 2013",19701,66
12,1688,"Sunday, December 1, 2013",29001,85
12,1688,"Sunday, December 1, 2013",3033,60
12,1688,"Sunday, December 1, 2013",48001,80
12,1688,"Sunday, December 1, 2013",24701,77
12,1688,"Sunday, December 1, 2013",71,65
12,1688,"Sunday, December 1, 2013",29001,65
12,1688,"Sunday, December 1, 2013",6001,71
12,1688,"Sunday, December 1, 2013",35004,64
12,1688,"Sunday, December 1, 2013",188,67
12,1688,"Sunday, December 1, 2013",50001,71
12,1688,"Sunday, December 1, 2013",501,61
12,1688,"Sunday, December 1, 2013",27,64
12,1688,"Sunday, December 1, 2013",40003,80
12,1688,"Sunday, December 1, 2013",66002,67
12,1688,"Sunday, December 1, 2013",50001,65
12,1688,"Sunday, December 1, 2013",35004,88
12,1688,"Sunday, December 1, 2013",64,61
12,1688,"Sunday, December 1, 2013",188,70
12,1688,"Sunday, December 1, 2013",71601,69
12,1688,"Sunday, December 1, 2013",14,81
12,1688,"Sunday, December 1, 2013",58001,88
12,1688,"Sunday, December 1, 2013",82001,74
12,1688,"Sunday, December 1, 2013",63,83
12,1688,"Sunday, December 1, 2013",71,85
12,1688,"Sunday, December 1, 2013",42223,74
12,1688,"Sunday, December 1, 2013",88901,72
12,1688,"Sunday, December 1, 2013",38848,89
12,1688,"Sunday, December 1, 2013",72,67
12,1688,"Sunday, December 1, 2013",27,63
12,1688,"Sunday, December 1, 2013",43001,77
12,1688,"Sunday, December 1, 2013",27,83
12,1688,"Sunday, December 1, 2013",35004,85
12,1688,"Sunday, December 1, 2013",19701,84
12,1688,"Sunday, December 1, 2013",63,72
12,1688,"Sunday, December 1, 2013",48001,80
12,1688,"Sunday, December 1, 2013",19701,80
12,1688,"Sunday, December 1, 2013",66002,66
12,1688,"Sunday, December 1, 2013",116,66
12,1688,"Sunday, December 1, 2013",72,61
12,1688,"Sunday, December 1, 2013",50001,79
12,1688,"Sunday, December 1, 2013",20001,62
12,1688,"Sunday, December 1, 2013",19701,70
12,1688,"Sunday, December 1, 2013",116,86
12,1688,"Sunday, December 1, 2013",48001,90
12,1688,"Sunday, December 1, 2013",88901,70
12,1688,"Sunday, December 1, 2013",46001,65
12,1688,"Sunday, December 1, 2013",501,77
12,1688,"Sunday, December 1, 2013",57001,77
12,1688,"Sunday, December 1, 2013",5101,72
12,1688,"Sunday, December 1, 2013",84,64
12,1688,"Sunday, December 1, 2013",72,81
12,1688,"Sunday, December 1, 2013",1,75
12,1688,"Sunday, December 1, 2013",501,76
12,1688,"Sunday, December 1, 2013",50001,82
12,1688,"Sunday, December 1, 2013",67,60
12,1688,"Sunday, December 1, 2013",158,68
12,1688,"Sunday, December 1, 2013",66002,81
12,1688,"Sunday, December 1, 2013",501,88
12,1688,"Sunday, December 1, 2013",14,87
12,1688,"Sunday, December 1, 2013",501,66
12,1688,"Sunday, December 1, 2013",41,71
12,1688,"Sunday, December 1, 2013",19701,71
12,1688,"Sunday, December 1, 2013",84,61
12,1688,"Sunday, December 1, 2013",63,64
12,1688,"Sunday, December 1, 2013",84,83
12,1688,"Sunday, December 1, 2013",71601,62
12,1688,"Sunday, December 1, 2013",53001,62
12,1688,"Sunday, December 1, 2013",62356,85
12,1688,"Sunday, December 1, 2013",5101,74
12,1688,"Sunday, December 1, 2013",68,68
12,1688,"Sunday, December 1, 2013",63,80
12,1688,"Sunday, December 1, 2013",1,80
12,1688,"Sunday, December 1, 2013",53001,79
12,1688,"Sunday, December 1, 2013",71601,66
12,1688,"Sunday, December 1, 2013",57001,75
12,1688,"Sunday, December 1, 2013",84,72
12,1688,"Sunday, December 1, 2013",72,85
12,1688,"Sunday, December 1, 2013",3033,68
12,1688,"Sunday, December 1, 2013",14,88
12,1688,"Sunday, December 1, 2013",82001,65
12,1688,"Sunday, December 1, 2013",43001,89
12,1688,"Sunday, December 1, 2013",53001,61
12,1688,"Sunday, December 1, 2013",39813,82
12,1688,"Sunday, December 1, 2013",501,75
24,1688,"Monday, December 1, 2014",50001,62
24,1688,"Monday, December 1, 2014",7001,63
24,1688,"Monday, December 1, 2014",57001,72
24,1688,"Monday, December 1, 2014",501,86
24,1688,"Monday, December 1, 2014",50001,86
24,1688,"Monday, December 1, 2014",14,78
24,1688,"Monday, December 1, 2014",6001,66
24,1688,"Monday, December 1, 2014",158,81
24,1688,"Monday, December 1, 2014",158,71
24,1688,"Monday, December 1, 2014",53001,74
24,1688,"Monday, December 1, 2014",42223,66
24,1688,"Monday, December 1, 2014",72,63
24,1688,"Monday, December 1, 2014",5101,70
24,1688,"Monday, December 1, 2014",88901,83
24,1688,"Monday, December 1, 2014",53001,63
24,1688,"Monday, December 1, 2014",64,83
24,1688,"Monday, December 1, 2014",64,81
24,1688,"Monday, December 1, 2014",20058,74
24,1688,"Monday, December 1, 2014",66002,78
24,1688,"Monday, December 1, 2014",42223,87
24,1688,"Monday, December 1, 2014",71601,85
24,1688,"Monday, December 1, 2014",42223,89
24,1688,"Monday, December 1, 2014",53001,89
24,1688,"Monday, December 1, 2014",40003,72
24,1688,"Monday, December 1, 2014",53001,66
24,1688,"Monday, December 1, 2014",3033,60
24,1688,"Monday, December 1, 2014",29001,82
24,1688,"Monday, December 1, 2014",15937,62
24,1688,"Monday, December 1, 2014",63005,66
24,1688,"Monday, December 1, 2014",19701,80
24,1688,"Monday, December 1, 2014",20001,61
24,1688,"Monday, December 1, 2014",2801,90
24,1688,"Monday, December 1, 2014",188,72
24,1688,"Monday, December 1, 2014",71601,76
24,1688,"Monday, December 1, 2014",63005,83
24,1688,"Monday, December 1, 2014",48001,77
24,1688,"Monday, December 1, 2014",3033,85
24,1688,"Monday, December 1, 2014",6001,76
24,1688,"Monday, December 1, 2014",39813,62
24,1688,"Monday, December 1, 2014",15937,62
24,1688,"Monday, December 1, 2014",64,68
24,1688,"Monday, December 1, 2014",15937,79
24,1688,"Monday, December 1, 2014",5101,66
24,1688,"Monday, December 1, 2014",5101,73
24,1688,"Monday, December 1, 2014",24701,67
24,1688,"Monday, December 1, 2014",20058,78
24,1688,"Monday, December 1, 2014",2801,90
24,1688,"Monday, December 1, 2014",3033,66
24,1688,"Monday, December 1, 2014",40003,65
24,1688,"Monday, December 1, 2014",3033,82
24,1688,"Monday, December 1, 2014",20041,62
24,1688,"Monday, December 1, 2014",40003,82
24,1688,"Monday, December 1, 2014",53001,77
24,1688,"Monday, December 1, 2014",84,83
24,1688,"Monday, December 1, 2014",116,75
24,1688,"Monday, December 1, 2014",20058,88
24,1688,"Monday, December 1, 2014",38848,90
24,1688,"Monday, December 1, 2014",72,88
24,1688,"Monday, December 1, 2014",66002,75
24,1688,"Monday, December 1, 2014",5101,68
24,1688,"Monday, December 1, 2014",19701,67
24,1688,"Monday, December 1, 2014",42223,86
24,1688,"Monday, December 1, 2014",38848,65
24,1688,"Monday, December 1, 2014",35004,68
24,1688,"Monday, December 1, 2014",63005,72
24,1688,"Monday, December 1, 2014",42223,71
24,1688,"Monday, December 1, 2014",20058,71
24,1688,"Monday, December 1, 2014",12,90
24,1688,"Monday, December 1, 2014",5101,89
24,1688,"Monday, December 1, 2014",7001,65
24,1688,"Monday, December 1, 2014",66002,77
24,1688,"Monday, December 1, 2014",15937,80
24,1688,"Monday, December 1, 2014",84,87
24,1688,"Monday, December 1, 2014",62356,78
24,1688,"Monday, December 1, 2014",501,78
24,1688,"Monday, December 1, 2014",66002,79
24,1688,"Monday, December 1, 2014",40003,70
24,1688,"Monday, December 1, 2014",58001,81
24,1688,"Monday, December 1, 2014",12,75
24,1688,"Monday, December 1, 2014",15937,87
24,1688,"Monday, December 1, 2014",6001,81
24,1688,"Monday, December 1, 2014",7001,86
24,1688,"Monday, December 1, 2014",42223,71
24,1688,"Monday, December 1, 2014",35004,61
24,1688,"Monday, December 1, 2014",20058,74
24,1688,"Monday, December 1, 2014",68,76
24,1688,"Monday, December 1, 2014",68001,69
24,1688,"Monday, December 1, 2014",38848,72
24,1688,"Monday, December 1, 2014",6001,83
24,1688,"Monday, December 1, 2014",62356,75
24,1688,"Monday, December 1, 2014",501,87
24,1688,"Monday, December 1, 2014",62356,63
24,1688,"Monday, December 1, 2014",57001,60
24,1688,"Monday, December 1, 2014",68,85
24,1688,"Monday, December 1, 2014",53001,79
8,1688,"Thursday, August 1, 2013",48001,79
8,1688,"Thursday, August 1, 2013",64,90
8,1688,"Thursday, August 1, 2013",6001,79
8,1688,"Thursday, August 1, 2013",50001,82
8,1688,"Thursday, August 1, 2013",68,65
8,1688,"Thursday, August 1, 2013",20058,76
8,1688,"Thursday, August 1, 2013",1,90
8,1688,"Thursday, August 1, 2013",39813,79
8,1688,"Thursday, August 1, 2013",58001,72
8,1688,"Thursday, August 1, 2013",39813,86
8,1688,"Thursday, August 1, 2013",116,77
8,1688,"Thursday, August 1, 2013",6001,80
8,1688,"Thursday, August 1, 2013",71,75
8,1688,"Thursday, August 1, 2013",3033,76
8,1688,"Thursday, August 1, 2013",20058,74
8,1688,"Thursday, August 1, 2013",82001,81
8,1688,"Thursday, August 1, 2013",501,86
8,1688,"Thursday, August 1, 2013",35004,67
8,1688,"Thursday, August 1, 2013",40003,70
8,1688,"Thursday, August 1, 2013",84,69
8,1688,"Thursday, August 1, 2013",20001,85
8,1688,"Thursday, August 1, 2013",84,68
8,1688,"Thursday, August 1, 2013",20041,84
8,1688,"Thursday, August 1, 2013",35004,62
8,1688,"Thursday, August 1, 2013",71601,78
8,1688,"Thursday, August 1, 2013",48001,64
8,1688,"Thursday, August 1, 2013",38848,62
8,1688,"Thursday, August 1, 2013",66002,63
8,1688,"Thursday, August 1, 2013",27,70
8,1688,"Thursday, August 1, 2013",59,80
8,1688,"Thursday, August 1, 2013",3033,70
8,1688,"Thursday, August 1, 2013",68,64
8,1688,"Thursday, August 1, 2013",7001,60
8,1688,"Thursday, August 1, 2013",39813,85
8,1688,"Thursday, August 1, 2013",50001,72
8,1688,"Thursday, August 1, 2013",1,87
8,1688,"Thursday, August 1, 2013",59,76
8,1688,"Thursday, August 1, 2013",5101,90
8,1688,"Thursday, August 1, 2013",68001,78
8,1688,"Thursday, August 1, 2013",63,80
8,1688,"Thursday, August 1, 2013",501,82
8,1688,"Thursday, August 1, 2013",15937,68
8,1688,"Thursday, August 1, 2013",5101,79
8,1688,"Thursday, August 1, 2013",56,79
8,1688,"Thursday, August 1, 2013",56,88
8,1688,"Thursday, August 1, 2013",501,73
8,1688,"Thursday, August 1, 2013",64,85
8,1688,"Thursday, August 1, 2013",63,80
8,1688,"Thursday, August 1, 2013",50001,78
8,1688,"Thursday, August 1, 2013",57001,77
8,1688,"Thursday, August 1, 2013",1,65
8,1688,"Thursday, August 1, 2013",188,87
8,1688,"Thursday, August 1, 2013",38848,90
8,1688,"Thursday, August 1, 2013",71601,73
8,1688,"Thursday, August 1, 2013",50001,79
8,1688,"Thursday, August 1, 2013",158,85
8,1688,"Thursday, August 1, 2013",501,80
8,1688,"Thursday, August 1, 2013",50001,71
8,1688,"Thursday, August 1, 2013",29001,89
8,1688,"Thursday, August 1, 2013",71,69
8,1688,"Thursday, August 1, 2013",57001,67
8,1688,"Thursday, August 1, 2013",67,80
8,1688,"Thursday, August 1, 2013",188,84
8,1688,"Thursday, August 1, 2013",116,76
8,1688,"Thursday, August 1, 2013",158,87
8,1688,"Thursday, August 1, 2013",12,78
8,1688,"Thursday, August 1, 2013",84,63
8,1688,"Thursday, August 1, 2013",71601,62
8,1688,"Thursday, August 1, 2013",82001,84
8,1688,"Thursday, August 1, 2013",1,78
8,1688,"Thursday, August 1, 2013",58001,88
8,1688,"Thursday, August 1, 2013",20041,81
8,1688,"Thursday, August 1, 2013",38848,81
8,1688,"Thursday, August 1, 2013",53001,75
8,1688,"Thursday, August 1, 2013",5101,83
8,1688,"Thursday, August 1, 2013",64,80
8,1688,"Thursday, August 1, 2013",68,73
8,1688,"Thursday, August 1, 2013",71601,78
8,1688,"Thursday, August 1, 2013",59,65
8,1688,"Thursday, August 1, 2013",6001,75
8,1688,"Thursday, August 1, 2013",56,68
8,1688,"Thursday, August 1, 2013",84,87
8,1688,"Thursday, August 1, 2013",24701,63
8,1688,"Thursday, August 1, 2013",12,90
8,1688,"Thursday, August 1, 2013",35004,65
8,1688,"Thursday, August 1, 2013",63,87
8,1688,"Thursday, August 1, 2013",15937,88
8,1688,"Thursday, August 1, 2013",84,77
8,1688,"Thursday, August 1, 2013",1,63
8,1688,"Thursday, August 1, 2013",40003,87
8,1688,"Thursday, August 1, 2013",48001,77
8,1688,"Thursday, August 1, 2013",64,65
8,1688,"Thursday, August 1, 2013",64,64
8,1688,"Thursday, August 1, 2013",41,71
8,1688,"Thursday, August 1, 2013",20001,86
10,1688,"Tuesday, October 1, 2013",64,78
10,1688,"Tuesday, October 1, 2013",71,70
10,1688,"Tuesday, October 1, 2013",27,61
10,1688,"Tuesday, October 1, 2013",66002,73
10,1688,"Tuesday, October 1, 2013",7001,62
10,1688,"Tuesday, October 1, 2013",41,90
10,1688,"Tuesday, October 1, 2013",15937,77
10,1688,"Tuesday, October 1, 2013",29001,71
10,1688,"Tuesday, October 1, 2013",20058,87
10,1688,"Tuesday, October 1, 2013",84,70
10,1688,"Tuesday, October 1, 2013",12,81
10,1688,"Tuesday, October 1, 2013",62356,61
10,1688,"Tuesday, October 1, 2013",3033,62
10,1688,"Tuesday, October 1, 2013",71601,62
10,1688,"Tuesday, October 1, 2013",72,84
10,1688,"Tuesday, October 1, 2013",62356,72
10,1688,"Tuesday, October 1, 2013",3033,86
10,1688,"Tuesday, October 1, 2013",501,88
10,1688,"Tuesday, October 1, 2013",29001,73
10,1688,"Tuesday, October 1, 2013",46001,81
10,1688,"Tuesday, October 1, 2013",68,68
10,1688,"Tuesday, October 1, 2013",41,89
10,1688,"Tuesday, October 1, 2013",66002,74
10,1688,"Tuesday, October 1, 2013",6001,71
10,1688,"Tuesday, October 1, 2013",82001,61
10,1688,"Tuesday, October 1, 2013",68001,65
10,1688,"Tuesday, October 1, 2013",5101,66
10,1688,"Tuesday, October 1, 2013",41,62
10,1688,"Tuesday, October 1, 2013",67,79
10,1688,"Tuesday, October 1, 2013",50001,71
10,1688,"Tuesday, October 1, 2013",82001,68
10,1688,"Tuesday, October 1, 2013",84,71
10,1688,"Tuesday, October 1, 2013",39813,67
10,1688,"Tuesday, October 1, 2013",88901,85
10,1688,"Tuesday, October 1, 2013",46001,78
10,1688,"Tuesday, October 1, 2013",7001,72
10,1688,"Tuesday, October 1, 2013",50001,64
10,1688,"Tuesday, October 1, 2013",82001,80
10,1688,"Tuesday, October 1, 2013",42223,60
10,1688,"Tuesday, October 1, 2013",501,62
10,1688,"Tuesday, October 1, 2013",67,62
10,1688,"Tuesday, October 1, 2013",2801,78
10,1688,"Tuesday, October 1, 2013",53001,68
10,1688,"Tuesday, October 1, 2013",66002,65
10,1688,"Tuesday, October 1, 2013",46001,73
10,1688,"Tuesday, October 1, 2013",72,77
10,1688,"Tuesday, October 1, 2013",40003,60
10,1688,"Tuesday, October 1, 2013",38848,60
10,1688,"Tuesday, October 1, 2013",29001,62
10,1688,"Tuesday, October 1, 2013",48001,80
10,1688,"Tuesday, October 1, 2013",48001,72
10,1688,"Tuesday, October 1, 2013",84,87
10,1688,"Tuesday, October 1, 2013",84,82
10,1688,"Tuesday, October 1, 2013",82001,73
10,1688,"Tuesday, October 1, 2013",116,82
10,1688,"Tuesday, October 1, 2013",84,77
10,1688,"Tuesday, October 1, 2013",58001,85
10,1688,"Tuesday, October 1, 2013",1,65
10,1688,"Tuesday, October 1, 2013",71,85
10,1688,"Tuesday, October 1, 2013",50001,75
10,1688,"Tuesday, October 1, 2013",3033,79
10,1688,"Tuesday, October 1, 2013",46001,72
10,1688,"Tuesday, October 1, 2013",59,69
10,1688,"Tuesday, October 1, 2013",71601,60
10,1688,"Tuesday, October 1, 2013",84,71
10,1688,"Tuesday, October 1, 2013",42223,77
10,1688,"Tuesday, October 1, 2013",42223,87
10,1688,"Tuesday, October 1, 2013",20001,78
10,1688,"Tuesday, October 1, 2013",27,77
10,1688,"Tuesday, October 1, 2013",68,63
10,1688,"Tuesday, October 1, 2013",50001,68
10,1688,"Tuesday, October 1, 2013",27,76
10,1688,"Tuesday, October 1, 2013",62356,88
10,1688,"Tuesday, October 1, 2013",5101,77
10,1688,"Tuesday, October 1, 2013",1,84
10,1688,"Tuesday, October 1, 2013",501,86
10,1688,"Tuesday, October 1, 2013",43001,90
10,1688,"Tuesday, October 1, 2013",20058,68
10,1688,"Tuesday, October 1, 2013",64,66
10,1688,"Tuesday, October 1, 2013",63005,68
10,1688,"Tuesday, October 1, 2013",46001,87
10,1688,"Tuesday, October 1, 2013",68,68
10,1688,"Tuesday, October 1, 2013",3033,84
10,1688,"Tuesday, October 1, 2013",24701,80
10,1688,"Tuesday, October 1, 2013",59,65
10,1688,"Tuesday, October 1, 2013",46001,72
10,1688,"Tuesday, October 1, 2013",3033,67
10,1688,"Tuesday, October 1, 2013",12,73
10,1688,"Tuesday, October 1, 2013",53001,82
10,1688,"Tuesday, October 1, 2013",158,69
10,1688,"Tuesday, October 1, 2013",71601,69
10,1688,"Tuesday, October 1, 2013",41,66
10,1688,"Tuesday, October 1, 2013",2801,90
13,1688,"Wednesday, January 1, 2014",41,62
13,1688,"Wednesday, January 1, 2014",63,89
13,1688,"Wednesday, January 1, 2014",72,73
13,1688,"Wednesday, January 1, 2014",67,86
13,1688,"Wednesday, January 1, 2014",84,83
13,1688,"Wednesday, January 1, 2014",20041,78
13,1688,"Wednesday, January 1, 2014",82001,77
13,1688,"Wednesday, January 1, 2014",2801,73
13,1688,"Wednesday, January 1, 2014",43001,82
13,1688,"Wednesday, January 1, 2014",67,84
13,1688,"Wednesday, January 1, 2014",84,72
13,1688,"Wednesday, January 1, 2014",67,83
13,1688,"Wednesday, January 1, 2014",6001,78
13,1688,"Wednesday, January 1, 2014",66002,89
13,1688,"Wednesday, January 1, 2014",66002,83
13,1688,"Wednesday, January 1, 2014",35004,89
13,1688,"Wednesday, January 1, 2014",66002,90
13,1688,"Wednesday, January 1, 2014",29001,74
13,1688,"Wednesday, January 1, 2014",27,68
13,1688,"Wednesday, January 1, 2014",1,83
13,1688,"Wednesday, January 1, 2014",50001,84
13,1688,"Wednesday, January 1, 2014",42223,86
13,1688,"Wednesday, January 1, 2014",158,81
13,1688,"Wednesday, January 1, 2014",1,68
13,1688,"Wednesday, January 1, 2014",63005,66
13,1688,"Wednesday, January 1, 2014",58001,83
13,1688,"Wednesday, January 1, 2014",12,71
13,1688,"Wednesday, January 1, 2014",88901,67
13,1688,"Wednesday, January 1, 2014",71,60
13,1688,"Wednesday, January 1, 2014",82001,89
13,1688,"Wednesday, January 1, 2014",71601,79
13,1688,"Wednesday, January 1, 2014",20058,89
13,1688,"Wednesday, January 1, 2014",35004,76
13,1688,"Wednesday, January 1, 2014",12,79
13,1688,"Wednesday, January 1, 2014",20058,79
13,1688,"Wednesday, January 1, 2014",64,87
13,1688,"Wednesday, January 1, 2014",63005,90
13,1688,"Wednesday, January 1, 2014",20041,73
13,1688,"Wednesday, January 1, 2014",7001,74
13,1688,"Wednesday, January 1, 2014",20001,66
13,1688,"Wednesday, January 1, 2014",501,65
13,1688,"Wednesday, January 1, 2014",38848,89
13,1688,"Wednesday, January 1, 2014",19701,67
13,1688,"Wednesday, January 1, 2014",41,84
13,1688,"Wednesday, January 1, 2014",82001,84
13,1688,"Wednesday, January 1, 2014",88901,75
13,1688,"Wednesday, January 1, 2014",58001,85
13,1688,"Wednesday, January 1, 2014",40003,66
13,1688,"Wednesday, January 1, 2014",7001,69
13,1688,"Wednesday, January 1, 2014",7001,87
13,1688,"Wednesday, January 1, 2014",71,84
13,1688,"Wednesday, January 1, 2014",68,62
13,1688,"Wednesday, January 1, 2014",501,65
13,1688,"Wednesday, January 1, 2014",116,85
13,1688,"Wednesday, January 1, 2014",38848,88
13,1688,"Wednesday, January 1, 2014",48001,88
13,1688,"Wednesday, January 1, 2014",68001,61
13,1688,"Wednesday, January 1, 2014",46001,60
13,1688,"Wednesday, January 1, 2014",41,85
13,1688,"Wednesday, January 1, 2014",39813,66
13,1688,"Wednesday, January 1, 2014",88901,65
13,1688,"Wednesday, January 1, 2014",72,82
13,1688,"Wednesday, January 1, 2014",53001,87
13,1688,"Wednesday, January 1, 2014",20001,72
13,1688,"Wednesday, January 1, 2014",84,85
13,1688,"Wednesday, January 1, 2014",71601,89
13,1688,"Wednesday, January 1, 2014",68,60
13,1688,"Wednesday, January 1, 2014",63,87
13,1688,"Wednesday, January 1, 2014",42223,89
13,1688,"Wednesday, January 1, 2014",501,65
13,1688,"Wednesday, January 1, 2014",46001,74
13,1688,"Wednesday, January 1, 2014",27,61
13,1688,"Wednesday, January 1, 2014",63005,70
13,1688,"Wednesday, January 1, 2014",67,78
13,1688,"Wednesday, January 1, 2014",58001,80
13,1688,"Wednesday, January 1, 2014",66002,65
13,1688,"Wednesday, January 1, 2014",1,89
13,1688,"Wednesday, January 1, 2014",40003,60
13,1688,"Wednesday, January 1, 2014",20001,74
13,1688,"Wednesday, January 1, 2014",20058,73
13,1688,"Wednesday, January 1, 2014",2801,66
13,1688,"Wednesday, January 1, 2014",63005,64
13,1688,"Wednesday, January 1, 2014",24701,87
13,1688,"Wednesday, January 1, 2014",40003,60
13,1688,"Wednesday, January 1, 2014",53001,80
13,1688,"Wednesday, January 1, 2014",42223,82
13,1688,"Wednesday, January 1, 2014",53001,80
13,1688,"Wednesday, January 1, 2014",27,83
13,1688,"Wednesday, January 1, 2014",1,85
13,1688,"Wednesday, January 1, 2014",67,70
13,1688,"Wednesday, January 1, 2014",84,74
23,1688,"Saturday, November 1, 2014",71,90
23,1688,"Saturday, November 1, 2014",67,90
23,1688,"Saturday, November 1, 2014",5101,66
23,1688,"Saturday, November 1, 2014",63,64
23,1688,"Saturday, November 1, 2014",72,71
23,1688,"Saturday, November 1, 2014",14,83
23,1688,"Saturday, November 1, 2014",68,64
23,1688,"Saturday, November 1, 2014",59,64
23,1688,"Saturday, November 1, 2014",35004,75
23,1688,"Saturday, November 1, 2014",63005,76
23,1688,"Saturday, November 1, 2014",63,72
23,1688,"Saturday, November 1, 2014",2801,72
23,1688,"Saturday, November 1, 2014",71,79
23,1688,"Saturday, November 1, 2014",62356,86
23,1688,"Saturday, November 1, 2014",41,71
23,1688,"Saturday, November 1, 2014",62356,65
23,1688,"Saturday, November 1, 2014",3033,64
23,1688,"Saturday, November 1, 2014",72,72
23,1688,"Saturday, November 1, 2014",1,86
23,1688,"Saturday, November 1, 2014",3033,62
23,1688,"Saturday, November 1, 2014",20058,66
23,1688,"Saturday, November 1, 2014",14,83
23,1688,"Saturday, November 1, 2014",46001,76
23,1688,"Saturday, November 1, 2014",42223,86
23,1688,"Saturday, November 1, 2014",29001,74
23,1688,"Saturday, November 1, 2014",88901,84
23,1688,"Saturday, November 1, 2014",7001,68
23,1688,"Saturday, November 1, 2014",56,83
23,1688,"Saturday, November 1, 2014",64,62
23,1688,"Saturday, November 1, 2014",6001,73
23,1688,"Saturday, November 1, 2014",14,67
23,1688,"Saturday, November 1, 2014",59,81
23,1688,"Saturday, November 1, 2014",41,85
23,1688,"Saturday, November 1, 2014",5101,83
23,1688,"Saturday, November 1, 2014",188,67
23,1688,"Saturday, November 1, 2014",46001,81
23,1688,"Saturday, November 1, 2014",71601,67
23,1688,"Saturday, November 1, 2014",46001,65
23,1688,"Saturday, November 1, 2014",84,73
23,1688,"Saturday, November 1, 2014",14,69
23,1688,"Saturday, November 1, 2014",188,76
23,1688,"Saturday, November 1, 2014",6001,71
23,1688,"Saturday, November 1, 2014",5101,78
23,1688,"Saturday, November 1, 2014",6001,81
23,1688,"Saturday, November 1, 2014",24701,85
23,1688,"Saturday, November 1, 2014",82001,70
23,1688,"Saturday, November 1, 2014",5101,64
23,1688,"Saturday, November 1, 2014",15937,61
23,1688,"Saturday, November 1, 2014",15937,73
23,1688,"Saturday, November 1, 2014",35004,64
23,1688,"Saturday, November 1, 2014",82001,82
23,1688,"Saturday, November 1, 2014",64,67
23,1688,"Saturday, November 1, 2014",15937,73
23,1688,"Saturday, November 1, 2014",39813,75
23,1688,"Saturday, November 1, 2014",24701,85
23,1688,"Saturday, November 1, 2014",59,65
23,1688,"Saturday, November 1, 2014",59,71
23,1688,"Saturday, November 1, 2014",48001,86
23,1688,"Saturday, November 1, 2014",3033,83
23,1688,"Saturday, November 1, 2014",39813,77
23,1688,"Saturday, November 1, 2014",27,68
23,1688,"Saturday, November 1, 2014",66002,62
23,1688,"Saturday, November 1, 2014",53001,65
23,1688,"Saturday, November 1, 2014",20001,77
23,1688,"Saturday, November 1, 2014",59,67
23,1688,"Saturday, November 1, 2014",20058,73
23,1688,"Saturday, November 1, 2014",7001,74
23,1688,"Saturday, November 1, 2014",43001,74
23,1688,"Saturday, November 1, 2014",68,62
23,1688,"Saturday, November 1, 2014",5101,73
23,1688,"Saturday, November 1, 2014",20001,86
23,1688,"Saturday, November 1, 2014",71601,90
23,1688,"Saturday, November 1, 2014",62356,88
23,1688,"Saturday, November 1, 2014",72,74
23,1688,"Saturday, November 1, 2014",58001,74
23,1688,"Saturday, November 1, 2014",41,75
23,1688,"Saturday, November 1, 2014",7001,67
23,1688,"Saturday, November 1, 2014",19701,71
23,1688,"Saturday, November 1, 2014",38848,67
23,1688,"Saturday, November 1, 2014",58001,81
23,1688,"Saturday, November 1, 2014",188,74
23,1688,"Saturday, November 1, 2014",43001,81
23,1688,"Saturday, November 1, 2014",3033,64
23,1688,"Saturday, November 1, 2014",29001,65
23,1688,"Saturday, November 1, 2014",20001,85
23,1688,"Saturday, November 1, 2014",15937,78
23,1688,"Saturday, November 1, 2014",66002,90
23,1688,"Saturday, November 1, 2014",1,88
23,1688,"Saturday, November 1, 2014",72,75
23,1688,"Saturday, November 1, 2014",5101,66
23,1688,"Saturday, November 1, 2014",40003,67
20,1688,"Friday, August 1, 2014",88901,66
20,1688,"Friday, August 1, 2014",19701,73
20,1688,"Friday, August 1, 2014",72,83
20,1688,"Friday, August 1, 2014",42223,61
20,1688,"Friday, August 1, 2014",39813,83
20,1688,"Friday, August 1, 2014",66002,86
20,1688,"Friday, August 1, 2014",188,76
20,1688,"Friday, August 1, 2014",12,86
20,1688,"Friday, August 1, 2014",50001,69
20,1688,"Friday, August 1, 2014",53001,70
20,1688,"Friday, August 1, 2014",88901,60
20,1688,"Friday, August 1, 2014",5101,80
20,1688,"Friday, August 1, 2014",38848,87
20,1688,"Friday, August 1, 2014",64,69
20,1688,"Friday, August 1, 2014",56,75
20,1688,"Friday, August 1, 2014",57001,80
20,1688,"Friday, August 1, 2014",20001,72
20,1688,"Friday, August 1, 2014",63005,62
20,1688,"Friday, August 1, 2014",50001,84
20,1688,"Friday, August 1, 2014",84,61
20,1688,"Friday, August 1, 2014",39813,81
20,1688,"Friday, August 1, 2014",41,85
20,1688,"Friday, August 1, 2014",50001,73
20,1688,"Friday, August 1, 2014",19701,69
20,1688,"Friday, August 1, 2014",53001,74
20,1688,"Friday, August 1, 2014",71,74
20,1688,"Friday, August 1, 2014",46001,70
20,1688,"Friday, August 1, 2014",188,82
20,1688,"Friday, August 1, 2014",14,72
20,1688,"Friday, August 1, 2014",84,73
20,1688,"Friday, August 1, 2014",68001,64
20,1688,"Friday, August 1, 2014",7001,62
20,1688,"Friday, August 1, 2014",15937,69
20,1688,"Friday, August 1, 2014",1,60
20,1688,"Friday, August 1, 2014",5101,85
20,1688,"Friday, August 1, 2014",40003,86
20,1688,"Friday, August 1, 2014",15937,69
20,1688,"Friday, August 1, 2014",20041,62
20,1688,"Friday, August 1, 2014",12,90
20,1688,"Friday, August 1, 2014",82001,79
20,1688,"Friday, August 1, 2014",116,73
20,1688,"Friday, August 1, 2014",63,78
20,1688,"Friday, August 1, 2014",88901,72
20,1688,"Friday, August 1, 2014",19701,81
20,1688,"Friday, August 1, 2014",39813,86
20,1688,"Friday, August 1, 2014",57001,73
20,1688,"Friday, August 1, 2014",5101,66
20,1688,"Friday, August 1, 2014",59,75
20,1688,"Friday, August 1, 2014",71,70
20,1688,"Friday, August 1, 2014",116,66
20,1688,"Friday, August 1, 2014",58001,68
20,1688,"Friday, August 1, 2014",71,73
20,1688,"Friday, August 1, 2014",88901,67
20,1688,"Friday, August 1, 2014",20001,79
20,1688,"Friday, August 1, 2014",19701,64
20,1688,"Friday, August 1, 2014",39813,67
20,1688,"Friday, August 1, 2014",68001,66
20,1688,"Friday, August 1, 2014",43001,76
20,1688,"Friday, August 1, 2014",6001,73
20,1688,"Friday, August 1, 2014",63005,72
20,1688,"Friday, August 1, 2014",63,80
20,1688,"Friday, August 1, 2014",24701,87
20,1688,"Friday, August 1, 2014",38848,84
20,1688,"Friday, August 1, 2014",72,76
20,1688,"Friday, August 1, 2014",116,72
20,1688,"Friday, August 1, 2014",19701,73
20,1688,"Friday, August 1, 2014",72,66
20,1688,"Friday, August 1, 2014",15937,84
20,1688,"Friday, August 1, 2014",3033,77
20,1688,"Friday, August 1, 2014",3033,75
20,1688,"Friday, August 1, 2014",64,90
20,1688,"Friday, August 1, 2014",3033,79
20,1688,"Friday, August 1, 2014",20058,87
20,1688,"Friday, August 1, 2014",71,81
20,1688,"Friday, August 1, 2014",84,89
20,1688,"Friday, August 1, 2014",82001,62
20,1688,"Friday, August 1, 2014",63005,68
20,1688,"Friday, August 1, 2014",3033,76
20,1688,"Friday, August 1, 2014",43001,72
20,1688,"Friday, August 1, 2014",72,71
20,1688,"Friday, August 1, 2014",53001,70
20,1688,"Friday, August 1, 2014",29001,77
20,1688,"Friday, August 1, 2014",48001,65
20,1688,"Friday, August 1, 2014",64,78
20,1688,"Friday, August 1, 2014",27,90
20,1688,"Friday, August 1, 2014",67,70
20,1688,"Friday, August 1, 2014",72,87
20,1688,"Friday, August 1, 2014",46001,70
22,1688,"Wednesday, October 1, 2014",42223,76
22,1688,"Wednesday, October 1, 2014",501,62
22,1688,"Wednesday, October 1, 2014",12,62
22,1688,"Wednesday, October 1, 2014",6001,88
22,1688,"Wednesday, October 1, 2014",66002,71
22,1688,"Wednesday, October 1, 2014",19701,83
22,1688,"Wednesday, October 1, 2014",41,61
22,1688,"Wednesday, October 1, 2014",20041,60
22,1688,"Wednesday, October 1, 2014",38848,82
22,1688,"Wednesday, October 1, 2014",2801,72
22,1688,"Wednesday, October 1, 2014",15937,86
22,1688,"Wednesday, October 1, 2014",41,70
22,1688,"Wednesday, October 1, 2014",15937,90
22,1688,"Wednesday, October 1, 2014",2801,84
22,1688,"Wednesday, October 1, 2014",20001,79
22,1688,"Wednesday, October 1, 2014",116,81
22,1688,"Wednesday, October 1, 2014",66002,87
22,1688,"Wednesday, October 1, 2014",20041,64
22,1688,"Wednesday, October 1, 2014",68,89
22,1688,"Wednesday, October 1, 2014",43001,70
22,1688,"Wednesday, October 1, 2014",41,78
22,1688,"Wednesday, October 1, 2014",68001,65
22,1688,"Wednesday, October 1, 2014",29001,85
22,1688,"Wednesday, October 1, 2014",1,72
22,1688,"Wednesday, October 1, 2014",58001,60
22,1688,"Wednesday, October 1, 2014",41,70
22,1688,"Wednesday, October 1, 2014",62356,81
22,1688,"Wednesday, October 1, 2014",116,88
22,1688,"Wednesday, October 1, 2014",64,70
22,1688,"Wednesday, October 1, 2014",39813,65
22,1688,"Wednesday, October 1, 2014",64,66
22,1688,"Wednesday, October 1, 2014",1,84
22,1688,"Wednesday, October 1, 2014",20058,84
22,1688,"Wednesday, October 1, 2014",72,80
22,1688,"Wednesday, October 1, 2014",46001,81
22,1688,"Wednesday, October 1, 2014",84,76
22,1688,"Wednesday, October 1, 2014",188,64
22,1688,"Wednesday, October 1, 2014",84,61
22,1688,"Wednesday, October 1, 2014",158,79
22,1688,"Wednesday, October 1, 2014",82001,60
22,1688,"Wednesday, October 1, 2014",88901,83
22,1688,"Wednesday, October 1, 2014",41,69
22,1688,"Wednesday, October 1, 2014",41,73
22,1688,"Wednesday, October 1, 2014",158,84
22,1688,"Wednesday, October 1, 2014",66002,77
22,1688,"Wednesday, October 1, 2014",64,60
22,1688,"Wednesday, October 1, 2014",188,71
22,1688,"Wednesday, October 1, 2014",59,68
22,1688,"Wednesday, October 1, 2014",66002,81
22,1688,"Wednesday, October 1, 2014",20001,83
22,1688,"Wednesday, October 1, 2014",39813,72
22,1688,"Wednesday, October 1, 2014",63,70
22,1688,"Wednesday, October 1, 2014",58001,77
22,1688,"Wednesday, October 1, 2014",19701,88
22,1688,"Wednesday, October 1, 2014",50001,78
22,1688,"Wednesday, October 1, 2014",15937,63
22,1688,"Wednesday, October 1, 2014",50001,88
22,1688,"Wednesday, October 1, 2014",56,81
22,1688,"Wednesday, October 1, 2014",63005,73
22,1688,"Wednesday, October 1, 2014",59,84
22,1688,"Wednesday, October 1, 2014",3033,84
22,1688,"Wednesday, October 1, 2014",68001,64
22,1688,"Wednesday, October 1, 2014",71601,63
22,1688,"Wednesday, October 1, 2014",14,87
22,1688,"Wednesday, October 1, 2014",68,86
22,1688,"Wednesday, October 1, 2014",63,86
22,1688,"Wednesday, October 1, 2014",15937,89
22,1688,"Wednesday, October 1, 2014",58001,81
22,1688,"Wednesday, October 1, 2014",20041,60
22,1688,"Wednesday, October 1, 2014",63005,90
22,1688,"Wednesday, October 1, 2014",56,74
22,1688,"Wednesday, October 1, 2014",57001,77
22,1688,"Wednesday, October 1, 2014",88901,85
22,1688,"Wednesday, October 1, 2014",188,60
22,1688,"Wednesday, October 1, 2014",56,82
22,1688,"Wednesday, October 1, 2014",46001,76
22,1688,"Wednesday, October 1, 2014",62356,62
22,1688,"Wednesday, October 1, 2014",68001,76
22,1688,"Wednesday, October 1, 2014",116,84
22,1688,"Wednesday, October 1, 2014",67,75
22,1688,"Wednesday, October 1, 2014",7001,87
22,1688,"Wednesday, October 1, 2014",66002,67
22,1688,"Wednesday, October 1, 2014",82001,85
22,1688,"Wednesday, October 1, 2014",188,70
22,1688,"Wednesday, October 1, 2014",20041,84
22,1688,"Wednesday, October 1, 2014",68,67
22,1688,"Wednesday, October 1, 2014",2801,87
22,1688,"Wednesday, October 1, 2014",35004,85
11,1688,"Friday, November 1, 2013",57001,88
11,1688,"Friday, November 1, 2013",29001,67
11,1688,"Friday, November 1, 2013",5101,62
11,1688,"Friday, November 1, 2013",53001,69
11,1688,"Friday, November 1, 2013",63,81
11,1688,"Friday, November 1, 2013",68,71
11,1688,"Friday, November 1, 2013",68001,82
11,1688,"Friday, November 1, 2013",46001,69
11,1688,"Friday, November 1, 2013",3033,77
11,1688,"Friday, November 1, 2013",48001,63
11,1688,"Friday, November 1, 2013",35004,64
11,1688,"Friday, November 1, 2013",29001,63
11,1688,"Friday, November 1, 2013",68,64
11,1688,"Friday, November 1, 2013",20001,90
11,1688,"Friday, November 1, 2013",63005,70
11,1688,"Friday, November 1, 2013",42223,62
11,1688,"Friday, November 1, 2013",1,63
11,1688,"Friday, November 1, 2013",67,62
11,1688,"Friday, November 1, 2013",24701,72
11,1688,"Friday, November 1, 2013",42223,75
11,1688,"Friday, November 1, 2013",20058,73
11,1688,"Friday, November 1, 2013",2801,69
11,1688,"Friday, November 1, 2013",14,83
11,1688,"Friday, November 1, 2013",42223,87
11,1688,"Friday, November 1, 2013",39813,89
11,1688,"Friday, November 1, 2013",64,86
11,1688,"Friday, November 1, 2013",116,65
11,1688,"Friday, November 1, 2013",14,76
11,1688,"Friday, November 1, 2013",29001,78
11,1688,"Friday, November 1, 2013",501,86
11,1688,"Friday, November 1, 2013",82001,61
11,1688,"Friday, November 1, 2013",57001,85
11,1688,"Friday, November 1, 2013",6001,65
11,1688,"Friday, November 1, 2013",15937,88
11,1688,"Friday, November 1, 2013",24701,76
11,1688,"Friday, November 1, 2013",56,82
11,1688,"Friday, November 1, 2013",50001,63
11,1688,"Friday, November 1, 2013",67,87
11,1688,"Friday, November 1, 2013",46001,63
11,1688,"Friday, November 1, 2013",63,88
11,1688,"Friday, November 1, 2013",7001,74
11,1688,"Friday, November 1, 2013",15937,89
11,1688,"Friday, November 1, 2013",43001,68
11,1688,"Friday, November 1, 2013",46001,86
11,1688,"Friday, November 1, 2013",68001,68
11,1688,"Friday, November 1, 2013",57001,66
11,1688,"Friday, November 1, 2013",40003,71
11,1688,"Friday, November 1, 2013",57001,83
11,1688,"Friday, November 1, 2013",56,64
11,1688,"Friday, November 1, 2013",42223,89
11,1688,"Friday, November 1, 2013",72,73
11,1688,"Friday, November 1, 2013",88901,80
11,1688,"Friday, November 1, 2013",46001,75
11,1688,"Friday, November 1, 2013",15937,73
11,1688,"Friday, November 1, 2013",56,89
11,1688,"Friday, November 1, 2013",20001,65
11,1688,"Friday, November 1, 2013",24701,73
11,1688,"Friday, November 1, 2013",64,75
11,1688,"Friday, November 1, 2013",35004,81
11,1688,"Friday, November 1, 2013",58001,68
11,1688,"Friday, November 1, 2013",71,80
11,1688,"Friday, November 1, 2013",12,85
11,1688,"Friday, November 1, 2013",158,63
11,1688,"Friday, November 1, 2013",2801,88
11,1688,"Friday, November 1, 2013",20001,67
11,1688,"Friday, November 1, 2013",24701,65
11,1688,"Friday, November 1, 2013",63,79
11,1688,"Friday, November 1, 2013",58001,83
11,1688,"Friday, November 1, 2013",158,73
11,1688,"Friday, November 1, 2013",14,67
11,1688,"Friday, November 1, 2013",158,60
11,1688,"Friday, November 1, 2013",188,88
11,1688,"Friday, November 1, 2013",72,86
11,1688,"Friday, November 1, 2013",38848,84
11,1688,"Friday, November 1, 2013",58001,88
11,1688,"Friday, November 1, 2013",72,60
11,1688,"Friday, November 1, 2013",62356,80
11,1688,"Friday, November 1, 2013",63005,77
11,1688,"Friday, November 1, 2013",29001,60
11,1688,"Friday, November 1, 2013",41,75
11,1688,"Friday, November 1, 2013",43001,66
11,1688,"Friday, November 1, 2013",15937,88
11,1688,"Friday, November 1, 2013",59,61
11,1688,"Friday, November 1, 2013",158,77
11,1688,"Friday, November 1, 2013",2801,88
11,1688,"Friday, November 1, 2013",62356,83
18,1688,"Sunday, June 1, 2014",72,64
18,1688,"Sunday, June 1, 2014",63,71
18,1688,"Sunday, June 1, 2014",5101,72
18,1688,"Sunday, June 1, 2014",29001,80
18,1688,"Sunday, June 1, 2014",20001,60
18,1688,"Sunday, June 1, 2014",59,85
18,1688,"Sunday, June 1, 2014",56,69
18,1688,"Sunday, June 1, 2014",116,88
18,1688,"Sunday, June 1, 2014",20041,78
18,1688,"Sunday, June 1, 2014",62356,69
18,1688,"Sunday, June 1, 2014",58001,70
18,1688,"Sunday, June 1, 2014",43001,68
18,1688,"Sunday, June 1, 2014",2801,64
18,1688,"Sunday, June 1, 2014",1,86
18,1688,"Sunday, June 1, 2014",19701,87
18,1688,"Sunday, June 1, 2014",20058,78
18,1688,"Sunday, June 1, 2014",62356,72
18,1688,"Sunday, June 1, 2014",50001,67
18,1688,"Sunday, June 1, 2014",67,73
18,1688,"Sunday, June 1, 2014",40003,63
18,1688,"Sunday, June 1, 2014",3033,67
18,1688,"Sunday, June 1, 2014",53001,89
18,1688,"Sunday, June 1, 2014",40003,68
18,1688,"Sunday, June 1, 2014",67,68
18,1688,"Sunday, June 1, 2014",19701,71
18,1688,"Sunday, June 1, 2014",27,63
18,1688,"Sunday, June 1, 2014",20058,64
18,1688,"Sunday, June 1, 2014",14,71
18,1688,"Sunday, June 1, 2014",20041,90
18,1688,"Sunday, June 1, 2014",84,81
18,1688,"Sunday, June 1, 2014",67,88
18,1688,"Sunday, June 1, 2014",42223,61
18,1688,"Sunday, June 1, 2014",82001,67
18,1688,"Sunday, June 1, 2014",6001,80
18,1688,"Sunday, June 1, 2014",20041,67
18,1688,"Sunday, June 1, 2014",68,82
18,1688,"Sunday, June 1, 2014",57001,70
18,1688,"Sunday, June 1, 2014",3033,87
18,1688,"Sunday, June 1, 2014",68001,63
18,1688,"Sunday, June 1, 2014",501,62
18,1688,"Sunday, June 1, 2014",38848,83
18,1688,"Sunday, June 1, 2014",42223,81
18,1688,"Sunday, June 1, 2014",63,80
18,1688,"Sunday, June 1, 2014",62356,60
18,1688,"Sunday, June 1, 2014",7001,88
18,1688,"Sunday, June 1, 2014",67,85
18,1688,"Sunday, June 1, 2014",41,63
18,1688,"Sunday, June 1, 2014",43001,89
18,1688,"Sunday, June 1, 2014",29001,69
18,1688,"Sunday, June 1, 2014",71,84
18,1688,"Sunday, June 1, 2014",15937,62
18,1688,"Sunday, June 1, 2014",66002,65
18,1688,"Sunday, June 1, 2014",68001,68
18,1688,"Sunday, June 1, 2014",88901,63
18,1688,"Sunday, June 1, 2014",39813,78
18,1688,"Sunday, June 1, 2014",15937,63
18,1688,"Sunday, June 1, 2014",20058,71
18,1688,"Sunday, June 1, 2014",67,83
18,1688,"Sunday, June 1, 2014",46001,74
18,1688,"Sunday, June 1, 2014",62356,86
18,1688,"Sunday, June 1, 2014",116,76
18,1688,"Sunday, June 1, 2014",20001,83
18,1688,"Sunday, June 1, 2014",15937,61
18,1688,"Sunday, June 1, 2014",82001,70
18,1688,"Sunday, June 1, 2014",71,67
18,1688,"Sunday, June 1, 2014",1,82
18,1688,"Sunday, June 1, 2014",1,63
18,1688,"Sunday, June 1, 2014",72,68
18,1688,"Sunday, June 1, 2014",72,89
18,1688,"Sunday, June 1, 2014",68,89
18,1688,"Sunday, June 1, 2014",63005,62
18,1688,"Sunday, June 1, 2014",39813,65
18,1688,"Sunday, June 1, 2014",68,70
18,1688,"Sunday, June 1, 2014",58001,90
18,1688,"Sunday, June 1, 2014",116,83
18,1688,"Sunday, June 1, 2014",66002,87
18,1688,"Sunday, June 1, 2014",62356,84
18,1688,"Sunday, June 1, 2014",43001,90
18,1688,"Sunday, June 1, 2014",84,85
18,1688,"Sunday, June 1, 2014",68001,74
18,1688,"Sunday, June 1, 2014",82001,81
18,1688,"Sunday, June 1, 2014",12,87
18,1688,"Sunday, June 1, 2014",1,84
18,1688,"Sunday, June 1, 2014",7001,87
18,1688,"Sunday, June 1, 2014",188,88
15,1688,"Saturday, March 1, 2014",66002,87
15,1688,"Saturday, March 1, 2014",40003,84
15,1688,"Saturday, March 1, 2014",88901,84
15,1688,"Saturday, March 1, 2014",24701,66
15,1688,"Saturday, March 1, 2014",14,72
15,1688,"Saturday, March 1, 2014",19701,67
15,1688,"Saturday, March 1, 2014",42223,82
15,1688,"Saturday, March 1, 2014",64,78
15,1688,"Saturday, March 1, 2014",3033,64
15,1688,"Saturday, March 1, 2014",56,88
15,1688,"Saturday, March 1, 2014",116,83
15,1688,"Saturday, March 1, 2014",158,81
15,1688,"Saturday, March 1, 2014",35004,62
15,1688,"Saturday, March 1, 2014",56,86
15,1688,"Saturday, March 1, 2014",14,68
15,1688,"Saturday, March 1, 2014",56,74
15,1688,"Saturday, March 1, 2014",158,63
15,1688,"Saturday, March 1, 2014",57001,74
15,1688,"Saturday, March 1, 2014",43001,83
15,1688,"Saturday, March 1, 2014",20001,68
15,1688,"Saturday, March 1, 2014",38848,63
15,1688,"Saturday, March 1, 2014",501,87
15,1688,"Saturday, March 1, 2014",2801,77
15,1688,"Saturday, March 1, 2014",12,69
15,1688,"Saturday, March 1, 2014",38848,76
15,1688,"Saturday, March 1, 2014",20041,67
15,1688,"Saturday, March 1, 2014",20041,85
15,1688,"Saturday, March 1, 2014",41,66
15,1688,"Saturday, March 1, 2014",43001,85
15,1688,"Saturday, March 1, 2014",50001,70
15,1688,"Saturday, March 1, 2014",501,85
15,1688,"Saturday, March 1, 2014",68,80
15,1688,"Saturday, March 1, 2014",12,69
15,1688,"Saturday, March 1, 2014",50001,62
15,1688,"Saturday, March 1, 2014",158,66
15,1688,"Saturday, March 1, 2014",20041,61
15,1688,"Saturday, March 1, 2014",12,69
15,1688,"Saturday, March 1, 2014",88901,61
15,1688,"Saturday, March 1, 2014",64,75
15,1688,"Saturday, March 1, 2014",12,66
15,1688,"Saturday, March 1, 2014",24701,67
15,1688,"Saturday, March 1, 2014",12,71
15,1688,"Saturday, March 1, 2014",38848,83
15,1688,"Saturday, March 1, 2014",3033,62
15,1688,"Saturday, March 1, 2014",116,63
15,1688,"Saturday, March 1, 2014",7001,84
15,1688,"Saturday, March 1, 2014",84,75
15,1688,"Saturday, March 1, 2014",88901,68
15,1688,"Saturday, March 1, 2014",39813,71
15,1688,"Saturday, March 1, 2014",71601,84
15,1688,"Saturday, March 1, 2014",5101,85
15,1688,"Saturday, March 1, 2014",19701,81
15,1688,"Saturday, March 1, 2014",27,71
15,1688,"Saturday, March 1, 2014",88901,78
15,1688,"Saturday, March 1, 2014",68001,83
15,1688,"Saturday, March 1, 2014",501,88
15,1688,"Saturday, March 1, 2014",46001,73
15,1688,"Saturday, March 1, 2014",46001,89
15,1688,"Saturday, March 1, 2014",501,69
15,1688,"Saturday, March 1, 2014",68,69
15,1688,"Saturday, March 1, 2014",7001,83
15,1688,"Saturday, March 1, 2014",41,67
15,1688,"Saturday, March 1, 2014",71,61
15,1688,"Saturday, March 1, 2014",39813,72
15,1688,"Saturday, March 1, 2014",58001,71
15,1688,"Saturday, March 1, 2014",24701,83
15,1688,"Saturday, March 1, 2014",20058,61
15,1688,"Saturday, March 1, 2014",116,85
15,1688,"Saturday, March 1, 2014",67,85
15,1688,"Saturday, March 1, 2014",27,78
15,1688,"Saturday, March 1, 2014",64,62
15,1688,"Saturday, March 1, 2014",84,61
15,1688,"Saturday, March 1, 2014",2801,66
15,1688,"Saturday, March 1, 2014",1,85
15,1688,"Saturday, March 1, 2014",64,77
15,1688,"Saturday, March 1, 2014",50001,90
15,1688,"Saturday, March 1, 2014",1,88
15,1688,"Saturday, March 1, 2014",1,70
15,1688,"Saturday, March 1, 2014",27,84
15,1688,"Saturday, March 1, 2014",29001,69
15,1688,"Saturday, March 1, 2014",72,84
15,1688,"Saturday, March 1, 2014",7001,67
15,1688,"Saturday, March 1, 2014",2801,75
15,1688,"Saturday, March 1, 2014",88901,61
21,1688,"Monday, September 1, 2014",48001,88
21,1688,"Monday, September 1, 2014",57001,72
21,1688,"Monday, September 1, 2014",20041,62
21,1688,"Monday, September 1, 2014",71,90
21,1688,"Monday, September 1, 2014",48001,72
21,1688,"Monday, September 1, 2014",63005,65
21,1688,"Monday, September 1, 2014",24701,63
21,1688,"Monday, September 1, 2014",19701,61
21,1688,"Monday, September 1, 2014",58001,70
21,1688,"Monday, September 1, 2014",72,79
21,1688,"Monday, September 1, 2014",63005,62
21,1688,"Monday, September 1, 2014",67,67
21,1688,"Monday, September 1, 2014",84,87
21,1688,"Monday, September 1, 2014",42223,89
21,1688,"Monday, September 1, 2014",5101,81
21,1688,"Monday, September 1, 2014",24701,72
21,1688,"Monday, September 1, 2014",42223,70
21,1688,"Monday, September 1, 2014",64,90
21,1688,"Monday, September 1, 2014",27,89
21,1688,"Monday, September 1, 2014",6001,63
21,1688,"Monday, September 1, 2014",68001,64
21,1688,"Monday, September 1, 2014",27,68
21,1688,"Monday, September 1, 2014",42223,85
21,1688,"Monday, September 1, 2014",116,83
21,1688,"Monday, September 1, 2014",12,84
21,1688,"Monday, September 1, 2014",40003,64
21,1688,"Monday, September 1, 2014",58001,74
21,1688,"Monday, September 1, 2014",39813,75
21,1688,"Monday, September 1, 2014",20041,80
21,1688,"Monday, September 1, 2014",188,85
21,1688,"Monday, September 1, 2014",50001,84
21,1688,"Monday, September 1, 2014",41,78
21,1688,"Monday, September 1, 2014",116,83
21,1688,"Monday, September 1, 2014",6001,81
21,1688,"Monday, September 1, 2014",71,79
21,1688,"Monday, September 1, 2014",19701,89
21,1688,"Monday, September 1, 2014",14,69
21,1688,"Monday, September 1, 2014",41,84
21,1688,"Monday, September 1, 2014",68001,81
21,1688,"Monday, September 1, 2014",1,65
21,1688,"Monday, September 1, 2014",88901,85
21,1688,"Monday, September 1, 2014",62356,73
21,1688,"Monday, September 1, 2014",68001,66
21,1688,"Monday, September 1, 2014",20001,70
21,1688,"Monday, September 1, 2014",1,71
21,1688,"Monday, September 1, 2014",20001,77
21,1688,"Monday, September 1, 2014",84,88
21,1688,"Monday, September 1, 2014",19701,75
21,1688,"Monday, September 1, 2014",71,62
21,1688,"Monday, September 1, 2014",59,86
21,1688,"Monday, September 1, 2014",6001,63
21,1688,"Monday, September 1, 2014",72,77
21,1688,"Monday, September 1, 2014",35004,65
21,1688,"Monday, September 1, 2014",2801,67
21,1688,"Monday, September 1, 2014",71601,81
21,1688,"Monday, September 1, 2014",71,84
21,1688,"Monday, September 1, 2014",66002,81
21,1688,"Monday, September 1, 2014",63005,71
21,1688,"Monday, September 1, 2014",50001,87
21,1688,"Monday, September 1, 2014",56,88
21,1688,"Monday, September 1, 2014",19701,89
21,1688,"Monday, September 1, 2014",41,76
21,1688,"Monday, September 1, 2014",6001,64
21,1688,"Monday, September 1, 2014",24701,87
21,1688,"Monday, September 1, 2014",3033,63
21,1688,"Monday, September 1, 2014",5101,80
21,1688,"Monday, September 1, 2014",15937,64
21,1688,"Monday, September 1, 2014",501,81
21,1688,"Monday, September 1, 2014",46001,81
21,1688,"Monday, September 1, 2014",24701,81
21,1688,"Monday, September 1, 2014",42223,87
21,1688,"Monday, September 1, 2014",42223,73
21,1688,"Monday, September 1, 2014",39813,87
21,1688,"Monday, September 1, 2014",67,69
21,1688,"Monday, September 1, 2014",27,81
21,1688,"Monday, September 1, 2014",57001,79
21,1688,"Monday, September 1, 2014",50001,84
21,1688,"Monday, September 1, 2014",53001,78
21,1688,"Monday, September 1, 2014",29001,86
21,1688,"Monday, September 1, 2014",71,86
21,1688,"Monday, September 1, 2014",35004,83
21,1688,"Monday, September 1, 2014",59,69
21,1688,"Monday, September 1, 2014",42223,89
14,1688,"Saturday, February 1, 2014",46001,85
14,1688,"Saturday, February 1, 2014",57001,83
14,1688,"Saturday, February 1, 2014",68001,76
14,1688,"Saturday, February 1, 2014",64,64
14,1688,"Saturday, February 1, 2014",63005,81
14,1688,"Saturday, February 1, 2014",48001,66
14,1688,"Saturday, February 1, 2014",53001,79
14,1688,"Saturday, February 1, 2014",27,63
14,1688,"Saturday, February 1, 2014",71601,70
14,1688,"Saturday, February 1, 2014",43001,64
14,1688,"Saturday, February 1, 2014",501,70
14,1688,"Saturday, February 1, 2014",50001,66
14,1688,"Saturday, February 1, 2014",58001,72
14,1688,"Saturday, February 1, 2014",84,66
14,1688,"Saturday, February 1, 2014",158,85
14,1688,"Saturday, February 1, 2014",41,86
14,1688,"Saturday, February 1, 2014",64,83
14,1688,"Saturday, February 1, 2014",2801,77
14,1688,"Saturday, February 1, 2014",68,89
14,1688,"Saturday, February 1, 2014",68,63
14,1688,"Saturday, February 1, 2014",2801,88
14,1688,"Saturday, February 1, 2014",41,82
14,1688,"Saturday, February 1, 2014",63005,75
14,1688,"Saturday, February 1, 2014",88901,88
14,1688,"Saturday, February 1, 2014",29001,65
14,1688,"Saturday, February 1, 2014",20041,83
14,1688,"Saturday, February 1, 2014",20041,84
14,1688,"Saturday, February 1, 2014",20041,68
14,1688,"Saturday, February 1, 2014",53001,83
14,1688,"Saturday, February 1, 2014",5101,89
14,1688,"Saturday, February 1, 2014",38848,81
14,1688,"Saturday, February 1, 2014",20058,73
14,1688,"Saturday, February 1, 2014",188,84
14,1688,"Saturday, February 1, 2014",43001,71
14,1688,"Saturday, February 1, 2014",39813,77
14,1688,"Saturday, February 1, 2014",20041,72
14,1688,"Saturday, February 1, 2014",56,70
14,1688,"Saturday, February 1, 2014",43001,89
14,1688,"Saturday, February 1, 2014",5101,86
14,1688,"Saturday, February 1, 2014",59,69
14,1688,"Saturday, February 1, 2014",68,63
14,1688,"Saturday, February 1, 2014",20041,69
14,1688,"Saturday, February 1, 2014",53001,82
14,1688,"Saturday, February 1, 2014",64,60
14,1688,"Saturday, February 1, 2014",29001,76
14,1688,"Saturday, February 1, 2014",19701,87
14,1688,"Saturday, February 1, 2014",88901,62
14,1688,"Saturday, February 1, 2014",38848,66
14,1688,"Saturday, February 1, 2014",66002,80
14,1688,"Saturday, February 1, 2014",188,64
14,1688,"Saturday, February 1, 2014",6001,75
14,1688,"Saturday, February 1, 2014",63005,78
14,1688,"Saturday, February 1, 2014",12,64
14,1688,"Saturday, February 1, 2014",46001,60
14,1688,"Saturday, February 1, 2014",20001,85
14,1688,"Saturday, February 1, 2014",7001,71
14,1688,"Saturday, February 1, 2014",20058,66
14,1688,"Saturday, February 1, 2014",68,73
14,1688,"Saturday, February 1, 2014",84,76
14,1688,"Saturday, February 1, 2014",15937,81
14,1688,"Saturday, February 1, 2014",20058,82
14,1688,"Saturday, February 1, 2014",35004,70
14,1688,"Saturday, February 1, 2014",43001,69
14,1688,"Saturday, February 1, 2014",40003,63
14,1688,"Saturday, February 1, 2014",24701,74
14,1688,"Saturday, February 1, 2014",20058,71
14,1688,"Saturday, February 1, 2014",7001,76
14,1688,"Saturday, February 1, 2014",63,89
14,1688,"Saturday, February 1, 2014",63005,77
14,1688,"Saturday, February 1, 2014",50001,86
14,1688,"Saturday, February 1, 2014",20001,74
14,1688,"Saturday, February 1, 2014",57001,89
14,1688,"Saturday, February 1, 2014",42223,79
14,1688,"Saturday, February 1, 2014",188,73
14,1688,"Saturday, February 1, 2014",12,67
14,1688,"Saturday, February 1, 2014",19701,73
14,1688,"Saturday, February 1, 2014",24701,82
14,1688,"Saturday, February 1, 2014",35004,68
14,1688,"Saturday, February 1, 2014",68001,75
14,1688,"Saturday, February 1, 2014",35004,63
17,1688,"Thursday, May 1, 2014",40003,87
17,1688,"Thursday, May 1, 2014",56,64
17,1688,"Thursday, May 1, 2014",35004,61
17,1688,"Thursday, May 1, 2014",3033,79
17,1688,"Thursday, May 1, 2014",58001,84
17,1688,"Thursday, May 1, 2014",14,87
17,1688,"Thursday, May 1, 2014",35004,85
17,1688,"Thursday, May 1, 2014",116,88
17,1688,"Thursday, May 1, 2014",6001,84
17,1688,"Thursday, May 1, 2014",63,61
17,1688,"Thursday, May 1, 2014",46001,78
17,1688,"Thursday, May 1, 2014",20058,78
17,1688,"Thursday, May 1, 2014",62356,67
17,1688,"Thursday, May 1, 2014",88901,63
17,1688,"Thursday, May 1, 2014",20058,80
17,1688,"Thursday, May 1, 2014",188,76
17,1688,"Thursday, May 1, 2014",12,74
17,1688,"Thursday, May 1, 2014",12,72
17,1688,"Thursday, May 1, 2014",116,70
17,1688,"Thursday, May 1, 2014",39813,66
17,1688,"Thursday, May 1, 2014",46001,76
17,1688,"Thursday, May 1, 2014",20041,86
17,1688,"Thursday, May 1, 2014",88901,66
17,1688,"Thursday, May 1, 2014",20041,87
17,1688,"Thursday, May 1, 2014",62356,66
17,1688,"Thursday, May 1, 2014",27,82
17,1688,"Thursday, May 1, 2014",15937,63
17,1688,"Thursday, May 1, 2014",46001,87
17,1688,"Thursday, May 1, 2014",20001,66
17,1688,"Thursday, May 1, 2014",14,71
17,1688,"Thursday, May 1, 2014",57001,75
17,1688,"Thursday, May 1, 2014",68,78
17,1688,"Thursday, May 1, 2014",6001,61
17,1688,"Thursday, May 1, 2014",6001,80
17,1688,"Thursday, May 1, 2014",84,78
17,1688,"Thursday, May 1, 2014",188,84
17,1688,"Thursday, May 1, 2014",116,88
17,1688,"Thursday, May 1, 2014",20041,69
17,1688,"Thursday, May 1, 2014",158,90
17,1688,"Thursday, May 1, 2014",68001,88
17,1688,"Thursday, May 1, 2014",56,63
17,1688,"Thursday, May 1, 2014",6001,85
17,1688,"Thursday, May 1, 2014",19701,68
17,1688,"Thursday, May 1, 2014",20041,89
17,1688,"Thursday, May 1, 2014",63,69
17,1688,"Thursday, May 1, 2014",158,70
17,1688,"Thursday, May 1, 2014",40003,79
17,1688,"Thursday, May 1, 2014",2801,85
17,1688,"Thursday, May 1, 2014",41,65
17,1688,"Thursday, May 1, 2014",50001,78
17,1688,"Thursday, May 1, 2014",88901,74
17,1688,"Thursday, May 1, 2014",20001,83
17,1688,"Thursday, May 1, 2014",29001,80
17,1688,"Thursday, May 1, 2014",188,75
17,1688,"Thursday, May 1, 2014",48001,74
17,1688,"Thursday, May 1, 2014",56,65
17,1688,"Thursday, May 1, 2014",66002,77
17,1688,"Thursday, May 1, 2014",35004,70
17,1688,"Thursday, May 1, 2014",50001,64
17,1688,"Thursday, May 1, 2014",14,88
17,1688,"Thursday, May 1, 2014",58001,64
17,1688,"Thursday, May 1, 2014",64,66
17,1688,"Thursday, May 1, 2014",68,84
17,1688,"Thursday, May 1, 2014",63,73
17,1688,"Thursday, May 1, 2014",20041,84
17,1688,"Thursday, May 1, 2014",72,85
17,1688,"Thursday, May 1, 2014",38848,89
17,1688,"Thursday, May 1, 2014",57001,62
17,1688,"Thursday, May 1, 2014",50001,81
17,1688,"Thursday, May 1, 2014",7001,78
17,1688,"Thursday, May 1, 2014",67,61
17,1688,"Thursday, May 1, 2014",88901,82
17,1688,"Thursday, May 1, 2014",43001,62
17,1688,"Thursday, May 1, 2014",35004,60
17,1688,"Thursday, May 1, 2014",71601,64
16,1688,"Tuesday, April 1, 2014",5101,60
16,1688,"Tuesday, April 1, 2014",20041,68
16,1688,"Tuesday, April 1, 2014",19701,65
16,1688,"Tuesday, April 1, 2014",6001,88
16,1688,"Tuesday, April 1, 2014",20001,83
16,1688,"Tuesday, April 1, 2014",71601,87
16,1688,"Tuesday, April 1, 2014",116,78
16,1688,"Tuesday, April 1, 2014",71,68
16,1688,"Tuesday, April 1, 2014",15937,71
16,1688,"Tuesday, April 1, 2014",5101,86
16,1688,"Tuesday, April 1, 2014",27,71
16,1688,"Tuesday, April 1, 2014",62356,63
16,1688,"Tuesday, April 1, 2014",71,60
16,1688,"Tuesday, April 1, 2014",66002,76
16,1688,"Tuesday, April 1, 2014",53001,66
16,1688,"Tuesday, April 1, 2014",72,80
16,1688,"Tuesday, April 1, 2014",41,84
16,1688,"Tuesday, April 1, 2014",59,85
16,1688,"Tuesday, April 1, 2014",57001,79
16,1688,"Tuesday, April 1, 2014",19701,62
16,1688,"Tuesday, April 1, 2014",2801,65
16,1688,"Tuesday, April 1, 2014",20001,74
16,1688,"Tuesday, April 1, 2014",12,85
16,1688,"Tuesday, April 1, 2014",158,64
16,1688,"Tuesday, April 1, 2014",24701,80
16,1688,"Tuesday, April 1, 2014",43001,70
16,1688,"Tuesday, April 1, 2014",39813,66
16,1688,"Tuesday, April 1, 2014",40003,81
16,1688,"Tuesday, April 1, 2014",20041,83
16,1688,"Tuesday, April 1, 2014",501,76
16,1688,"Tuesday, April 1, 2014",188,65
16,1688,"Tuesday, April 1, 2014",38848,81
16,1688,"Tuesday, April 1, 2014",7001,68
16,1688,"Tuesday, April 1, 2014",66002,66
16,1688,"Tuesday, April 1, 2014",41,84
16,1688,"Tuesday, April 1, 2014",48001,77
16,1688,"Tuesday, April 1, 2014",20041,63
16,1688,"Tuesday, April 1, 2014",57001,73
16,1688,"Tuesday, April 1, 2014",58001,68
16,1688,"Tuesday, April 1, 2014",501,62
16,1688,"Tuesday, April 1, 2014",63,77
16,1688,"Tuesday, April 1, 2014",2801,74
16,1688,"Tuesday, April 1, 2014",12,64
16,1688,"Tuesday, April 1, 2014",50001,81
16,1688,"Tuesday, April 1, 2014",6001,66
16,1688,"Tuesday, April 1, 2014",71601,62
16,1688,"Tuesday, April 1, 2014",24701,85
16,1688,"Tuesday, April 1, 2014",46001,88
16,1688,"Tuesday, April 1, 2014",48001,74
16,1688,"Tuesday, April 1, 2014",41,74
16,1688,"Tuesday, April 1, 2014",3033,76
16,1688,"Tuesday, April 1, 2014",20058,69
16,1688,"Tuesday, April 1, 2014",7001,73
16,1688,"Tuesday, April 1, 2014",88901,63
16,1688,"Tuesday, April 1, 2014",72,83
16,1688,"Tuesday, April 1, 2014",188,62
16,1688,"Tuesday, April 1, 2014",63005,76
16,1688,"Tuesday, April 1, 2014",68001,89
16,1688,"Tuesday, April 1, 2014",57001,84
16,1688,"Tuesday, April 1, 2014",38848,60
16,1688,"Tuesday, April 1, 2014",12,61
16,1688,"Tuesday, April 1, 2014",188,73
16,1688,"Tuesday, April 1, 2014",41,68
16,1688,"Tuesday, April 1, 2014",5101,86
16,1688,"Tuesday, April 1, 2014",2801,81
16,1688,"Tuesday, April 1, 2014",19701,73
16,1688,"Tuesday, April 1, 2014",7001,78
16,1688,"Tuesday, April 1, 2014",41,87
16,1688,"Tuesday, April 1, 2014",66002,87
16,1688,"Tuesday, April 1, 2014",24701,80
16,1688,"Tuesday, April 1, 2014",72,75
19,1688,"Tuesday, July 1, 2014",66002,61
19,1688,"Tuesday, July 1, 2014",20041,88
19,1688,"Tuesday, July 1, 2014",46001,70
19,1688,"Tuesday, July 1, 2014",72,70
19,1688,"Tuesday, July 1, 2014",29001,83
19,1688,"Tuesday, July 1, 2014",72,76
19,1688,"Tuesday, July 1, 2014",3033,63
19,1688,"Tuesday, July 1, 2014",64,72
19,1688,"Tuesday, July 1, 2014",56,89
19,1688,"Tuesday, July 1, 2014",35004,86
19,1688,"Tuesday, July 1, 2014",1,84
19,1688,"Tuesday, July 1, 2014",58001,71
19,1688,"Tuesday, July 1, 2014",27,77
19,1688,"Tuesday, July 1, 2014",67,77
19,1688,"Tuesday, July 1, 2014",19701,85
19,1688,"Tuesday, July 1, 2014",19701,74
19,1688,"Tuesday, July 1, 2014",20058,74
19,1688,"Tuesday, July 1, 2014",71,90
19,1688,"Tuesday, July 1, 2014",50001,82
19,1688,"Tuesday, July 1, 2014",67,63
19,1688,"Tuesday, July 1, 2014",6001,64
19,1688,"Tuesday, July 1, 2014",39813,76
19,1688,"Tuesday, July 1, 2014",24701,82
19,1688,"Tuesday, July 1, 2014",40003,62
19,1688,"Tuesday, July 1, 2014",48001,74
19,1688,"Tuesday, July 1, 2014",43001,60
19,1688,"Tuesday, July 1, 2014",48001,65
19,1688,"Tuesday, July 1, 2014",64,77
19,1688,"Tuesday, July 1, 2014",48001,82
19,1688,"Tuesday, July 1, 2014",20041,60
19,1688,"Tuesday, July 1, 2014",71601,68
19,1688,"Tuesday, July 1, 2014",19701,70
19,1688,"Tuesday, July 1, 2014",84,76
19,1688,"Tuesday, July 1, 2014",88901,82
19,1688,"Tuesday, July 1, 2014",3033,84
19,1688,"Tuesday, July 1, 2014",71601,75
19,1688,"Tuesday, July 1, 2014",41,63
19,1688,"Tuesday, July 1, 2014",59,60
19,1688,"Tuesday, July 1, 2014",20001,79
19,1688,"Tuesday, July 1, 2014",38848,78
19,1688,"Tuesday, July 1, 2014",5101,73
19,1688,"Tuesday, July 1, 2014",88901,89
19,1688,"Tuesday, July 1, 2014",46001,74
19,1688,"Tuesday, July 1, 2014",2801,68
19,1688,"Tuesday, July 1, 2014",63,89
19,1688,"Tuesday, July 1, 2014",50001,82
19,1688,"Tuesday, July 1, 2014",42223,90
19,1688,"Tuesday, July 1, 2014",7001,85
19,1688,"Tuesday, July 1, 2014",41,73
19,1688,"Tuesday, July 1, 2014",1,62
19,1688,"Tuesday, July 1, 2014",56,73
19,1688,"Tuesday, July 1, 2014",53001,88
19,1688,"Tuesday, July 1, 2014",20058,61
19,1688,"Tuesday, July 1, 2014",1,81
19,1688,"Tuesday, July 1, 2014",6001,66
19,1688,"Tuesday, July 1, 2014",68001,78
19,1688,"Tuesday, July 1, 2014",1,66
19,1688,"Tuesday, July 1, 2014",67,84
19,1688,"Tuesday, July 1, 2014",3033,61
19,1688,"Tuesday, July 1, 2014",501,64
19,1688,"Tuesday, July 1, 2014",12,73
19,1688,"Tuesday, July 1, 2014",27,71
19,1688,"Tuesday, July 1, 2014",3033,75
19,1688,"Tuesday, July 1, 2014",50001,90
19,1688,"Tuesday, July 1, 2014",64,80
19,1688,"Tuesday, July 1, 2014",63,60
19,1688,"Tuesday, July 1, 2014",7001,63
19,1688,"Tuesday, July 1, 2014",40003,72
19,1688,"Tuesday, July 1, 2014",42223,64
19,1688,"Tuesday, July 1, 2014",42223,75
19,1688,"Tuesday, July 1, 2014",53001,80
19,1688,"Tuesday, July 1, 2014",7001,73
19,1688,"Tuesday, July 1, 2014",3033,62
15,392,"Saturday, March 1, 2014",58001,32
15,392,"Saturday, March 1, 2014",56,44
15,392,"Saturday, March 1, 2014",42223,46
15,392,"Saturday, March 1, 2014",63005,46
15,392,"Saturday, March 1, 2014",63005,32
15,392,"Saturday, March 1, 2014",15937,41
15,392,"Saturday, March 1, 2014",14,39
15,392,"Saturday, March 1, 2014",158,40
15,392,"Saturday, March 1, 2014",68,47
15,392,"Saturday, March 1, 2014",12,50
15,392,"Saturday, March 1, 2014",72,37
15,392,"Saturday, March 1, 2014",88901,34
15,392,"Saturday, March 1, 2014",71,33
15,392,"Saturday, March 1, 2014",58001,33
15,392,"Saturday, March 1, 2014",14,45
15,392,"Saturday, March 1, 2014",7001,47
15,392,"Saturday, March 1, 2014",46001,44
15,392,"Saturday, March 1, 2014",1,41
15,392,"Saturday, March 1, 2014",2801,43
15,392,"Saturday, March 1, 2014",12,46
15,392,"Saturday, March 1, 2014",71601,33
15,392,"Saturday, March 1, 2014",35004,32
15,392,"Saturday, March 1, 2014",43001,39
15,392,"Saturday, March 1, 2014",68,42
15,392,"Saturday, March 1, 2014",158,44
15,392,"Saturday, March 1, 2014",12,36
15,392,"Saturday, March 1, 2014",50001,33
15,392,"Saturday, March 1, 2014",48001,31
15,392,"Saturday, March 1, 2014",67,42
15,392,"Saturday, March 1, 2014",15937,30
15,392,"Saturday, March 1, 2014",39813,30
15,392,"Saturday, March 1, 2014",20058,30
15,392,"Saturday, March 1, 2014",48001,36
15,392,"Saturday, March 1, 2014",501,40
15,392,"Saturday, March 1, 2014",2801,50
15,392,"Saturday, March 1, 2014",71,30
15,392,"Saturday, March 1, 2014",6001,47
15,392,"Saturday, March 1, 2014",12,39
15,392,"Saturday, March 1, 2014",71,43
15,392,"Saturday, March 1, 2014",82001,47
15,392,"Saturday, March 1, 2014",7001,38
15,392,"Saturday, March 1, 2014",14,35
15,392,"Saturday, March 1, 2014",35004,49
15,392,"Saturday, March 1, 2014",62356,35
15,392,"Saturday, March 1, 2014",62356,45
15,392,"Saturday, March 1, 2014",20001,48
15,392,"Saturday, March 1, 2014",67,33
15,392,"Saturday, March 1, 2014",40003,43
15,392,"Saturday, March 1, 2014",66002,47
15,392,"Saturday, March 1, 2014",72,45
15,392,"Saturday, March 1, 2014",19701,31
15,392,"Saturday, March 1, 2014",40003,43
15,392,"Saturday, March 1, 2014",7001,41
15,392,"Saturday, March 1, 2014",68001,43
15,392,"Saturday, March 1, 2014",39813,33
15,392,"Saturday, March 1, 2014",5101,34
15,392,"Saturday, March 1, 2014",116,39
15,392,"Saturday, March 1, 2014",67,35
15,392,"Saturday, March 1, 2014",56,41
15,392,"Saturday, March 1, 2014",62356,49
15,392,"Saturday, March 1, 2014",27,35
15,392,"Saturday, March 1, 2014",43001,39
15,392,"Saturday, March 1, 2014",56,35
15,392,"Saturday, March 1, 2014",64,31
15,392,"Saturday, March 1, 2014",19701,42
15,392,"Saturday, March 1, 2014",20041,31
15,392,"Saturday, March 1, 2014",56,48
15,392,"Saturday, March 1, 2014",20001,31
15,392,"Saturday, March 1, 2014",5101,30
15,392,"Saturday, March 1, 2014",62356,49
15,392,"Saturday, March 1, 2014",63,46
24,392,"Monday, December 1, 2014",27,66
24,392,"Monday, December 1, 2014",50001,55
24,392,"Monday, December 1, 2014",50001,62
24,392,"Monday, December 1, 2014",71,58
24,392,"Monday, December 1, 2014",66002,62
24,392,"Monday, December 1, 2014",15937,62
24,392,"Monday, December 1, 2014",6001,64
24,392,"Monday, December 1, 2014",53001,53
24,392,"Monday, December 1, 2014",50001,70
24,392,"Monday, December 1, 2014",2801,70
24,392,"Monday, December 1, 2014",12,66
24,392,"Monday, December 1, 2014",71,78
24,392,"Monday, December 1, 2014",71601,58
24,392,"Monday, December 1, 2014",63,64
24,392,"Monday, December 1, 2014",40003,51
24,392,"Monday, December 1, 2014",116,72
24,392,"Monday, December 1, 2014",20058,61
24,392,"Monday, December 1, 2014",59,74
24,392,"Monday, December 1, 2014",59,79
24,392,"Monday, December 1, 2014",57001,68
24,392,"Monday, December 1, 2014",7001,65
24,392,"Monday, December 1, 2014",6001,73
24,392,"Monday, December 1, 2014",6001,53
24,392,"Monday, December 1, 2014",5101,64
24,392,"Monday, December 1, 2014",67,66
24,392,"Monday, December 1, 2014",42223,53
24,392,"Monday, December 1, 2014",72,75
24,392,"Monday, December 1, 2014",63005,72
24,392,"Monday, December 1, 2014",71601,53
24,392,"Monday, December 1, 2014",20041,63
24,392,"Monday, December 1, 2014",67,53
24,392,"Monday, December 1, 2014",3033,71
24,392,"Monday, December 1, 2014",62356,66
24,392,"Monday, December 1, 2014",35004,54
24,392,"Monday, December 1, 2014",19701,77
24,392,"Monday, December 1, 2014",38848,51
24,392,"Monday, December 1, 2014",12,78
24,392,"Monday, December 1, 2014",14,71
24,392,"Monday, December 1, 2014",5101,55
24,392,"Monday, December 1, 2014",15937,61
24,392,"Monday, December 1, 2014",48001,65
24,392,"Monday, December 1, 2014",56,54
24,392,"Monday, December 1, 2014",68001,57
24,392,"Monday, December 1, 2014",82001,71
24,392,"Monday, December 1, 2014",20041,58
24,392,"Monday, December 1, 2014",57001,76
24,392,"Monday, December 1, 2014",15937,56
24,392,"Monday, December 1, 2014",63,57
24,392,"Monday, December 1, 2014",116,63
24,392,"Monday, December 1, 2014",12,52
24,392,"Monday, December 1, 2014",35004,76
24,392,"Monday, December 1, 2014",71601,76
24,392,"Monday, December 1, 2014",88901,60
24,392,"Monday, December 1, 2014",84,70
24,392,"Monday, December 1, 2014",57001,73
24,392,"Monday, December 1, 2014",38848,50
24,392,"Monday, December 1, 2014",63,54
24,392,"Monday, December 1, 2014",58001,58
24,392,"Monday, December 1, 2014",71,73
24,392,"Monday, December 1, 2014",6001,79
24,392,"Monday, December 1, 2014",42223,51
24,392,"Monday, December 1, 2014",40003,68
24,392,"Monday, December 1, 2014",3033,61
24,392,"Monday, December 1, 2014",82001,64
24,392,"Monday, December 1, 2014",15937,53
24,392,"Monday, December 1, 2014",158,73
24,392,"Monday, December 1, 2014",43001,74
24,392,"Monday, December 1, 2014",188,70
24,392,"Monday, December 1, 2014",6001,66
22,392,"Wednesday, October 1, 2014",48001,56
22,392,"Wednesday, October 1, 2014",14,64
22,392,"Wednesday, October 1, 2014",67,62
22,392,"Wednesday, October 1, 2014",71601,64
22,392,"Wednesday, October 1, 2014",19701,51
22,392,"Wednesday, October 1, 2014",38848,73
22,392,"Wednesday, October 1, 2014",72,72
22,392,"Wednesday, October 1, 2014",3033,71
22,392,"Wednesday, October 1, 2014",27,64
22,392,"Wednesday, October 1, 2014",158,60
22,392,"Wednesday, October 1, 2014",6001,71
22,392,"Wednesday, October 1, 2014",29001,76
22,392,"Wednesday, October 1, 2014",71601,52
22,392,"Wednesday, October 1, 2014",27,51
22,392,"Wednesday, October 1, 2014",59,73
22,392,"Wednesday, October 1, 2014",72,75
22,392,"Wednesday, October 1, 2014",88901,53
22,392,"Wednesday, October 1, 2014",188,54
22,392,"Wednesday, October 1, 2014",501,79
22,392,"Wednesday, October 1, 2014",38848,51
22,392,"Wednesday, October 1, 2014",38848,64
22,392,"Wednesday, October 1, 2014",71601,77
22,392,"Wednesday, October 1, 2014",501,63
22,392,"Wednesday, October 1, 2014",116,57
22,392,"Wednesday, October 1, 2014",29001,71
22,392,"Wednesday, October 1, 2014",12,65
22,392,"Wednesday, October 1, 2014",14,65
22,392,"Wednesday, October 1, 2014",12,76
22,392,"Wednesday, October 1, 2014",67,68
22,392,"Wednesday, October 1, 2014",62356,67
22,392,"Wednesday, October 1, 2014",71,53
22,392,"Wednesday, October 1, 2014",68,67
22,392,"Wednesday, October 1, 2014",20041,74
22,392,"Wednesday, October 1, 2014",68,66
22,392,"Wednesday, October 1, 2014",38848,68
22,392,"Wednesday, October 1, 2014",7001,59
22,392,"Wednesday, October 1, 2014",71,59
22,392,"Wednesday, October 1, 2014",42223,80
22,392,"Wednesday, October 1, 2014",24701,74
22,392,"Wednesday, October 1, 2014",188,52
22,392,"Wednesday, October 1, 2014",58001,56
22,392,"Wednesday, October 1, 2014",41,76
22,392,"Wednesday, October 1, 2014",27,53
22,392,"Wednesday, October 1, 2014",40003,78
22,392,"Wednesday, October 1, 2014",5101,78
22,392,"Wednesday, October 1, 2014",6001,78
22,392,"Wednesday, October 1, 2014",7001,80
22,392,"Wednesday, October 1, 2014",57001,73
22,392,"Wednesday, October 1, 2014",67,71
22,392,"Wednesday, October 1, 2014",41,65
22,392,"Wednesday, October 1, 2014",67,54
22,392,"Wednesday, October 1, 2014",71601,76
22,392,"Wednesday, October 1, 2014",39813,70
22,392,"Wednesday, October 1, 2014",84,80
22,392,"Wednesday, October 1, 2014",14,67
22,392,"Wednesday, October 1, 2014",72,75
22,392,"Wednesday, October 1, 2014",24701,71
22,392,"Wednesday, October 1, 2014",72,50
22,392,"Wednesday, October 1, 2014",68,60
22,392,"Wednesday, October 1, 2014",20041,50
22,392,"Wednesday, October 1, 2014",19701,63
22,392,"Wednesday, October 1, 2014",35004,55
22,392,"Wednesday, October 1, 2014",48001,64
22,392,"Wednesday, October 1, 2014",15937,58
22,392,"Wednesday, October 1, 2014",501,68
22,392,"Wednesday, October 1, 2014",50001,61
22,392,"Wednesday, October 1, 2014",62356,79
22,392,"Wednesday, October 1, 2014",88901,55
22,392,"Wednesday, October 1, 2014",5101,60
22,392,"Wednesday, October 1, 2014",1,70
22,392,"Wednesday, October 1, 2014",12,64
22,392,"Wednesday, October 1, 2014",68,62
22,392,"Wednesday, October 1, 2014",62356,80
22,392,"Wednesday, October 1, 2014",35004,76
22,392,"Wednesday, October 1, 2014",66002,76
10,392,"Tuesday, October 1, 2013",71601,50
10,392,"Tuesday, October 1, 2013",6001,40
10,392,"Tuesday, October 1, 2013",62356,59
10,392,"Tuesday, October 1, 2013",35004,47
10,392,"Tuesday, October 1, 2013",46001,40
10,392,"Tuesday, October 1, 2013",46001,40
10,392,"Tuesday, October 1, 2013",43001,43
10,392,"Tuesday, October 1, 2013",56,49
10,392,"Tuesday, October 1, 2013",46001,42
10,392,"Tuesday, October 1, 2013",42223,59
10,392,"Tuesday, October 1, 2013",48001,58
10,392,"Tuesday, October 1, 2013",56,43
10,392,"Tuesday, October 1, 2013",46001,48
10,392,"Tuesday, October 1, 2013",72,47
10,392,"Tuesday, October 1, 2013",66002,48
10,392,"Tuesday, October 1, 2013",63005,46
10,392,"Tuesday, October 1, 2013",58001,53
10,392,"Tuesday, October 1, 2013",71,41
10,392,"Tuesday, October 1, 2013",20058,52
10,392,"Tuesday, October 1, 2013",3033,55
10,392,"Tuesday, October 1, 2013",46001,60
10,392,"Tuesday, October 1, 2013",6001,50
10,392,"Tuesday, October 1, 2013",68001,55
10,392,"Tuesday, October 1, 2013",501,58
10,392,"Tuesday, October 1, 2013",68,56
10,392,"Tuesday, October 1, 2013",82001,42
10,392,"Tuesday, October 1, 2013",20058,46
10,392,"Tuesday, October 1, 2013",3033,59
10,392,"Tuesday, October 1, 2013",63,44
10,392,"Tuesday, October 1, 2013",57001,51
10,392,"Tuesday, October 1, 2013",39813,56
10,392,"Tuesday, October 1, 2013",24701,42
10,392,"Tuesday, October 1, 2013",116,59
10,392,"Tuesday, October 1, 2013",35004,60
10,392,"Tuesday, October 1, 2013",158,45
10,392,"Tuesday, October 1, 2013",1,44
10,392,"Tuesday, October 1, 2013",56,55
10,392,"Tuesday, October 1, 2013",38848,57
10,392,"Tuesday, October 1, 2013",59,54
10,392,"Tuesday, October 1, 2013",66002,48
10,392,"Tuesday, October 1, 2013",40003,41
10,392,"Tuesday, October 1, 2013",62356,51
10,392,"Tuesday, October 1, 2013",84,49
10,392,"Tuesday, October 1, 2013",58001,47
10,392,"Tuesday, October 1, 2013",56,58
10,392,"Tuesday, October 1, 2013",63005,53
10,392,"Tuesday, October 1, 2013",14,48
10,392,"Tuesday, October 1, 2013",72,51
10,392,"Tuesday, October 1, 2013",12,44
10,392,"Tuesday, October 1, 2013",24701,52
10,392,"Tuesday, October 1, 2013",29001,53
10,392,"Tuesday, October 1, 2013",71,48
10,392,"Tuesday, October 1, 2013",39813,52
10,392,"Tuesday, October 1, 2013",82001,45
10,392,"Tuesday, October 1, 2013",6001,44
10,392,"Tuesday, October 1, 2013",67,49
10,392,"Tuesday, October 1, 2013",24701,49
10,392,"Tuesday, October 1, 2013",24701,46
10,392,"Tuesday, October 1, 2013",53001,42
10,392,"Tuesday, October 1, 2013",20058,58
10,392,"Tuesday, October 1, 2013",68001,60
10,392,"Tuesday, October 1, 2013",29001,60
10,392,"Tuesday, October 1, 2013",19701,55
10,392,"Tuesday, October 1, 2013",88901,49
10,392,"Tuesday, October 1, 2013",43001,45
10,392,"Tuesday, October 1, 2013",501,54
10,392,"Tuesday, October 1, 2013",38848,51
10,392,"Tuesday, October 1, 2013",40003,51
10,392,"Tuesday, October 1, 2013",29001,59
10,392,"Tuesday, October 1, 2013",66002,49
10,392,"Tuesday, October 1, 2013",56,44
10,392,"Tuesday, October 1, 2013",15937,43
10,392,"Tuesday, October 1, 2013",2801,56
10,392,"Tuesday, October 1, 2013",71601,56
10,392,"Tuesday, October 1, 2013",63,47
16,392,"Tuesday, April 1, 2014",24701,36
16,392,"Tuesday, April 1, 2014",43001,30
16,392,"Tuesday, April 1, 2014",12,41
16,392,"Tuesday, April 1, 2014",48001,45
16,392,"Tuesday, April 1, 2014",46001,35
16,392,"Tuesday, April 1, 2014",15937,49
16,392,"Tuesday, April 1, 2014",29001,34
16,392,"Tuesday, April 1, 2014",67,35
16,392,"Tuesday, April 1, 2014",35004,49
16,392,"Tuesday, April 1, 2014",29001,35
16,392,"Tuesday, April 1, 2014",50001,34
16,392,"Tuesday, April 1, 2014",71601,36
16,392,"Tuesday, April 1, 2014",84,44
16,392,"Tuesday, April 1, 2014",20001,31
16,392,"Tuesday, April 1, 2014",14,40
16,392,"Tuesday, April 1, 2014",116,50
16,392,"Tuesday, April 1, 2014",50001,45
16,392,"Tuesday, April 1, 2014",19701,36
16,392,"Tuesday, April 1, 2014",41,40
16,392,"Tuesday, April 1, 2014",67,38
16,392,"Tuesday, April 1, 2014",29001,37
16,392,"Tuesday, April 1, 2014",46001,40
16,392,"Tuesday, April 1, 2014",72,41
16,392,"Tuesday, April 1, 2014",35004,45
16,392,"Tuesday, April 1, 2014",20058,37
16,392,"Tuesday, April 1, 2014",57001,36
16,392,"Tuesday, April 1, 2014",58001,47
16,392,"Tuesday, April 1, 2014",188,37
16,392,"Tuesday, April 1, 2014",48001,40
16,392,"Tuesday, April 1, 2014",67,48
16,392,"Tuesday, April 1, 2014",1,35
16,392,"Tuesday, April 1, 2014",71601,32
16,392,"Tuesday, April 1, 2014",19701,34
16,392,"Tuesday, April 1, 2014",46001,42
16,392,"Tuesday, April 1, 2014",68,32
16,392,"Tuesday, April 1, 2014",63,41
16,392,"Tuesday, April 1, 2014",64,38
16,392,"Tuesday, April 1, 2014",62356,49
16,392,"Tuesday, April 1, 2014",50001,50
16,392,"Tuesday, April 1, 2014",24701,49
16,392,"Tuesday, April 1, 2014",58001,41
16,392,"Tuesday, April 1, 2014",41,41
16,392,"Tuesday, April 1, 2014",29001,44
16,392,"Tuesday, April 1, 2014",58001,43
16,392,"Tuesday, April 1, 2014",57001,35
16,392,"Tuesday, April 1, 2014",42223,48
16,392,"Tuesday, April 1, 2014",84,46
16,392,"Tuesday, April 1, 2014",56,46
16,392,"Tuesday, April 1, 2014",14,42
16,392,"Tuesday, April 1, 2014",72,31
16,392,"Tuesday, April 1, 2014",19701,31
16,392,"Tuesday, April 1, 2014",62356,50
16,392,"Tuesday, April 1, 2014",20058,30
16,392,"Tuesday, April 1, 2014",35004,30
16,392,"Tuesday, April 1, 2014",501,33
16,392,"Tuesday, April 1, 2014",63,40
16,392,"Tuesday, April 1, 2014",41,43
16,392,"Tuesday, April 1, 2014",68001,44
16,392,"Tuesday, April 1, 2014",50001,42
16,392,"Tuesday, April 1, 2014",41,30
16,392,"Tuesday, April 1, 2014",19701,44
16,392,"Tuesday, April 1, 2014",35004,45
16,392,"Tuesday, April 1, 2014",68001,48
16,392,"Tuesday, April 1, 2014",40003,50
16,392,"Tuesday, April 1, 2014",88901,33
16,392,"Tuesday, April 1, 2014",27,32
16,392,"Tuesday, April 1, 2014",39813,42
16,392,"Tuesday, April 1, 2014",63005,30
16,392,"Tuesday, April 1, 2014",20001,34
16,392,"Tuesday, April 1, 2014",68001,32
16,392,"Tuesday, April 1, 2014",82001,30
16,392,"Tuesday, April 1, 2014",7001,42
16,392,"Tuesday, April 1, 2014",27,31
16,392,"Tuesday, April 1, 2014",6001,35
16,392,"Tuesday, April 1, 2014",29001,40
16,392,"Tuesday, April 1, 2014",48001,30
16,392,"Tuesday, April 1, 2014",27,42
19,392,"Tuesday, July 1, 2014",41,39
19,392,"Tuesday, July 1, 2014",20041,31
19,392,"Tuesday, July 1, 2014",53001,45
19,392,"Tuesday, July 1, 2014",29001,30
19,392,"Tuesday, July 1, 2014",48001,35
19,392,"Tuesday, July 1, 2014",59,37
19,392,"Tuesday, July 1, 2014",15937,31
19,392,"Tuesday, July 1, 2014",59,47
19,392,"Tuesday, July 1, 2014",20001,37
19,392,"Tuesday, July 1, 2014",59,40
19,392,"Tuesday, July 1, 2014",2801,31
19,392,"Tuesday, July 1, 2014",6001,30
19,392,"Tuesday, July 1, 2014",88901,35
19,392,"Tuesday, July 1, 2014",71,41
19,392,"Tuesday, July 1, 2014",1,46
19,392,"Tuesday, July 1, 2014",68001,34
19,392,"Tuesday, July 1, 2014",15937,43
19,392,"Tuesday, July 1, 2014",56,47
19,392,"Tuesday, July 1, 2014",66002,48
19,392,"Tuesday, July 1, 2014",48001,35
19,392,"Tuesday, July 1, 2014",40003,36
19,392,"Tuesday, July 1, 2014",68001,33
19,392,"Tuesday, July 1, 2014",188,47
19,392,"Tuesday, July 1, 2014",84,48
19,392,"Tuesday, July 1, 2014",57001,43
19,392,"Tuesday, July 1, 2014",42223,31
19,392,"Tuesday, July 1, 2014",20001,48
19,392,"Tuesday, July 1, 2014",15937,40
19,392,"Tuesday, July 1, 2014",71601,42
19,392,"Tuesday, July 1, 2014",3033,47
19,392,"Tuesday, July 1, 2014",20001,38
19,392,"Tuesday, July 1, 2014",7001,41
19,392,"Tuesday, July 1, 2014",62356,39
19,392,"Tuesday, July 1, 2014",2801,46
19,392,"Tuesday, July 1, 2014",29001,50
19,392,"Tuesday, July 1, 2014",20058,50
19,392,"Tuesday, July 1, 2014",35004,33
19,392,"Tuesday, July 1, 2014",158,36
19,392,"Tuesday, July 1, 2014",188,44
19,392,"Tuesday, July 1, 2014",20041,47
19,392,"Tuesday, July 1, 2014",188,49
19,392,"Tuesday, July 1, 2014",50001,49
19,392,"Tuesday, July 1, 2014",63005,48
19,392,"Tuesday, July 1, 2014",40003,43
19,392,"Tuesday, July 1, 2014",57001,50
19,392,"Tuesday, July 1, 2014",64,37
19,392,"Tuesday, July 1, 2014",188,39
19,392,"Tuesday, July 1, 2014",39813,48
19,392,"Tuesday, July 1, 2014",14,44
19,392,"Tuesday, July 1, 2014",20001,39
19,392,"Tuesday, July 1, 2014",82001,31
19,392,"Tuesday, July 1, 2014",7001,32
19,392,"Tuesday, July 1, 2014",501,34
19,392,"Tuesday, July 1, 2014",12,32
19,392,"Tuesday, July 1, 2014",19701,33
19,392,"Tuesday, July 1, 2014",67,33
19,392,"Tuesday, July 1, 2014",64,38
19,392,"Tuesday, July 1, 2014",20001,50
19,392,"Tuesday, July 1, 2014",42223,34
19,392,"Tuesday, July 1, 2014",42223,33
19,392,"Tuesday, July 1, 2014",41,33
19,392,"Tuesday, July 1, 2014",29001,39
19,392,"Tuesday, July 1, 2014",501,36
19,392,"Tuesday, July 1, 2014",53001,30
19,392,"Tuesday, July 1, 2014",57001,31
19,392,"Tuesday, July 1, 2014",72,34
19,392,"Tuesday, July 1, 2014",88901,38
19,392,"Tuesday, July 1, 2014",48001,47
19,392,"Tuesday, July 1, 2014",42223,33
19,392,"Tuesday, July 1, 2014",43001,33
19,392,"Tuesday, July 1, 2014",53001,41
19,392,"Tuesday, July 1, 2014",48001,36
19,392,"Tuesday, July 1, 2014",20001,38
19,392,"Tuesday, July 1, 2014",56,47
19,392,"Tuesday, July 1, 2014",20001,43
19,392,"Tuesday, July 1, 2014",68001,50
19,392,"Tuesday, July 1, 2014",72,46
19,392,"Tuesday, July 1, 2014",40003,30
19,392,"Tuesday, July 1, 2014",50001,41
19,392,"Tuesday, July 1, 2014",27,40
19,392,"Tuesday, July 1, 2014",64,45
19,392,"Tuesday, July 1, 2014",66002,38
19,392,"Tuesday, July 1, 2014",68001,38
14,392,"Saturday, February 1, 2014",20058,37
14,392,"Saturday, February 1, 2014",53001,42
14,392,"Saturday, February 1, 2014",53001,49
14,392,"Saturday, February 1, 2014",12,45
14,392,"Saturday, February 1, 2014",63,30
14,392,"Saturday, February 1, 2014",20041,39
14,392,"Saturday, February 1, 2014",57001,50
14,392,"Saturday, February 1, 2014",27,47
14,392,"Saturday, February 1, 2014",19701,34
14,392,"Saturday, February 1, 2014",12,41
14,392,"Saturday, February 1, 2014",40003,41
14,392,"Saturday, February 1, 2014",6001,48
14,392,"Saturday, February 1, 2014",116,47
14,392,"Saturday, February 1, 2014",14,40
14,392,"Saturday, February 1, 2014",39813,38
14,392,"Saturday, February 1, 2014",46001,38
14,392,"Saturday, February 1, 2014",56,48
14,392,"Saturday, February 1, 2014",57001,43
14,392,"Saturday, February 1, 2014",68,42
14,392,"Saturday, February 1, 2014",14,39
14,392,"Saturday, February 1, 2014",38848,37
14,392,"Saturday, February 1, 2014",19701,35
14,392,"Saturday, February 1, 2014",42223,35
14,392,"Saturday, February 1, 2014",5101,43
14,392,"Saturday, February 1, 2014",5101,49
14,392,"Saturday, February 1, 2014",6001,49
14,392,"Saturday, February 1, 2014",15937,44
14,392,"Saturday, February 1, 2014",29001,50
14,392,"Saturday, February 1, 2014",27,30
14,392,"Saturday, February 1, 2014",35004,38
14,392,"Saturday, February 1, 2014",71601,46
14,392,"Saturday, February 1, 2014",71,34
14,392,"Saturday, February 1, 2014",62356,42
14,392,"Saturday, February 1, 2014",20041,43
14,392,"Saturday, February 1, 2014",42223,47
14,392,"Saturday, February 1, 2014",72,35
14,392,"Saturday, February 1, 2014",68001,47
14,392,"Saturday, February 1, 2014",56,31
14,392,"Saturday, February 1, 2014",19701,37
14,392,"Saturday, February 1, 2014",63005,43
14,392,"Saturday, February 1, 2014",158,32
14,392,"Saturday, February 1, 2014",88901,48
14,392,"Saturday, February 1, 2014",68,46
14,392,"Saturday, February 1, 2014",50001,48
14,392,"Saturday, February 1, 2014",158,49
14,392,"Saturday, February 1, 2014",63005,43
14,392,"Saturday, February 1, 2014",24701,43
14,392,"Saturday, February 1, 2014",24701,47
14,392,"Saturday, February 1, 2014",7001,46
14,392,"Saturday, February 1, 2014",42223,43
14,392,"Saturday, February 1, 2014",116,34
14,392,"Saturday, February 1, 2014",19701,30
14,392,"Saturday, February 1, 2014",64,35
14,392,"Saturday, February 1, 2014",57001,35
14,392,"Saturday, February 1, 2014",15937,49
14,392,"Saturday, February 1, 2014",27,37
14,392,"Saturday, February 1, 2014",158,38
14,392,"Saturday, February 1, 2014",82001,42
14,392,"Saturday, February 1, 2014",158,50
14,392,"Saturday, February 1, 2014",14,32
14,392,"Saturday, February 1, 2014",62356,44
14,392,"Saturday, February 1, 2014",43001,40
14,392,"Saturday, February 1, 2014",29001,40
14,392,"Saturday, February 1, 2014",12,35
14,392,"Saturday, February 1, 2014",57001,46
14,392,"Saturday, February 1, 2014",59,48
14,392,"Saturday, February 1, 2014",501,34
14,392,"Saturday, February 1, 2014",14,43
14,392,"Saturday, February 1, 2014",20041,32
14,392,"Saturday, February 1, 2014",53001,32
14,392,"Saturday, February 1, 2014",50001,40
14,392,"Saturday, February 1, 2014",71601,50
14,392,"Saturday, February 1, 2014",20001,49
14,392,"Saturday, February 1, 2014",82001,41
14,392,"Saturday, February 1, 2014",46001,31
14,392,"Saturday, February 1, 2014",63,48
14,392,"Saturday, February 1, 2014",158,47
14,392,"Saturday, February 1, 2014",14,32
14,392,"Saturday, February 1, 2014",67,32
14,392,"Saturday, February 1, 2014",66002,49
14,392,"Saturday, February 1, 2014",20058,39
14,392,"Saturday, February 1, 2014",2801,46
14,392,"Saturday, February 1, 2014",2801,46
12,392,"Sunday, December 1, 2013",84,45
12,392,"Sunday, December 1, 2013",39813,44
12,392,"Sunday, December 1, 2013",68,40
12,392,"Sunday, December 1, 2013",188,42
12,392,"Sunday, December 1, 2013",15937,47
12,392,"Sunday, December 1, 2013",68001,47
12,392,"Sunday, December 1, 2013",58001,43
12,392,"Sunday, December 1, 2013",20041,58
12,392,"Sunday, December 1, 2013",15937,50
12,392,"Sunday, December 1, 2013",35004,51
12,392,"Sunday, December 1, 2013",5101,54
12,392,"Sunday, December 1, 2013",5101,60
12,392,"Sunday, December 1, 2013",62356,57
12,392,"Sunday, December 1, 2013",116,57
12,392,"Sunday, December 1, 2013",88901,58
12,392,"Sunday, December 1, 2013",64,41
12,392,"Sunday, December 1, 2013",67,59
12,392,"Sunday, December 1, 2013",66002,52
12,392,"Sunday, December 1, 2013",53001,48
12,392,"Sunday, December 1, 2013",20058,41
12,392,"Sunday, December 1, 2013",63,47
12,392,"Sunday, December 1, 2013",116,57
12,392,"Sunday, December 1, 2013",88901,53
12,392,"Sunday, December 1, 2013",72,55
12,392,"Sunday, December 1, 2013",501,56
12,392,"Sunday, December 1, 2013",15937,44
12,392,"Sunday, December 1, 2013",63005,48
12,392,"Sunday, December 1, 2013",53001,50
12,392,"Sunday, December 1, 2013",84,44
12,392,"Sunday, December 1, 2013",68001,58
12,392,"Sunday, December 1, 2013",68,50
12,392,"Sunday, December 1, 2013",63,46
12,392,"Sunday, December 1, 2013",158,41
12,392,"Sunday, December 1, 2013",72,59
12,392,"Sunday, December 1, 2013",48001,49
12,392,"Sunday, December 1, 2013",1,47
12,392,"Sunday, December 1, 2013",57001,41
12,392,"Sunday, December 1, 2013",20041,47
12,392,"Sunday, December 1, 2013",66002,52
12,392,"Sunday, December 1, 2013",2801,44
12,392,"Sunday, December 1, 2013",82001,57
12,392,"Sunday, December 1, 2013",71,51
12,392,"Sunday, December 1, 2013",12,60
12,392,"Sunday, December 1, 2013",14,52
12,392,"Sunday, December 1, 2013",71,55
12,392,"Sunday, December 1, 2013",39813,58
12,392,"Sunday, December 1, 2013",501,52
12,392,"Sunday, December 1, 2013",3033,55
12,392,"Sunday, December 1, 2013",20058,54
12,392,"Sunday, December 1, 2013",5101,46
12,392,"Sunday, December 1, 2013",42223,56
12,392,"Sunday, December 1, 2013",57001,52
12,392,"Sunday, December 1, 2013",116,44
12,392,"Sunday, December 1, 2013",57001,41
12,392,"Sunday, December 1, 2013",71,51
12,392,"Sunday, December 1, 2013",71,60
12,392,"Sunday, December 1, 2013",71,54
12,392,"Sunday, December 1, 2013",20041,48
12,392,"Sunday, December 1, 2013",72,41
12,392,"Sunday, December 1, 2013",2801,45
12,392,"Sunday, December 1, 2013",5101,41
12,392,"Sunday, December 1, 2013",1,54
12,392,"Sunday, December 1, 2013",24701,46
12,392,"Sunday, December 1, 2013",20041,52
12,392,"Sunday, December 1, 2013",63,44
12,392,"Sunday, December 1, 2013",84,51
12,392,"Sunday, December 1, 2013",1,57
12,392,"Sunday, December 1, 2013",2801,42
12,392,"Sunday, December 1, 2013",84,56
12,392,"Sunday, December 1, 2013",20058,44
12,392,"Sunday, December 1, 2013",19701,42
12,392,"Sunday, December 1, 2013",48001,53
12,392,"Sunday, December 1, 2013",501,52
12,392,"Sunday, December 1, 2013",14,50
12,392,"Sunday, December 1, 2013",50001,56
12,392,"Sunday, December 1, 2013",19701,49
12,392,"Sunday, December 1, 2013",50001,53
12,392,"Sunday, December 1, 2013",29001,53
12,392,"Sunday, December 1, 2013",88901,59
12,392,"Sunday, December 1, 2013",501,48
12,392,"Sunday, December 1, 2013",116,53
12,392,"Sunday, December 1, 2013",67,55
12,392,"Sunday, December 1, 2013",62356,48
9,392,"Sunday, September 1, 2013",57001,46
9,392,"Sunday, September 1, 2013",57001,52
9,392,"Sunday, September 1, 2013",68001,60
9,392,"Sunday, September 1, 2013",7001,59
9,392,"Sunday, September 1, 2013",27,57
9,392,"Sunday, September 1, 2013",71601,51
9,392,"Sunday, September 1, 2013",39813,49
9,392,"Sunday, September 1, 2013",38848,45
9,392,"Sunday, September 1, 2013",7001,54
9,392,"Sunday, September 1, 2013",19701,60
9,392,"Sunday, September 1, 2013",27,51
9,392,"Sunday, September 1, 2013",53001,48
9,392,"Sunday, September 1, 2013",57001,51
9,392,"Sunday, September 1, 2013",29001,49
9,392,"Sunday, September 1, 2013",116,56
9,392,"Sunday, September 1, 2013",27,57
9,392,"Sunday, September 1, 2013",56,52
9,392,"Sunday, September 1, 2013",2801,51
9,392,"Sunday, September 1, 2013",41,55
9,392,"Sunday, September 1, 2013",1,54
9,392,"Sunday, September 1, 2013",71,51
9,392,"Sunday, September 1, 2013",38848,49
9,392,"Sunday, September 1, 2013",62356,48
9,392,"Sunday, September 1, 2013",14,52
9,392,"Sunday, September 1, 2013",14,58
9,392,"Sunday, September 1, 2013",59,55
9,392,"Sunday, September 1, 2013",71601,42
9,392,"Sunday, September 1, 2013",67,55
9,392,"Sunday, September 1, 2013",35004,47
9,392,"Sunday, September 1, 2013",63,54
9,392,"Sunday, September 1, 2013",2801,60
9,392,"Sunday, September 1, 2013",24701,52
9,392,"Sunday, September 1, 2013",67,50
9,392,"Sunday, September 1, 2013",72,59
9,392,"Sunday, September 1, 2013",82001,49
9,392,"Sunday, September 1, 2013",82001,54
9,392,"Sunday, September 1, 2013",64,41
9,392,"Sunday, September 1, 2013",2801,42
9,392,"Sunday, September 1, 2013",41,54
9,392,"Sunday, September 1, 2013",15937,55
9,392,"Sunday, September 1, 2013",48001,51
9,392,"Sunday, September 1, 2013",46001,44
9,392,"Sunday, September 1, 2013",68,58
9,392,"Sunday, September 1, 2013",41,53
9,392,"Sunday, September 1, 2013",62356,43
9,392,"Sunday, September 1, 2013",40003,42
9,392,"Sunday, September 1, 2013",35004,41
9,392,"Sunday, September 1, 2013",82001,48
9,392,"Sunday, September 1, 2013",46001,47
9,392,"Sunday, September 1, 2013",71601,58
9,392,"Sunday, September 1, 2013",64,41
9,392,"Sunday, September 1, 2013",3033,54
9,392,"Sunday, September 1, 2013",20041,57
9,392,"Sunday, September 1, 2013",39813,58
9,392,"Sunday, September 1, 2013",35004,41
9,392,"Sunday, September 1, 2013",27,44
9,392,"Sunday, September 1, 2013",46001,48
9,392,"Sunday, September 1, 2013",62356,59
9,392,"Sunday, September 1, 2013",56,56
9,392,"Sunday, September 1, 2013",158,41
9,392,"Sunday, September 1, 2013",158,45
9,392,"Sunday, September 1, 2013",58001,41
9,392,"Sunday, September 1, 2013",43001,60
9,392,"Sunday, September 1, 2013",38848,45
9,392,"Sunday, September 1, 2013",5101,60
9,392,"Sunday, September 1, 2013",19701,56
9,392,"Sunday, September 1, 2013",42223,57
9,392,"Sunday, September 1, 2013",63005,50
9,392,"Sunday, September 1, 2013",88901,40
9,392,"Sunday, September 1, 2013",67,52
9,392,"Sunday, September 1, 2013",42223,57
9,392,"Sunday, September 1, 2013",24701,46
9,392,"Sunday, September 1, 2013",116,42
9,392,"Sunday, September 1, 2013",38848,50
9,392,"Sunday, September 1, 2013",29001,57
9,392,"Sunday, September 1, 2013",7001,48
9,392,"Sunday, September 1, 2013",53001,53
9,392,"Sunday, September 1, 2013",64,48
9,392,"Sunday, September 1, 2013",38848,56
9,392,"Sunday, September 1, 2013",2801,50
9,392,"Sunday, September 1, 2013",62356,55
9,392,"Sunday, September 1, 2013",35004,44
9,392,"Sunday, September 1, 2013",2801,51
9,392,"Sunday, September 1, 2013",67,52
9,392,"Sunday, September 1, 2013",41,43
9,392,"Sunday, September 1, 2013",62356,57
9,392,"Sunday, September 1, 2013",43001,41
9,392,"Sunday, September 1, 2013",48001,45
18,392,"Sunday, June 1, 2014",63,32
18,392,"Sunday, June 1, 2014",68001,40
18,392,"Sunday, June 1, 2014",53001,46
18,392,"Sunday, June 1, 2014",50001,40
18,392,"Sunday, June 1, 2014",20058,48
18,392,"Sunday, June 1, 2014",3033,45
18,392,"Sunday, June 1, 2014",41,48
18,392,"Sunday, June 1, 2014",71,47
18,392,"Sunday, June 1, 2014",29001,42
18,392,"Sunday, June 1, 2014",27,31
18,392,"Sunday, June 1, 2014",72,31
18,392,"Sunday, June 1, 2014",38848,34
18,392,"Sunday, June 1, 2014",12,39
18,392,"Sunday, June 1, 2014",7001,50
18,392,"Sunday, June 1, 2014",59,36
18,392,"Sunday, June 1, 2014",116,37
18,392,"Sunday, June 1, 2014",71601,38
18,392,"Sunday, June 1, 2014",41,40
18,392,"Sunday, June 1, 2014",7001,50
18,392,"Sunday, June 1, 2014",58001,39
18,392,"Sunday, June 1, 2014",71601,43
18,392,"Sunday, June 1, 2014",57001,34
18,392,"Sunday, June 1, 2014",14,35
18,392,"Sunday, June 1, 2014",20041,32
18,392,"Sunday, June 1, 2014",15937,36
18,392,"Sunday, June 1, 2014",15937,44
18,392,"Sunday, June 1, 2014",58001,50
18,392,"Sunday, June 1, 2014",63,50
18,392,"Sunday, June 1, 2014",2801,32
18,392,"Sunday, June 1, 2014",2801,50
18,392,"Sunday, June 1, 2014",20041,31
18,392,"Sunday, June 1, 2014",188,38
18,392,"Sunday, June 1, 2014",48001,30
18,392,"Sunday, June 1, 2014",15937,31
18,392,"Sunday, June 1, 2014",20058,39
18,392,"Sunday, June 1, 2014",42223,35
18,392,"Sunday, June 1, 2014",57001,36
18,392,"Sunday, June 1, 2014",40003,30
18,392,"Sunday, June 1, 2014",53001,50
18,392,"Sunday, June 1, 2014",27,31
18,392,"Sunday, June 1, 2014",35004,47
18,392,"Sunday, June 1, 2014",188,38
18,392,"Sunday, June 1, 2014",67,46
18,392,"Sunday, June 1, 2014",1,35
18,392,"Sunday, June 1, 2014",40003,46
18,392,"Sunday, June 1, 2014",57001,50
18,392,"Sunday, June 1, 2014",7001,32
18,392,"Sunday, June 1, 2014",1,47
18,392,"Sunday, June 1, 2014",38848,33
18,392,"Sunday, June 1, 2014",56,36
18,392,"Sunday, June 1, 2014",68001,41
18,392,"Sunday, June 1, 2014",20058,32
18,392,"Sunday, June 1, 2014",40003,33
18,392,"Sunday, June 1, 2014",6001,38
18,392,"Sunday, June 1, 2014",5101,34
18,392,"Sunday, June 1, 2014",19701,37
18,392,"Sunday, June 1, 2014",12,42
18,392,"Sunday, June 1, 2014",63005,34
18,392,"Sunday, June 1, 2014",1,49
18,392,"Sunday, June 1, 2014",63,47
18,392,"Sunday, June 1, 2014",20001,46
18,392,"Sunday, June 1, 2014",2801,31
18,392,"Sunday, June 1, 2014",2801,42
18,392,"Sunday, June 1, 2014",116,47
18,392,"Sunday, June 1, 2014",84,48
18,392,"Sunday, June 1, 2014",41,30
18,392,"Sunday, June 1, 2014",14,30
18,392,"Sunday, June 1, 2014",38848,39
18,392,"Sunday, June 1, 2014",6001,34
18,392,"Sunday, June 1, 2014",58001,31
18,392,"Sunday, June 1, 2014",158,35
18,392,"Sunday, June 1, 2014",15937,43
18,392,"Sunday, June 1, 2014",58001,42
18,392,"Sunday, June 1, 2014",188,33
18,392,"Sunday, June 1, 2014",48001,40
18,392,"Sunday, June 1, 2014",20041,31
18,392,"Sunday, June 1, 2014",5101,30
18,392,"Sunday, June 1, 2014",50001,38
18,392,"Sunday, June 1, 2014",50001,40
18,392,"Sunday, June 1, 2014",3033,31
18,392,"Sunday, June 1, 2014",67,47
18,392,"Sunday, June 1, 2014",35004,50
18,392,"Sunday, June 1, 2014",58001,33
18,392,"Sunday, June 1, 2014",88901,32
18,392,"Sunday, June 1, 2014",59,30
18,392,"Sunday, June 1, 2014",39813,30
18,392,"Sunday, June 1, 2014",2801,33
18,392,"Sunday, June 1, 2014",20001,39
18,392,"Sunday, June 1, 2014",6001,38
7,392,"Monday, July 1, 2013",50001,46
7,392,"Monday, July 1, 2013",35004,44
7,392,"Monday, July 1, 2013",58001,47
7,392,"Monday, July 1, 2013",63005,41
7,392,"Monday, July 1, 2013",12,41
7,392,"Monday, July 1, 2013",20041,43
7,392,"Monday, July 1, 2013",66002,53
7,392,"Monday, July 1, 2013",24701,40
7,392,"Monday, July 1, 2013",29001,41
7,392,"Monday, July 1, 2013",57001,52
7,392,"Monday, July 1, 2013",84,55
7,392,"Monday, July 1, 2013",42223,57
7,392,"Monday, July 1, 2013",56,47
7,392,"Monday, July 1, 2013",501,53
7,392,"Monday, July 1, 2013",29001,48
7,392,"Monday, July 1, 2013",12,50
7,392,"Monday, July 1, 2013",20041,44
7,392,"Monday, July 1, 2013",27,48
7,392,"Monday, July 1, 2013",41,46
7,392,"Monday, July 1, 2013",41,41
7,392,"Monday, July 1, 2013",2801,40
7,392,"Monday, July 1, 2013",20041,43
7,392,"Monday, July 1, 2013",66002,49
7,392,"Monday, July 1, 2013",58001,59
7,392,"Monday, July 1, 2013",5101,60
7,392,"Monday, July 1, 2013",48001,56
7,392,"Monday, July 1, 2013",71601,51
7,392,"Monday, July 1, 2013",14,57
7,392,"Monday, July 1, 2013",188,57
7,392,"Monday, July 1, 2013",20001,57
7,392,"Monday, July 1, 2013",72,57
7,392,"Monday, July 1, 2013",2801,45
7,392,"Monday, July 1, 2013",67,55
7,392,"Monday, July 1, 2013",19701,55
7,392,"Monday, July 1, 2013",68,45
7,392,"Monday, July 1, 2013",84,55
7,392,"Monday, July 1, 2013",6001,49
7,392,"Monday, July 1, 2013",57001,41
7,392,"Monday, July 1, 2013",24701,46
7,392,"Monday, July 1, 2013",158,42
7,392,"Monday, July 1, 2013",188,50
7,392,"Monday, July 1, 2013",66002,54
7,392,"Monday, July 1, 2013",72,49
7,392,"Monday, July 1, 2013",63,57
7,392,"Monday, July 1, 2013",48001,53
7,392,"Monday, July 1, 2013",63,46
7,392,"Monday, July 1, 2013",50001,53
7,392,"Monday, July 1, 2013",88901,44
7,392,"Monday, July 1, 2013",20041,41
7,392,"Monday, July 1, 2013",59,50
7,392,"Monday, July 1, 2013",3033,42
7,392,"Monday, July 1, 2013",12,56
7,392,"Monday, July 1, 2013",43001,58
7,392,"Monday, July 1, 2013",72,42
7,392,"Monday, July 1, 2013",14,57
7,392,"Monday, July 1, 2013",116,40
7,392,"Monday, July 1, 2013",68001,45
7,392,"Monday, July 1, 2013",56,55
7,392,"Monday, July 1, 2013",20058,51
7,392,"Monday, July 1, 2013",6001,41
7,392,"Monday, July 1, 2013",12,43
7,392,"Monday, July 1, 2013",116,48
7,392,"Monday, July 1, 2013",84,48
7,392,"Monday, July 1, 2013",68,41
7,392,"Monday, July 1, 2013",63005,46
7,392,"Monday, July 1, 2013",64,57
7,392,"Monday, July 1, 2013",58001,47
7,392,"Monday, July 1, 2013",12,47
7,392,"Monday, July 1, 2013",501,50
7,392,"Monday, July 1, 2013",188,57
7,392,"Monday, July 1, 2013",68001,42
7,392,"Monday, July 1, 2013",88901,48
7,392,"Monday, July 1, 2013",40003,46
7,392,"Monday, July 1, 2013",64,47
7,392,"Monday, July 1, 2013",46001,52
7,392,"Monday, July 1, 2013",72,54
7,392,"Monday, July 1, 2013",84,46
7,392,"Monday, July 1, 2013",12,55
7,392,"Monday, July 1, 2013",57001,45
7,392,"Monday, July 1, 2013",50001,60
7,392,"Monday, July 1, 2013",88901,45
7,392,"Monday, July 1, 2013",57001,40
7,392,"Monday, July 1, 2013",41,56
7,392,"Monday, July 1, 2013",20058,55
7,392,"Monday, July 1, 2013",53001,60
7,392,"Monday, July 1, 2013",6001,41
7,392,"Monday, July 1, 2013",88901,48
7,392,"Monday, July 1, 2013",6001,59
7,392,"Monday, July 1, 2013",46001,54
7,392,"Monday, July 1, 2013",48001,41
7,392,"Monday, July 1, 2013",56,49
13,392,"Wednesday, January 1, 2014",20041,45
13,392,"Wednesday, January 1, 2014",88901,44
13,392,"Wednesday, January 1, 2014",67,43
13,392,"Wednesday, January 1, 2014",1,44
13,392,"Wednesday, January 1, 2014",35004,46
13,392,"Wednesday, January 1, 2014",20058,60
13,392,"Wednesday, January 1, 2014",24701,41
13,392,"Wednesday, January 1, 2014",82001,41
13,392,"Wednesday, January 1, 2014",116,50
13,392,"Wednesday, January 1, 2014",71,57
13,392,"Wednesday, January 1, 2014",7001,53
13,392,"Wednesday, January 1, 2014",57001,46
13,392,"Wednesday, January 1, 2014",116,59
13,392,"Wednesday, January 1, 2014",6001,42
13,392,"Wednesday, January 1, 2014",20058,53
13,392,"Wednesday, January 1, 2014",6001,47
13,392,"Wednesday, January 1, 2014",63,56
13,392,"Wednesday, January 1, 2014",19701,46
13,392,"Wednesday, January 1, 2014",35004,45
13,392,"Wednesday, January 1, 2014",59,55
13,392,"Wednesday, January 1, 2014",43001,57
13,392,"Wednesday, January 1, 2014",19701,49
13,392,"Wednesday, January 1, 2014",39813,46
13,392,"Wednesday, January 1, 2014",12,49
13,392,"Wednesday, January 1, 2014",42223,42
13,392,"Wednesday, January 1, 2014",158,54
13,392,"Wednesday, January 1, 2014",27,59
13,392,"Wednesday, January 1, 2014",68001,41
13,392,"Wednesday, January 1, 2014",82001,45
13,392,"Wednesday, January 1, 2014",53001,45
13,392,"Wednesday, January 1, 2014",57001,55
13,392,"Wednesday, January 1, 2014",188,57
13,392,"Wednesday, January 1, 2014",71,46
13,392,"Wednesday, January 1, 2014",41,54
13,392,"Wednesday, January 1, 2014",158,57
13,392,"Wednesday, January 1, 2014",66002,42
13,392,"Wednesday, January 1, 2014",20001,47
13,392,"Wednesday, January 1, 2014",2801,48
13,392,"Wednesday, January 1, 2014",58001,45
13,392,"Wednesday, January 1, 2014",59,54
13,392,"Wednesday, January 1, 2014",88901,44
13,392,"Wednesday, January 1, 2014",53001,45
13,392,"Wednesday, January 1, 2014",7001,57
13,392,"Wednesday, January 1, 2014",43001,51
13,392,"Wednesday, January 1, 2014",46001,43
13,392,"Wednesday, January 1, 2014",71,49
13,392,"Wednesday, January 1, 2014",57001,45
13,392,"Wednesday, January 1, 2014",20058,43
13,392,"Wednesday, January 1, 2014",40003,51
13,392,"Wednesday, January 1, 2014",46001,45
13,392,"Wednesday, January 1, 2014",501,46
13,392,"Wednesday, January 1, 2014",12,55
13,392,"Wednesday, January 1, 2014",64,43
13,392,"Wednesday, January 1, 2014",158,42
13,392,"Wednesday, January 1, 2014",66002,53
13,392,"Wednesday, January 1, 2014",71,52
13,392,"Wednesday, January 1, 2014",14,40
13,392,"Wednesday, January 1, 2014",48001,52
13,392,"Wednesday, January 1, 2014",53001,42
13,392,"Wednesday, January 1, 2014",50001,47
13,392,"Wednesday, January 1, 2014",59,45
13,392,"Wednesday, January 1, 2014",84,58
13,392,"Wednesday, January 1, 2014",57001,44
13,392,"Wednesday, January 1, 2014",64,47
13,392,"Wednesday, January 1, 2014",40003,59
13,392,"Wednesday, January 1, 2014",59,41
13,392,"Wednesday, January 1, 2014",50001,44
13,392,"Wednesday, January 1, 2014",20001,46
13,392,"Wednesday, January 1, 2014",7001,51
13,392,"Wednesday, January 1, 2014",1,52
13,392,"Wednesday, January 1, 2014",66002,52
13,392,"Wednesday, January 1, 2014",46001,52
13,392,"Wednesday, January 1, 2014",20058,40
13,392,"Wednesday, January 1, 2014",72,43
13,392,"Wednesday, January 1, 2014",35004,46
13,392,"Wednesday, January 1, 2014",62356,54
13,392,"Wednesday, January 1, 2014",72,56
13,392,"Wednesday, January 1, 2014",27,56
13,392,"Wednesday, January 1, 2014",41,59
13,392,"Wednesday, January 1, 2014",46001,46
13,392,"Wednesday, January 1, 2014",19701,55
13,392,"Wednesday, January 1, 2014",27,46
13,392,"Wednesday, January 1, 2014",40003,58
13,392,"Wednesday, January 1, 2014",1,56
13,392,"Wednesday, January 1, 2014",2801,60
13,392,"Wednesday, January 1, 2014",67,49
13,392,"Wednesday, January 1, 2014",67,46
13,392,"Wednesday, January 1, 2014",58001,55
13,392,"Wednesday, January 1, 2014",82001,60
13,392,"Wednesday, January 1, 2014",46001,52
13,392,"Wednesday, January 1, 2014",116,53
13,392,"Wednesday, January 1, 2014",24701,50
21,392,"Monday, September 1, 2014",57001,74
21,392,"Monday, September 1, 2014",7001,72
21,392,"Monday, September 1, 2014",42223,72
21,392,"Monday, September 1, 2014",56,71
21,392,"Monday, September 1, 2014",2801,80
21,392,"Monday, September 1, 2014",53001,58
21,392,"Monday, September 1, 2014",50001,80
21,392,"Monday, September 1, 2014",116,79
21,392,"Monday, September 1, 2014",82001,75
21,392,"Monday, September 1, 2014",62356,65
21,392,"Monday, September 1, 2014",71601,68
21,392,"Monday, September 1, 2014",66002,59
21,392,"Monday, September 1, 2014",66002,61
21,392,"Monday, September 1, 2014",48001,63
21,392,"Monday, September 1, 2014",6001,53
21,392,"Monday, September 1, 2014",35004,60
21,392,"Monday, September 1, 2014",6001,62
21,392,"Monday, September 1, 2014",20001,72
21,392,"Monday, September 1, 2014",2801,50
21,392,"Monday, September 1, 2014",53001,50
21,392,"Monday, September 1, 2014",20001,67
21,392,"Monday, September 1, 2014",2801,80
21,392,"Monday, September 1, 2014",64,59
21,392,"Monday, September 1, 2014",5101,72
21,392,"Monday, September 1, 2014",29001,53
21,392,"Monday, September 1, 2014",6001,54
21,392,"Monday, September 1, 2014",57001,74
21,392,"Monday, September 1, 2014",40003,79
21,392,"Monday, September 1, 2014",84,64
21,392,"Monday, September 1, 2014",66002,65
21,392,"Monday, September 1, 2014",82001,59
21,392,"Monday, September 1, 2014",46001,64
21,392,"Monday, September 1, 2014",84,57
21,392,"Monday, September 1, 2014",116,77
21,392,"Monday, September 1, 2014",188,55
21,392,"Monday, September 1, 2014",20041,75
21,392,"Monday, September 1, 2014",84,51
21,392,"Monday, September 1, 2014",50001,57
21,392,"Monday, September 1, 2014",59,68
21,392,"Monday, September 1, 2014",7001,63
21,392,"Monday, September 1, 2014",53001,59
21,392,"Monday, September 1, 2014",63,77
21,392,"Monday, September 1, 2014",158,54
21,392,"Monday, September 1, 2014",5101,64
21,392,"Monday, September 1, 2014",20041,77
21,392,"Monday, September 1, 2014",6001,80
21,392,"Monday, September 1, 2014",41,68
21,392,"Monday, September 1, 2014",1,51
21,392,"Monday, September 1, 2014",62356,65
21,392,"Monday, September 1, 2014",71601,68
21,392,"Monday, September 1, 2014",188,76
21,392,"Monday, September 1, 2014",62356,63
21,392,"Monday, September 1, 2014",46001,60
21,392,"Monday, September 1, 2014",158,80
21,392,"Monday, September 1, 2014",48001,50
21,392,"Monday, September 1, 2014",56,56
21,392,"Monday, September 1, 2014",53001,61
21,392,"Monday, September 1, 2014",116,60
21,392,"Monday, September 1, 2014",14,70
21,392,"Monday, September 1, 2014",38848,76
21,392,"Monday, September 1, 2014",88901,70
21,392,"Monday, September 1, 2014",41,53
21,392,"Monday, September 1, 2014",5101,68
21,392,"Monday, September 1, 2014",39813,61
21,392,"Monday, September 1, 2014",501,55
21,392,"Monday, September 1, 2014",188,62
21,392,"Monday, September 1, 2014",24701,57
21,392,"Monday, September 1, 2014",50001,80
21,392,"Monday, September 1, 2014",67,75
21,392,"Monday, September 1, 2014",58001,53
21,392,"Monday, September 1, 2014",20001,67
21,392,"Monday, September 1, 2014",67,72
21,392,"Monday, September 1, 2014",67,59
21,392,"Monday, September 1, 2014",68,57
21,392,"Monday, September 1, 2014",66002,75
21,392,"Monday, September 1, 2014",58001,51
21,392,"Monday, September 1, 2014",6001,50
21,392,"Monday, September 1, 2014",68,67
21,392,"Monday, September 1, 2014",68001,52
21,392,"Monday, September 1, 2014",66002,65
21,392,"Monday, September 1, 2014",58001,60
21,392,"Monday, September 1, 2014",27,53
21,392,"Monday, September 1, 2014",40003,53
21,392,"Monday, September 1, 2014",57001,57
21,392,"Monday, September 1, 2014",46001,64
21,392,"Monday, September 1, 2014",1,51
21,392,"Monday, September 1, 2014",67,62
21,392,"Monday, September 1, 2014",5101,72
21,392,"Monday, September 1, 2014",501,80
21,392,"Monday, September 1, 2014",57001,66
21,392,"Monday, September 1, 2014",40003,65
21,392,"Monday, September 1, 2014",53001,51
21,392,"Monday, September 1, 2014",68001,58
11,392,"Friday, November 1, 2013",19701,50
11,392,"Friday, November 1, 2013",64,59
11,392,"Friday, November 1, 2013",27,45
11,392,"Friday, November 1, 2013",56,54
11,392,"Friday, November 1, 2013",116,56
11,392,"Friday, November 1, 2013",6001,41
11,392,"Friday, November 1, 2013",24701,55
11,392,"Friday, November 1, 2013",15937,54
11,392,"Friday, November 1, 2013",68,44
11,392,"Friday, November 1, 2013",67,60
11,392,"Friday, November 1, 2013",68,46
11,392,"Friday, November 1, 2013",72,53
11,392,"Friday, November 1, 2013",12,53
11,392,"Friday, November 1, 2013",38848,55
11,392,"Friday, November 1, 2013",63005,52
11,392,"Friday, November 1, 2013",3033,50
11,392,"Friday, November 1, 2013",68001,59
11,392,"Friday, November 1, 2013",71601,58
11,392,"Friday, November 1, 2013",72,53
11,392,"Friday, November 1, 2013",41,57
11,392,"Friday, November 1, 2013",35004,56
11,392,"Friday, November 1, 2013",39813,52
11,392,"Friday, November 1, 2013",82001,44
11,392,"Friday, November 1, 2013",24701,43
11,392,"Friday, November 1, 2013",58001,44
11,392,"Friday, November 1, 2013",7001,51
11,392,"Friday, November 1, 2013",158,48
11,392,"Friday, November 1, 2013",72,40
11,392,"Friday, November 1, 2013",2801,48
11,392,"Friday, November 1, 2013",20041,47
11,392,"Friday, November 1, 2013",35004,53
11,392,"Friday, November 1, 2013",20001,54
11,392,"Friday, November 1, 2013",15937,43
11,392,"Friday, November 1, 2013",39813,53
11,392,"Friday, November 1, 2013",71,43
11,392,"Friday, November 1, 2013",12,46
11,392,"Friday, November 1, 2013",40003,52
11,392,"Friday, November 1, 2013",63005,59
11,392,"Friday, November 1, 2013",2801,51
11,392,"Friday, November 1, 2013",15937,53
11,392,"Friday, November 1, 2013",46001,56
11,392,"Friday, November 1, 2013",12,58
11,392,"Friday, November 1, 2013",38848,60
11,392,"Friday, November 1, 2013",20001,44
11,392,"Friday, November 1, 2013",63,44
11,392,"Friday, November 1, 2013",12,55
11,392,"Friday, November 1, 2013",24701,49
11,392,"Friday, November 1, 2013",57001,57
11,392,"Friday, November 1, 2013",64,55
11,392,"Friday, November 1, 2013",43001,56
11,392,"Friday, November 1, 2013",50001,48
11,392,"Friday, November 1, 2013",62356,51
11,392,"Friday, November 1, 2013",5101,58
11,392,"Friday, November 1, 2013",40003,45
11,392,"Friday, November 1, 2013",12,53
11,392,"Friday, November 1, 2013",66002,41
11,392,"Friday, November 1, 2013",1,49
11,392,"Friday, November 1, 2013",501,50
11,392,"Friday, November 1, 2013",72,41
11,392,"Friday, November 1, 2013",20001,50
11,392,"Friday, November 1, 2013",6001,49
11,392,"Friday, November 1, 2013",20041,56
11,392,"Friday, November 1, 2013",53001,44
11,392,"Friday, November 1, 2013",71,55
11,392,"Friday, November 1, 2013",56,45
11,392,"Friday, November 1, 2013",501,47
11,392,"Friday, November 1, 2013",57001,59
11,392,"Friday, November 1, 2013",57001,55
11,392,"Friday, November 1, 2013",14,46
11,392,"Friday, November 1, 2013",42223,40
11,392,"Friday, November 1, 2013",116,57
11,392,"Friday, November 1, 2013",19701,53
11,392,"Friday, November 1, 2013",14,51
11,392,"Friday, November 1, 2013",68001,57
11,392,"Friday, November 1, 2013",1,50
11,392,"Friday, November 1, 2013",41,49
11,392,"Friday, November 1, 2013",59,43
11,392,"Friday, November 1, 2013",5101,45
11,392,"Friday, November 1, 2013",27,54
11,392,"Friday, November 1, 2013",71601,57
11,392,"Friday, November 1, 2013",20001,40
11,392,"Friday, November 1, 2013",56,60
11,392,"Friday, November 1, 2013",66002,58
11,392,"Friday, November 1, 2013",501,59
11,392,"Friday, November 1, 2013",20058,50
11,392,"Friday, November 1, 2013",68001,43
11,392,"Friday, November 1, 2013",188,59
11,392,"Friday, November 1, 2013",29001,43
11,392,"Friday, November 1, 2013",158,59
11,392,"Friday, November 1, 2013",20001,54
11,392,"Friday, November 1, 2013",188,53
11,392,"Friday, November 1, 2013",27,47
11,392,"Friday, November 1, 2013",67,59
11,392,"Friday, November 1, 2013",40003,44
23,392,"Saturday, November 1, 2014",68001,60
23,392,"Saturday, November 1, 2014",71,57
23,392,"Saturday, November 1, 2014",501,69
23,392,"Saturday, November 1, 2014",57001,65
23,392,"Saturday, November 1, 2014",39813,75
23,392,"Saturday, November 1, 2014",501,57
23,392,"Saturday, November 1, 2014",46001,50
23,392,"Saturday, November 1, 2014",68,70
23,392,"Saturday, November 1, 2014",71,66
23,392,"Saturday, November 1, 2014",14,78
23,392,"Saturday, November 1, 2014",20001,67
23,392,"Saturday, November 1, 2014",82001,79
23,392,"Saturday, November 1, 2014",27,73
23,392,"Saturday, November 1, 2014",71,61
23,392,"Saturday, November 1, 2014",2801,55
23,392,"Saturday, November 1, 2014",48001,53
23,392,"Saturday, November 1, 2014",2801,53
23,392,"Saturday, November 1, 2014",7001,61
23,392,"Saturday, November 1, 2014",64,59
23,392,"Saturday, November 1, 2014",40003,60
23,392,"Saturday, November 1, 2014",72,59
23,392,"Saturday, November 1, 2014",57001,73
23,392,"Saturday, November 1, 2014",62356,54
23,392,"Saturday, November 1, 2014",59,55
23,392,"Saturday, November 1, 2014",50001,76
23,392,"Saturday, November 1, 2014",29001,58
23,392,"Saturday, November 1, 2014",64,56
23,392,"Saturday, November 1, 2014",56,61
23,392,"Saturday, November 1, 2014",38848,76
23,392,"Saturday, November 1, 2014",14,50
23,392,"Saturday, November 1, 2014",66002,76
23,392,"Saturday, November 1, 2014",20001,53
23,392,"Saturday, November 1, 2014",63,62
23,392,"Saturday, November 1, 2014",42223,62
23,392,"Saturday, November 1, 2014",6001,52
23,392,"Saturday, November 1, 2014",40003,63
23,392,"Saturday, November 1, 2014",24701,80
23,392,"Saturday, November 1, 2014",24701,60
23,392,"Saturday, November 1, 2014",72,50
23,392,"Saturday, November 1, 2014",39813,54
23,392,"Saturday, November 1, 2014",43001,55
23,392,"Saturday, November 1, 2014",84,80
23,392,"Saturday, November 1, 2014",82001,70
23,392,"Saturday, November 1, 2014",24701,64
23,392,"Saturday, November 1, 2014",72,74
23,392,"Saturday, November 1, 2014",12,57
23,392,"Saturday, November 1, 2014",56,69
23,392,"Saturday, November 1, 2014",48001,74
23,392,"Saturday, November 1, 2014",66002,51
23,392,"Saturday, November 1, 2014",3033,67
23,392,"Saturday, November 1, 2014",12,66
23,392,"Saturday, November 1, 2014",56,64
23,392,"Saturday, November 1, 2014",62356,80
23,392,"Saturday, November 1, 2014",41,71
23,392,"Saturday, November 1, 2014",20058,72
23,392,"Saturday, November 1, 2014",62356,51
23,392,"Saturday, November 1, 2014",62356,63
23,392,"Saturday, November 1, 2014",1,52
23,392,"Saturday, November 1, 2014",40003,70
23,392,"Saturday, November 1, 2014",38848,80
23,392,"Saturday, November 1, 2014",15937,66
23,392,"Saturday, November 1, 2014",20058,50
23,392,"Saturday, November 1, 2014",71601,51
23,392,"Saturday, November 1, 2014",64,51
23,392,"Saturday, November 1, 2014",67,68
23,392,"Saturday, November 1, 2014",71,72
23,392,"Saturday, November 1, 2014",35004,51
23,392,"Saturday, November 1, 2014",42223,74
23,392,"Saturday, November 1, 2014",24701,73
23,392,"Saturday, November 1, 2014",20001,66
23,392,"Saturday, November 1, 2014",24701,54
23,392,"Saturday, November 1, 2014",43001,74
23,392,"Saturday, November 1, 2014",57001,78
23,392,"Saturday, November 1, 2014",41,59
23,392,"Saturday, November 1, 2014",15937,73
23,392,"Saturday, November 1, 2014",14,59
23,392,"Saturday, November 1, 2014",41,54
23,392,"Saturday, November 1, 2014",50001,71
23,392,"Saturday, November 1, 2014",20001,67
23,392,"Saturday, November 1, 2014",53001,59
23,392,"Saturday, November 1, 2014",7001,79
23,392,"Saturday, November 1, 2014",57001,51
23,392,"Saturday, November 1, 2014",82001,69
23,392,"Saturday, November 1, 2014",48001,75
23,392,"Saturday, November 1, 2014",6001,70
23,392,"Saturday, November 1, 2014",35004,53
23,392,"Saturday, November 1, 2014",20001,57
23,392,"Saturday, November 1, 2014",68,75
23,392,"Saturday, November 1, 2014",20041,51
23,392,"Saturday, November 1, 2014",59,71
23,392,"Saturday, November 1, 2014",71601,62
23,392,"Saturday, November 1, 2014",62356,63
23,392,"Saturday, November 1, 2014",66002,54
23,392,"Saturday, November 1, 2014",46001,57
23,392,"Saturday, November 1, 2014",56,78
23,392,"Saturday, November 1, 2014",20041,75
8,392,"Thursday, August 1, 2013",116,51
8,392,"Thursday, August 1, 2013",40003,60
8,392,"Thursday, August 1, 2013",40003,42
8,392,"Thursday, August 1, 2013",43001,57
8,392,"Thursday, August 1, 2013",64,51
8,392,"Thursday, August 1, 2013",67,50
8,392,"Thursday, August 1, 2013",3033,49
8,392,"Thursday, August 1, 2013",27,60
8,392,"Thursday, August 1, 2013",46001,46
8,392,"Thursday, August 1, 2013",1,55
8,392,"Thursday, August 1, 2013",50001,53
8,392,"Thursday, August 1, 2013",20041,43
8,392,"Thursday, August 1, 2013",57001,58
8,392,"Thursday, August 1, 2013",67,60
8,392,"Thursday, August 1, 2013",20041,48
8,392,"Thursday, August 1, 2013",63005,50
8,392,"Thursday, August 1, 2013",40003,46
8,392,"Thursday, August 1, 2013",68,40
8,392,"Thursday, August 1, 2013",29001,41
8,392,"Thursday, August 1, 2013",64,51
8,392,"Thursday, August 1, 2013",501,58
8,392,"Thursday, August 1, 2013",42223,54
8,392,"Thursday, August 1, 2013",2801,60
8,392,"Thursday, August 1, 2013",64,52
8,392,"Thursday, August 1, 2013",5101,40
8,392,"Thursday, August 1, 2013",64,43
8,392,"Thursday, August 1, 2013",63,59
8,392,"Thursday, August 1, 2013",15937,53
8,392,"Thursday, August 1, 2013",41,60
8,392,"Thursday, August 1, 2013",39813,43
8,392,"Thursday, August 1, 2013",158,54
8,392,"Thursday, August 1, 2013",71,57
8,392,"Thursday, August 1, 2013",64,55
8,392,"Thursday, August 1, 2013",3033,57
8,392,"Thursday, August 1, 2013",12,46
8,392,"Thursday, August 1, 2013",57001,48
8,392,"Thursday, August 1, 2013",71,43
8,392,"Thursday, August 1, 2013",3033,41
8,392,"Thursday, August 1, 2013",7001,41
8,392,"Thursday, August 1, 2013",50001,53
8,392,"Thursday, August 1, 2013",71,55
8,392,"Thursday, August 1, 2013",14,59
8,392,"Thursday, August 1, 2013",71,48
8,392,"Thursday, August 1, 2013",63005,53
8,392,"Thursday, August 1, 2013",62356,44
8,392,"Thursday, August 1, 2013",3033,55
8,392,"Thursday, August 1, 2013",41,56
8,392,"Thursday, August 1, 2013",27,58
8,392,"Thursday, August 1, 2013",72,44
8,392,"Thursday, August 1, 2013",2801,58
8,392,"Thursday, August 1, 2013",24701,46
8,392,"Thursday, August 1, 2013",40003,47
8,392,"Thursday, August 1, 2013",64,59
8,392,"Thursday, August 1, 2013",48001,59
8,392,"Thursday, August 1, 2013",68,45
8,392,"Thursday, August 1, 2013",12,41
8,392,"Thursday, August 1, 2013",71601,47
8,392,"Thursday, August 1, 2013",42223,44
8,392,"Thursday, August 1, 2013",46001,48
8,392,"Thursday, August 1, 2013",84,56
8,392,"Thursday, August 1, 2013",158,56
8,392,"Thursday, August 1, 2013",40003,49
8,392,"Thursday, August 1, 2013",19701,43
8,392,"Thursday, August 1, 2013",3033,40
8,392,"Thursday, August 1, 2013",41,56
8,392,"Thursday, August 1, 2013",57001,50
8,392,"Thursday, August 1, 2013",35004,56
8,392,"Thursday, August 1, 2013",84,48
8,392,"Thursday, August 1, 2013",20058,45
8,392,"Thursday, August 1, 2013",59,50
8,392,"Thursday, August 1, 2013",66002,57
8,392,"Thursday, August 1, 2013",72,42
8,392,"Thursday, August 1, 2013",39813,54
8,392,"Thursday, August 1, 2013",2801,51
8,392,"Thursday, August 1, 2013",38848,51
8,392,"Thursday, August 1, 2013",2801,55
8,392,"Thursday, August 1, 2013",64,60
8,392,"Thursday, August 1, 2013",82001,57
8,392,"Thursday, August 1, 2013",59,59
8,392,"Thursday, August 1, 2013",1,51
8,392,"Thursday, August 1, 2013",40003,54
8,392,"Thursday, August 1, 2013",39813,59
8,392,"Thursday, August 1, 2013",46001,55
8,392,"Thursday, August 1, 2013",64,59
8,392,"Thursday, August 1, 2013",14,42
8,392,"Thursday, August 1, 2013",59,59
8,392,"Thursday, August 1, 2013",59,57
8,392,"Thursday, August 1, 2013",15937,58
8,392,"Thursday, August 1, 2013",19701,41
8,392,"Thursday, August 1, 2013",71,53
8,392,"Thursday, August 1, 2013",20041,60
8,392,"Thursday, August 1, 2013",67,49
8,392,"Thursday, August 1, 2013",82001,45
8,392,"Thursday, August 1, 2013",67,49
8,392,"Thursday, August 1, 2013",68001,44
8,392,"Thursday, August 1, 2013",40003,55
8,392,"Thursday, August 1, 2013",5101,56
8,392,"Thursday, August 1, 2013",42223,45
17,392,"Thursday, May 1, 2014",63,40
17,392,"Thursday, May 1, 2014",71601,49
17,392,"Thursday, May 1, 2014",14,34
17,392,"Thursday, May 1, 2014",72,41
17,392,"Thursday, May 1, 2014",1,37
17,392,"Thursday, May 1, 2014",1,46
17,392,"Thursday, May 1, 2014",56,36
17,392,"Thursday, May 1, 2014",57001,31
17,392,"Thursday, May 1, 2014",39813,41
17,392,"Thursday, May 1, 2014",71601,43
17,392,"Thursday, May 1, 2014",158,34
17,392,"Thursday, May 1, 2014",27,41
17,392,"Thursday, May 1, 2014",40003,31
17,392,"Thursday, May 1, 2014",88901,38
17,392,"Thursday, May 1, 2014",3033,35
17,392,"Thursday, May 1, 2014",27,35
17,392,"Thursday, May 1, 2014",63,45
17,392,"Thursday, May 1, 2014",72,39
17,392,"Thursday, May 1, 2014",62356,50
17,392,"Thursday, May 1, 2014",64,37
17,392,"Thursday, May 1, 2014",15937,47
17,392,"Thursday, May 1, 2014",24701,30
17,392,"Thursday, May 1, 2014",116,50
17,392,"Thursday, May 1, 2014",39813,45
17,392,"Thursday, May 1, 2014",158,43
17,392,"Thursday, May 1, 2014",82001,35
17,392,"Thursday, May 1, 2014",67,38
17,392,"Thursday, May 1, 2014",24701,35
17,392,"Thursday, May 1, 2014",59,34
17,392,"Thursday, May 1, 2014",15937,35
17,392,"Thursday, May 1, 2014",501,43
17,392,"Thursday, May 1, 2014",12,40
17,392,"Thursday, May 1, 2014",42223,39
17,392,"Thursday, May 1, 2014",6001,36
17,392,"Thursday, May 1, 2014",40003,31
17,392,"Thursday, May 1, 2014",7001,49
17,392,"Thursday, May 1, 2014",14,30
17,392,"Thursday, May 1, 2014",20001,49
17,392,"Thursday, May 1, 2014",188,47
17,392,"Thursday, May 1, 2014",58001,42
17,392,"Thursday, May 1, 2014",19701,36
17,392,"Thursday, May 1, 2014",57001,41
17,392,"Thursday, May 1, 2014",84,35
17,392,"Thursday, May 1, 2014",67,40
17,392,"Thursday, May 1, 2014",66002,35
17,392,"Thursday, May 1, 2014",66002,41
17,392,"Thursday, May 1, 2014",57001,45
17,392,"Thursday, May 1, 2014",53001,49
17,392,"Thursday, May 1, 2014",20041,36
17,392,"Thursday, May 1, 2014",82001,33
17,392,"Thursday, May 1, 2014",35004,33
17,392,"Thursday, May 1, 2014",58001,36
17,392,"Thursday, May 1, 2014",3033,40
17,392,"Thursday, May 1, 2014",68001,47
17,392,"Thursday, May 1, 2014",41,43
17,392,"Thursday, May 1, 2014",14,48
17,392,"Thursday, May 1, 2014",82001,31
17,392,"Thursday, May 1, 2014",20058,41
17,392,"Thursday, May 1, 2014",20058,46
17,392,"Thursday, May 1, 2014",35004,47
17,392,"Thursday, May 1, 2014",29001,48
17,392,"Thursday, May 1, 2014",82001,30
17,392,"Thursday, May 1, 2014",6001,49
17,392,"Thursday, May 1, 2014",42223,41
17,392,"Thursday, May 1, 2014",64,42
17,392,"Thursday, May 1, 2014",501,45
17,392,"Thursday, May 1, 2014",158,35
17,392,"Thursday, May 1, 2014",40003,36
17,392,"Thursday, May 1, 2014",20001,48
17,392,"Thursday, May 1, 2014",19701,47
17,392,"Thursday, May 1, 2014",46001,30
17,392,"Thursday, May 1, 2014",50001,36
17,392,"Thursday, May 1, 2014",188,45
17,392,"Thursday, May 1, 2014",188,33
17,392,"Thursday, May 1, 2014",41,31
17,392,"Thursday, May 1, 2014",42223,34
17,392,"Thursday, May 1, 2014",158,49
17,392,"Thursday, May 1, 2014",116,41
17,392,"Thursday, May 1, 2014",38848,45
17,392,"Thursday, May 1, 2014",71601,42
17,392,"Thursday, May 1, 2014",5101,47
17,392,"Thursday, May 1, 2014",501,32
17,392,"Thursday, May 1, 2014",62356,36
17,392,"Thursday, May 1, 2014",38848,45
17,392,"Thursday, May 1, 2014",41,44
17,392,"Thursday, May 1, 2014",29001,45
17,392,"Thursday, May 1, 2014",6001,40
17,392,"Thursday, May 1, 2014",71,49
17,392,"Thursday, May 1, 2014",2801,49
17,392,"Thursday, May 1, 2014",20041,47
17,392,"Thursday, May 1, 2014",2801,33
17,392,"Thursday, May 1, 2014",24701,50
17,392,"Thursday, May 1, 2014",59,43
17,392,"Thursday, May 1, 2014",158,35
17,392,"Thursday, May 1, 2014",84,49
17,392,"Thursday, May 1, 2014",46001,30
17,392,"Thursday, May 1, 2014",39813,40
17,392,"Thursday, May 1, 2014",88901,41
17,392,"Thursday, May 1, 2014",68001,36
17,392,"Thursday, May 1, 2014",14,50
20,392,"Friday, August 1, 2014",188,67
20,392,"Friday, August 1, 2014",58001,65
20,392,"Friday, August 1, 2014",20001,57
20,392,"Friday, August 1, 2014",14,67
20,392,"Friday, August 1, 2014",48001,63
20,392,"Friday, August 1, 2014",20041,68
20,392,"Friday, August 1, 2014",35004,74
20,392,"Friday, August 1, 2014",40003,71
20,392,"Friday, August 1, 2014",1,78
20,392,"Friday, August 1, 2014",64,57
20,392,"Friday, August 1, 2014",38848,78
20,392,"Friday, August 1, 2014",20041,60
20,392,"Friday, August 1, 2014",50001,54
20,392,"Friday, August 1, 2014",19701,60
20,392,"Friday, August 1, 2014",501,52
20,392,"Friday, August 1, 2014",20041,57
20,392,"Friday, August 1, 2014",68,63
20,392,"Friday, August 1, 2014",6001,50
20,392,"Friday, August 1, 2014",40003,72
20,392,"Friday, August 1, 2014",56,75
20,392,"Friday, August 1, 2014",116,59
20,392,"Friday, August 1, 2014",56,50
20,392,"Friday, August 1, 2014",88901,51
20,392,"Friday, August 1, 2014",63005,51
20,392,"Friday, August 1, 2014",7001,52
20,392,"Friday, August 1, 2014",66002,59
20,392,"Friday, August 1, 2014",71601,71
20,392,"Friday, August 1, 2014",41,68
20,392,"Friday, August 1, 2014",35004,73
20,392,"Friday, August 1, 2014",2801,70
20,392,"Friday, August 1, 2014",3033,69
20,392,"Friday, August 1, 2014",188,76
20,392,"Friday, August 1, 2014",158,54
20,392,"Friday, August 1, 2014",53001,54
20,392,"Friday, August 1, 2014",2801,59
20,392,"Friday, August 1, 2014",29001,76
20,392,"Friday, August 1, 2014",20041,79
20,392,"Friday, August 1, 2014",19701,70
20,392,"Friday, August 1, 2014",24701,50
20,392,"Friday, August 1, 2014",7001,73
20,392,"Friday, August 1, 2014",6001,60
20,392,"Friday, August 1, 2014",39813,57
20,392,"Friday, August 1, 2014",88901,75
20,392,"Friday, August 1, 2014",72,55
20,392,"Friday, August 1, 2014",20058,58
20,392,"Friday, August 1, 2014",43001,69
20,392,"Friday, August 1, 2014",38848,58
20,392,"Friday, August 1, 2014",29001,76
20,392,"Friday, August 1, 2014",5101,62
20,392,"Friday, August 1, 2014",20001,51
20,392,"Friday, August 1, 2014",67,69
20,392,"Friday, August 1, 2014",67,63
20,392,"Friday, August 1, 2014",41,61
20,392,"Friday, August 1, 2014",71,56
20,392,"Friday, August 1, 2014",20058,58
20,392,"Friday, August 1, 2014",46001,65
20,392,"Friday, August 1, 2014",71,59
20,392,"Friday, August 1, 2014",39813,65
20,392,"Friday, August 1, 2014",116,62
20,392,"Friday, August 1, 2014",57001,66
20,392,"Friday, August 1, 2014",42223,56
20,392,"Friday, August 1, 2014",5101,71
20,392,"Friday, August 1, 2014",84,79
20,392,"Friday, August 1, 2014",1,61
20,392,"Friday, August 1, 2014",64,74
20,392,"Friday, August 1, 2014",6001,60
20,392,"Friday, August 1, 2014",48001,53
20,392,"Friday, August 1, 2014",501,66
20,392,"Friday, August 1, 2014",82001,53
20,392,"Friday, August 1, 2014",19701,56
20,392,"Friday, August 1, 2014",66002,72
20,392,"Friday, August 1, 2014",48001,53
20,392,"Friday, August 1, 2014",5101,80
20,392,"Friday, August 1, 2014",63005,66
20,392,"Friday, August 1, 2014",20041,59
20,392,"Friday, August 1, 2014",29001,57
20,392,"Friday, August 1, 2014",88901,66
20,392,"Friday, August 1, 2014",1,77
20,392,"Friday, August 1, 2014",158,69
20,392,"Friday, August 1, 2014",116,77
20,392,"Friday, August 1, 2014",84,60
20,392,"Friday, August 1, 2014",7001,71
20,392,"Friday, August 1, 2014",43001,79
20,392,"Friday, August 1, 2014",188,58
20,392,"Friday, August 1, 2014",59,80
20,392,"Friday, August 1, 2014",63005,57
20,392,"Friday, August 1, 2014",15937,55
20,392,"Friday, August 1, 2014",48001,78
20,392,"Friday, August 1, 2014",2801,51
20,392,"Friday, August 1, 2014",15937,69
20,392,"Friday, August 1, 2014",7001,65
20,392,"Friday, August 1, 2014",20001,52
20,392,"Friday, August 1, 2014",6001,70
20,392,"Friday, August 1, 2014",82001,64
20,392,"Friday, August 1, 2014",27,59
20,392,"Friday, August 1, 2014",46001,56
20,392,"Friday, August 1, 2014",84,65
20,392,"Friday, August 1, 2014",82001,66
20,392,"Friday, August 1, 2014",3033,74
20,392,"Friday, August 1, 2014",57001,63
20,392,"Friday, August 1, 2014",20058,61
20,392,"Friday, August 1, 2014",38848,77
20,392,"Friday, August 1, 2014",59,65
20,392,"Friday, August 1, 2014",14,56
20,392,"Friday, August 1, 2014",12,66
20,392,"Friday, August 1, 2014",63,53
20,392,"Friday, August 1, 2014",63,55
19,1863,"Tuesday, July 1, 2014",68,66
19,1863,"Tuesday, July 1, 2014",6001,62
19,1863,"Tuesday, July 1, 2014",68,76
19,1863,"Tuesday, July 1, 2014",63005,78
19,1863,"Tuesday, July 1, 2014",64,86
19,1863,"Tuesday, July 1, 2014",14,65
19,1863,"Tuesday, July 1, 2014",57001,84
19,1863,"Tuesday, July 1, 2014",7001,67
19,1863,"Tuesday, July 1, 2014",82001,81
19,1863,"Tuesday, July 1, 2014",1,88
19,1863,"Tuesday, July 1, 2014",88901,76
19,1863,"Tuesday, July 1, 2014",39813,80
19,1863,"Tuesday, July 1, 2014",15937,83
19,1863,"Tuesday, July 1, 2014",82001,81
19,1863,"Tuesday, July 1, 2014",59,87
19,1863,"Tuesday, July 1, 2014",71601,72
19,1863,"Tuesday, July 1, 2014",1,76
19,1863,"Tuesday, July 1, 2014",38848,80
19,1863,"Tuesday, July 1, 2014",71,81
19,1863,"Tuesday, July 1, 2014",6001,89
19,1863,"Tuesday, July 1, 2014",53001,90
19,1863,"Tuesday, July 1, 2014",27,89
19,1863,"Tuesday, July 1, 2014",68001,63
19,1863,"Tuesday, July 1, 2014",82001,64
19,1863,"Tuesday, July 1, 2014",46001,64
19,1863,"Tuesday, July 1, 2014",56,80
19,1863,"Tuesday, July 1, 2014",42223,82
19,1863,"Tuesday, July 1, 2014",15937,85
19,1863,"Tuesday, July 1, 2014",116,64
19,1863,"Tuesday, July 1, 2014",84,82
19,1863,"Tuesday, July 1, 2014",67,79
19,1863,"Tuesday, July 1, 2014",20001,62
19,1863,"Tuesday, July 1, 2014",12,64
19,1863,"Tuesday, July 1, 2014",68,82
19,1863,"Tuesday, July 1, 2014",158,73
19,1863,"Tuesday, July 1, 2014",29001,79
19,1863,"Tuesday, July 1, 2014",19701,87
19,1863,"Tuesday, July 1, 2014",64,64
19,1863,"Tuesday, July 1, 2014",40003,76
19,1863,"Tuesday, July 1, 2014",6001,77
19,1863,"Tuesday, July 1, 2014",72,68
19,1863,"Tuesday, July 1, 2014",43001,65
19,1863,"Tuesday, July 1, 2014",35004,70
19,1863,"Tuesday, July 1, 2014",50001,65
19,1863,"Tuesday, July 1, 2014",67,61
19,1863,"Tuesday, July 1, 2014",67,89
19,1863,"Tuesday, July 1, 2014",12,85
19,1863,"Tuesday, July 1, 2014",63,74
19,1863,"Tuesday, July 1, 2014",7001,65
19,1863,"Tuesday, July 1, 2014",20001,65
19,1863,"Tuesday, July 1, 2014",58001,83
19,1863,"Tuesday, July 1, 2014",63005,85
19,1863,"Tuesday, July 1, 2014",68001,68
19,1863,"Tuesday, July 1, 2014",58001,75
19,1863,"Tuesday, July 1, 2014",62356,84
19,1863,"Tuesday, July 1, 2014",5101,81
19,1863,"Tuesday, July 1, 2014",29001,64
19,1863,"Tuesday, July 1, 2014",64,60
19,1863,"Tuesday, July 1, 2014",63,61
19,1863,"Tuesday, July 1, 2014",6001,89
19,1863,"Tuesday, July 1, 2014",68,86
19,1863,"Tuesday, July 1, 2014",12,68
19,1863,"Tuesday, July 1, 2014",43001,87
19,1863,"Tuesday, July 1, 2014",84,69
19,1863,"Tuesday, July 1, 2014",59,61
19,1863,"Tuesday, July 1, 2014",116,75
19,1863,"Tuesday, July 1, 2014",66002,78
19,1863,"Tuesday, July 1, 2014",66002,76
19,1863,"Tuesday, July 1, 2014",27,71
19,1863,"Tuesday, July 1, 2014",14,83
19,1863,"Tuesday, July 1, 2014",68001,84
19,1863,"Tuesday, July 1, 2014",71601,68
19,1863,"Tuesday, July 1, 2014",501,71
19,1863,"Tuesday, July 1, 2014",59,70
19,1863,"Tuesday, July 1, 2014",35004,75
19,1863,"Tuesday, July 1, 2014",46001,79
19,1863,"Tuesday, July 1, 2014",27,60
19,1863,"Tuesday, July 1, 2014",88901,86
19,1863,"Tuesday, July 1, 2014",42223,81
19,1863,"Tuesday, July 1, 2014",67,84
19,1863,"Tuesday, July 1, 2014",48001,66
19,1863,"Tuesday, July 1, 2014",5101,69
19,1863,"Tuesday, July 1, 2014",24701,86
19,1863,"Tuesday, July 1, 2014",43001,83
19,1863,"Tuesday, July 1, 2014",5101,87
19,1863,"Tuesday, July 1, 2014",50001,71
19,1863,"Tuesday, July 1, 2014",42223,86
19,1863,"Tuesday, July 1, 2014",20041,75
19,1863,"Tuesday, July 1, 2014",40003,89
19,1863,"Tuesday, July 1, 2014",66002,79
19,1863,"Tuesday, July 1, 2014",63,67
19,1863,"Tuesday, July 1, 2014",20041,71
19,1863,"Tuesday, July 1, 2014",19701,78
19,1863,"Tuesday, July 1, 2014",67,60
19,1863,"Tuesday, July 1, 2014",40003,88
19,1863,"Tuesday, July 1, 2014",7001,72
19,1863,"Tuesday, July 1, 2014",188,84
19,1863,"Tuesday, July 1, 2014",48001,67
19,1863,"Tuesday, July 1, 2014",501,64
19,1863,"Tuesday, July 1, 2014",56,62
19,1863,"Tuesday, July 1, 2014",14,84
19,1863,"Tuesday, July 1, 2014",2801,80
15,1863,"Saturday, March 1, 2014",24701,87
15,1863,"Saturday, March 1, 2014",58001,64
15,1863,"Saturday, March 1, 2014",67,82
15,1863,"Saturday, March 1, 2014",72,86
15,1863,"Saturday, March 1, 2014",66002,60
15,1863,"Saturday, March 1, 2014",19701,82
15,1863,"Saturday, March 1, 2014",68001,86
15,1863,"Saturday, March 1, 2014",7001,60
15,1863,"Saturday, March 1, 2014",1,73
15,1863,"Saturday, March 1, 2014",58001,60
15,1863,"Saturday, March 1, 2014",19701,65
15,1863,"Saturday, March 1, 2014",24701,66
15,1863,"Saturday, March 1, 2014",3033,64
15,1863,"Saturday, March 1, 2014",56,67
15,1863,"Saturday, March 1, 2014",2801,70
15,1863,"Saturday, March 1, 2014",43001,82
15,1863,"Saturday, March 1, 2014",63005,89
15,1863,"Saturday, March 1, 2014",46001,72
15,1863,"Saturday, March 1, 2014",5101,87
15,1863,"Saturday, March 1, 2014",6001,75
15,1863,"Saturday, March 1, 2014",20058,82
15,1863,"Saturday, March 1, 2014",57001,83
15,1863,"Saturday, March 1, 2014",188,60
15,1863,"Saturday, March 1, 2014",50001,63
15,1863,"Saturday, March 1, 2014",19701,78
15,1863,"Saturday, March 1, 2014",12,78
15,1863,"Saturday, March 1, 2014",2801,61
15,1863,"Saturday, March 1, 2014",27,83
15,1863,"Saturday, March 1, 2014",71601,81
15,1863,"Saturday, March 1, 2014",38848,75
15,1863,"Saturday, March 1, 2014",7001,81
15,1863,"Saturday, March 1, 2014",5101,66
15,1863,"Saturday, March 1, 2014",42223,77
15,1863,"Saturday, March 1, 2014",41,88
15,1863,"Saturday, March 1, 2014",188,74
15,1863,"Saturday, March 1, 2014",88901,71
15,1863,"Saturday, March 1, 2014",56,66
15,1863,"Saturday, March 1, 2014",38848,62
15,1863,"Saturday, March 1, 2014",14,61
15,1863,"Saturday, March 1, 2014",38848,62
15,1863,"Saturday, March 1, 2014",43001,83
15,1863,"Saturday, March 1, 2014",57001,69
15,1863,"Saturday, March 1, 2014",12,61
15,1863,"Saturday, March 1, 2014",46001,83
15,1863,"Saturday, March 1, 2014",14,66
15,1863,"Saturday, March 1, 2014",42223,61
15,1863,"Saturday, March 1, 2014",59,85
15,1863,"Saturday, March 1, 2014",50001,70
15,1863,"Saturday, March 1, 2014",6001,76
15,1863,"Saturday, March 1, 2014",58001,76
15,1863,"Saturday, March 1, 2014",71,80
15,1863,"Saturday, March 1, 2014",66002,75
15,1863,"Saturday, March 1, 2014",29001,86
15,1863,"Saturday, March 1, 2014",19701,60
15,1863,"Saturday, March 1, 2014",88901,63
15,1863,"Saturday, March 1, 2014",64,82
15,1863,"Saturday, March 1, 2014",20001,77
15,1863,"Saturday, March 1, 2014",84,84
15,1863,"Saturday, March 1, 2014",68,82
15,1863,"Saturday, March 1, 2014",64,81
15,1863,"Saturday, March 1, 2014",20058,74
15,1863,"Saturday, March 1, 2014",19701,85
15,1863,"Saturday, March 1, 2014",48001,61
15,1863,"Saturday, March 1, 2014",7001,77
15,1863,"Saturday, March 1, 2014",501,79
15,1863,"Saturday, March 1, 2014",68,89
15,1863,"Saturday, March 1, 2014",20058,74
15,1863,"Saturday, March 1, 2014",57001,71
15,1863,"Saturday, March 1, 2014",24701,63
15,1863,"Saturday, March 1, 2014",43001,86
15,1863,"Saturday, March 1, 2014",7001,81
15,1863,"Saturday, March 1, 2014",66002,61
15,1863,"Saturday, March 1, 2014",501,76
15,1863,"Saturday, March 1, 2014",63005,84
15,1863,"Saturday, March 1, 2014",72,71
15,1863,"Saturday, March 1, 2014",58001,64
15,1863,"Saturday, March 1, 2014",43001,84
15,1863,"Saturday, March 1, 2014",39813,66
15,1863,"Saturday, March 1, 2014",1,61
15,1863,"Saturday, March 1, 2014",68001,72
15,1863,"Saturday, March 1, 2014",50001,75
15,1863,"Saturday, March 1, 2014",158,88
15,1863,"Saturday, March 1, 2014",24701,78
15,1863,"Saturday, March 1, 2014",59,63
15,1863,"Saturday, March 1, 2014",53001,82
15,1863,"Saturday, March 1, 2014",501,68
15,1863,"Saturday, March 1, 2014",24701,67
15,1863,"Saturday, March 1, 2014",63,64
15,1863,"Saturday, March 1, 2014",88901,64
15,1863,"Saturday, March 1, 2014",43001,68
15,1863,"Saturday, March 1, 2014",20058,71
15,1863,"Saturday, March 1, 2014",43001,63
15,1863,"Saturday, March 1, 2014",15937,80
15,1863,"Saturday, March 1, 2014",20041,61
15,1863,"Saturday, March 1, 2014",27,80
15,1863,"Saturday, March 1, 2014",19701,67
15,1863,"Saturday, March 1, 2014",116,80
14,1863,"Saturday, February 1, 2014",53001,88
14,1863,"Saturday, February 1, 2014",15937,84
14,1863,"Saturday, February 1, 2014",27,84
14,1863,"Saturday, February 1, 2014",20041,61
14,1863,"Saturday, February 1, 2014",38848,64
14,1863,"Saturday, February 1, 2014",84,81
14,1863,"Saturday, February 1, 2014",64,79
14,1863,"Saturday, February 1, 2014",68,61
14,1863,"Saturday, February 1, 2014",6001,67
14,1863,"Saturday, February 1, 2014",56,83
14,1863,"Saturday, February 1, 2014",6001,77
14,1863,"Saturday, February 1, 2014",7001,90
14,1863,"Saturday, February 1, 2014",12,67
14,1863,"Saturday, February 1, 2014",12,70
14,1863,"Saturday, February 1, 2014",71,65
14,1863,"Saturday, February 1, 2014",53001,89
14,1863,"Saturday, February 1, 2014",59,80
14,1863,"Saturday, February 1, 2014",24701,76
14,1863,"Saturday, February 1, 2014",63005,79
14,1863,"Saturday, February 1, 2014",58001,80
14,1863,"Saturday, February 1, 2014",72,81
14,1863,"Saturday, February 1, 2014",20001,63
14,1863,"Saturday, February 1, 2014",63005,75
14,1863,"Saturday, February 1, 2014",5101,85
14,1863,"Saturday, February 1, 2014",48001,60
14,1863,"Saturday, February 1, 2014",116,79
14,1863,"Saturday, February 1, 2014",88901,82
14,1863,"Saturday, February 1, 2014",71601,74
14,1863,"Saturday, February 1, 2014",63,65
14,1863,"Saturday, February 1, 2014",42223,79
14,1863,"Saturday, February 1, 2014",59,66
14,1863,"Saturday, February 1, 2014",68,73
14,1863,"Saturday, February 1, 2014",14,66
14,1863,"Saturday, February 1, 2014",56,75
14,1863,"Saturday, February 1, 2014",14,80
14,1863,"Saturday, February 1, 2014",71601,77
14,1863,"Saturday, February 1, 2014",29001,87
14,1863,"Saturday, February 1, 2014",66002,60
14,1863,"Saturday, February 1, 2014",82001,76
14,1863,"Saturday, February 1, 2014",71,64
14,1863,"Saturday, February 1, 2014",29001,84
14,1863,"Saturday, February 1, 2014",66002,72
14,1863,"Saturday, February 1, 2014",14,82
14,1863,"Saturday, February 1, 2014",58001,89
14,1863,"Saturday, February 1, 2014",27,78
14,1863,"Saturday, February 1, 2014",58001,83
14,1863,"Saturday, February 1, 2014",188,62
14,1863,"Saturday, February 1, 2014",41,66
14,1863,"Saturday, February 1, 2014",62356,86
14,1863,"Saturday, February 1, 2014",71601,86
14,1863,"Saturday, February 1, 2014",20058,63
14,1863,"Saturday, February 1, 2014",20041,71
14,1863,"Saturday, February 1, 2014",7001,72
14,1863,"Saturday, February 1, 2014",20041,69
14,1863,"Saturday, February 1, 2014",50001,68
14,1863,"Saturday, February 1, 2014",46001,66
14,1863,"Saturday, February 1, 2014",64,66
14,1863,"Saturday, February 1, 2014",50001,82
14,1863,"Saturday, February 1, 2014",56,74
14,1863,"Saturday, February 1, 2014",58001,65
14,1863,"Saturday, February 1, 2014",3033,77
14,1863,"Saturday, February 1, 2014",48001,83
14,1863,"Saturday, February 1, 2014",24701,74
14,1863,"Saturday, February 1, 2014",1,63
14,1863,"Saturday, February 1, 2014",6001,85
14,1863,"Saturday, February 1, 2014",41,77
14,1863,"Saturday, February 1, 2014",57001,73
14,1863,"Saturday, February 1, 2014",64,61
14,1863,"Saturday, February 1, 2014",6001,76
14,1863,"Saturday, February 1, 2014",42223,77
14,1863,"Saturday, February 1, 2014",63,60
14,1863,"Saturday, February 1, 2014",188,86
14,1863,"Saturday, February 1, 2014",71601,87
14,1863,"Saturday, February 1, 2014",43001,77
14,1863,"Saturday, February 1, 2014",84,62
14,1863,"Saturday, February 1, 2014",42223,75
14,1863,"Saturday, February 1, 2014",5101,77
14,1863,"Saturday, February 1, 2014",53001,80
14,1863,"Saturday, February 1, 2014",40003,61
14,1863,"Saturday, February 1, 2014",38848,84
14,1863,"Saturday, February 1, 2014",56,69
14,1863,"Saturday, February 1, 2014",19701,80
14,1863,"Saturday, February 1, 2014",1,62
14,1863,"Saturday, February 1, 2014",72,60
14,1863,"Saturday, February 1, 2014",501,90
14,1863,"Saturday, February 1, 2014",41,86
14,1863,"Saturday, February 1, 2014",68001,86
14,1863,"Saturday, February 1, 2014",56,61
14,1863,"Saturday, February 1, 2014",84,76
14,1863,"Saturday, February 1, 2014",63,67
14,1863,"Saturday, February 1, 2014",158,70
14,1863,"Saturday, February 1, 2014",46001,85
14,1863,"Saturday, February 1, 2014",43001,85
14,1863,"Saturday, February 1, 2014",158,66
14,1863,"Saturday, February 1, 2014",62356,82
17,1863,"Thursday, May 1, 2014",29001,75
17,1863,"Thursday, May 1, 2014",72,69
17,1863,"Thursday, May 1, 2014",88901,61
17,1863,"Thursday, May 1, 2014",2801,76
17,1863,"Thursday, May 1, 2014",64,78
17,1863,"Thursday, May 1, 2014",43001,78
17,1863,"Thursday, May 1, 2014",1,89
17,1863,"Thursday, May 1, 2014",66002,87
17,1863,"Thursday, May 1, 2014",27,68
17,1863,"Thursday, May 1, 2014",20041,63
17,1863,"Thursday, May 1, 2014",68,82
17,1863,"Thursday, May 1, 2014",58001,62
17,1863,"Thursday, May 1, 2014",42223,69
17,1863,"Thursday, May 1, 2014",27,78
17,1863,"Thursday, May 1, 2014",27,87
17,1863,"Thursday, May 1, 2014",63005,62
17,1863,"Thursday, May 1, 2014",58001,63
17,1863,"Thursday, May 1, 2014",24701,67
17,1863,"Thursday, May 1, 2014",53001,90
17,1863,"Thursday, May 1, 2014",14,73
17,1863,"Thursday, May 1, 2014",15937,68
17,1863,"Thursday, May 1, 2014",67,88
17,1863,"Thursday, May 1, 2014",88901,60
17,1863,"Thursday, May 1, 2014",24701,69
17,1863,"Thursday, May 1, 2014",84,78
17,1863,"Thursday, May 1, 2014",82001,86
17,1863,"Thursday, May 1, 2014",27,62
17,1863,"Thursday, May 1, 2014",68001,64
17,1863,"Thursday, May 1, 2014",57001,68
17,1863,"Thursday, May 1, 2014",27,75
17,1863,"Thursday, May 1, 2014",39813,79
17,1863,"Thursday, May 1, 2014",29001,66
17,1863,"Thursday, May 1, 2014",39813,68
17,1863,"Thursday, May 1, 2014",50001,71
17,1863,"Thursday, May 1, 2014",20041,66
17,1863,"Thursday, May 1, 2014",5101,68
17,1863,"Thursday, May 1, 2014",14,61
17,1863,"Thursday, May 1, 2014",20058,89
17,1863,"Thursday, May 1, 2014",6001,84
17,1863,"Thursday, May 1, 2014",48001,82
17,1863,"Thursday, May 1, 2014",59,75
17,1863,"Thursday, May 1, 2014",39813,62
17,1863,"Thursday, May 1, 2014",48001,68
17,1863,"Thursday, May 1, 2014",501,66
17,1863,"Thursday, May 1, 2014",71,78
17,1863,"Thursday, May 1, 2014",1,76
17,1863,"Thursday, May 1, 2014",63,88
17,1863,"Thursday, May 1, 2014",59,61
17,1863,"Thursday, May 1, 2014",2801,71
17,1863,"Thursday, May 1, 2014",48001,77
17,1863,"Thursday, May 1, 2014",20058,85
17,1863,"Thursday, May 1, 2014",158,87
17,1863,"Thursday, May 1, 2014",5101,82
17,1863,"Thursday, May 1, 2014",88901,66
17,1863,"Thursday, May 1, 2014",38848,65
17,1863,"Thursday, May 1, 2014",88901,88
17,1863,"Thursday, May 1, 2014",62356,64
17,1863,"Thursday, May 1, 2014",88901,62
17,1863,"Thursday, May 1, 2014",3033,69
17,1863,"Thursday, May 1, 2014",71,72
17,1863,"Thursday, May 1, 2014",116,82
17,1863,"Thursday, May 1, 2014",1,63
17,1863,"Thursday, May 1, 2014",63005,75
17,1863,"Thursday, May 1, 2014",66002,61
17,1863,"Thursday, May 1, 2014",68,72
17,1863,"Thursday, May 1, 2014",66002,62
17,1863,"Thursday, May 1, 2014",116,68
17,1863,"Thursday, May 1, 2014",57001,85
17,1863,"Thursday, May 1, 2014",64,75
17,1863,"Thursday, May 1, 2014",41,72
17,1863,"Thursday, May 1, 2014",188,65
17,1863,"Thursday, May 1, 2014",82001,67
17,1863,"Thursday, May 1, 2014",1,73
17,1863,"Thursday, May 1, 2014",43001,82
17,1863,"Thursday, May 1, 2014",68,79
17,1863,"Thursday, May 1, 2014",43001,78
17,1863,"Thursday, May 1, 2014",2801,68
17,1863,"Thursday, May 1, 2014",64,76
17,1863,"Thursday, May 1, 2014",116,71
17,1863,"Thursday, May 1, 2014",19701,84
17,1863,"Thursday, May 1, 2014",41,60
17,1863,"Thursday, May 1, 2014",20041,74
17,1863,"Thursday, May 1, 2014",84,76
17,1863,"Thursday, May 1, 2014",158,80
17,1863,"Thursday, May 1, 2014",57001,83
17,1863,"Thursday, May 1, 2014",88901,62
17,1863,"Thursday, May 1, 2014",59,82
17,1863,"Thursday, May 1, 2014",41,90
17,1863,"Thursday, May 1, 2014",19701,64
17,1863,"Thursday, May 1, 2014",42223,78
17,1863,"Thursday, May 1, 2014",19701,87
17,1863,"Thursday, May 1, 2014",71601,74
17,1863,"Thursday, May 1, 2014",19701,89
24,1863,"Monday, December 1, 2014",57001,70
24,1863,"Monday, December 1, 2014",53001,69
24,1863,"Monday, December 1, 2014",72,70
24,1863,"Monday, December 1, 2014",20041,75
24,1863,"Monday, December 1, 2014",116,87
24,1863,"Monday, December 1, 2014",5101,83
24,1863,"Monday, December 1, 2014",188,60
24,1863,"Monday, December 1, 2014",66002,64
24,1863,"Monday, December 1, 2014",56,88
24,1863,"Monday, December 1, 2014",188,83
24,1863,"Monday, December 1, 2014",1,63
24,1863,"Monday, December 1, 2014",68001,80
24,1863,"Monday, December 1, 2014",14,81
24,1863,"Monday, December 1, 2014",82001,65
24,1863,"Monday, December 1, 2014",19701,74
24,1863,"Monday, December 1, 2014",68001,87
24,1863,"Monday, December 1, 2014",53001,74
24,1863,"Monday, December 1, 2014",64,64
24,1863,"Monday, December 1, 2014",63005,70
24,1863,"Monday, December 1, 2014",68001,77
24,1863,"Monday, December 1, 2014",20001,68
24,1863,"Monday, December 1, 2014",67,70
24,1863,"Monday, December 1, 2014",46001,73
24,1863,"Monday, December 1, 2014",6001,74
24,1863,"Monday, December 1, 2014",41,81
24,1863,"Monday, December 1, 2014",24701,71
24,1863,"Monday, December 1, 2014",64,69
24,1863,"Monday, December 1, 2014",35004,71
24,1863,"Monday, December 1, 2014",84,90
24,1863,"Monday, December 1, 2014",20041,81
24,1863,"Monday, December 1, 2014",1,63
24,1863,"Monday, December 1, 2014",72,78
24,1863,"Monday, December 1, 2014",40003,81
24,1863,"Monday, December 1, 2014",38848,82
24,1863,"Monday, December 1, 2014",24701,63
24,1863,"Monday, December 1, 2014",20041,87
24,1863,"Monday, December 1, 2014",57001,61
24,1863,"Monday, December 1, 2014",42223,84
24,1863,"Monday, December 1, 2014",63,69
24,1863,"Monday, December 1, 2014",15937,78
24,1863,"Monday, December 1, 2014",5101,75
24,1863,"Monday, December 1, 2014",72,77
24,1863,"Monday, December 1, 2014",24701,67
24,1863,"Monday, December 1, 2014",116,84
24,1863,"Monday, December 1, 2014",158,84
24,1863,"Monday, December 1, 2014",19701,72
24,1863,"Monday, December 1, 2014",50001,84
24,1863,"Monday, December 1, 2014",5101,89
24,1863,"Monday, December 1, 2014",2801,63
24,1863,"Monday, December 1, 2014",5101,82
24,1863,"Monday, December 1, 2014",48001,85
24,1863,"Monday, December 1, 2014",62356,77
24,1863,"Monday, December 1, 2014",158,82
24,1863,"Monday, December 1, 2014",20058,88
24,1863,"Monday, December 1, 2014",29001,79
24,1863,"Monday, December 1, 2014",2801,76
24,1863,"Monday, December 1, 2014",43001,87
24,1863,"Monday, December 1, 2014",56,88
24,1863,"Monday, December 1, 2014",501,68
24,1863,"Monday, December 1, 2014",35004,78
24,1863,"Monday, December 1, 2014",20058,66
24,1863,"Monday, December 1, 2014",48001,65
24,1863,"Monday, December 1, 2014",40003,66
24,1863,"Monday, December 1, 2014",158,77
24,1863,"Monday, December 1, 2014",66002,63
24,1863,"Monday, December 1, 2014",46001,63
24,1863,"Monday, December 1, 2014",38848,86
24,1863,"Monday, December 1, 2014",14,65
24,1863,"Monday, December 1, 2014",50001,67
24,1863,"Monday, December 1, 2014",29001,72
24,1863,"Monday, December 1, 2014",5101,75
24,1863,"Monday, December 1, 2014",188,71
24,1863,"Monday, December 1, 2014",58001,66
24,1863,"Monday, December 1, 2014",38848,89
24,1863,"Monday, December 1, 2014",1,77
24,1863,"Monday, December 1, 2014",7001,84
24,1863,"Monday, December 1, 2014",46001,69
24,1863,"Monday, December 1, 2014",42223,86
24,1863,"Monday, December 1, 2014",62356,85
24,1863,"Monday, December 1, 2014",82001,81
24,1863,"Monday, December 1, 2014",188,67
24,1863,"Monday, December 1, 2014",35004,86
24,1863,"Monday, December 1, 2014",82001,61
24,1863,"Monday, December 1, 2014",63005,73
24,1863,"Monday, December 1, 2014",72,64
24,1863,"Monday, December 1, 2014",68,66
24,1863,"Monday, December 1, 2014",43001,85
24,1863,"Monday, December 1, 2014",46001,80
24,1863,"Monday, December 1, 2014",501,68
24,1863,"Monday, December 1, 2014",38848,87
20,1863,"Friday, August 1, 2014",72,81
20,1863,"Friday, August 1, 2014",19701,73
20,1863,"Friday, August 1, 2014",19701,69
20,1863,"Friday, August 1, 2014",39813,63
20,1863,"Friday, August 1, 2014",68001,82
20,1863,"Friday, August 1, 2014",188,84
20,1863,"Friday, August 1, 2014",12,89
20,1863,"Friday, August 1, 2014",188,77
20,1863,"Friday, August 1, 2014",35004,86
20,1863,"Friday, August 1, 2014",14,89
20,1863,"Friday, August 1, 2014",68001,72
20,1863,"Friday, August 1, 2014",88901,71
20,1863,"Friday, August 1, 2014",68,90
20,1863,"Friday, August 1, 2014",67,68
20,1863,"Friday, August 1, 2014",71,88
20,1863,"Friday, August 1, 2014",42223,62
20,1863,"Friday, August 1, 2014",20001,90
20,1863,"Friday, August 1, 2014",42223,82
20,1863,"Friday, August 1, 2014",68001,63
20,1863,"Friday, August 1, 2014",7001,77
20,1863,"Friday, August 1, 2014",56,85
20,1863,"Friday, August 1, 2014",43001,60
20,1863,"Friday, August 1, 2014",66002,90
20,1863,"Friday, August 1, 2014",43001,68
20,1863,"Friday, August 1, 2014",5101,74
20,1863,"Friday, August 1, 2014",12,84
20,1863,"Friday, August 1, 2014",63005,90
20,1863,"Friday, August 1, 2014",29001,82
20,1863,"Friday, August 1, 2014",48001,76
20,1863,"Friday, August 1, 2014",57001,88
20,1863,"Friday, August 1, 2014",71601,90
20,1863,"Friday, August 1, 2014",12,87
20,1863,"Friday, August 1, 2014",35004,79
20,1863,"Friday, August 1, 2014",63005,75
20,1863,"Friday, August 1, 2014",40003,85
20,1863,"Friday, August 1, 2014",59,66
20,1863,"Friday, August 1, 2014",43001,62
20,1863,"Friday, August 1, 2014",24701,73
20,1863,"Friday, August 1, 2014",501,67
20,1863,"Friday, August 1, 2014",66002,64
20,1863,"Friday, August 1, 2014",68001,73
20,1863,"Friday, August 1, 2014",66002,65
20,1863,"Friday, August 1, 2014",57001,80
20,1863,"Friday, August 1, 2014",71601,60
20,1863,"Friday, August 1, 2014",62356,89
20,1863,"Friday, August 1, 2014",57001,67
20,1863,"Friday, August 1, 2014",158,64
20,1863,"Friday, August 1, 2014",59,82
20,1863,"Friday, August 1, 2014",5101,78
20,1863,"Friday, August 1, 2014",158,73
20,1863,"Friday, August 1, 2014",56,87
20,1863,"Friday, August 1, 2014",14,77
20,1863,"Friday, August 1, 2014",35004,61
20,1863,"Friday, August 1, 2014",14,88
20,1863,"Friday, August 1, 2014",188,60
20,1863,"Friday, August 1, 2014",42223,72
20,1863,"Friday, August 1, 2014",40003,70
20,1863,"Friday, August 1, 2014",29001,89
20,1863,"Friday, August 1, 2014",56,65
20,1863,"Friday, August 1, 2014",20041,79
20,1863,"Friday, August 1, 2014",59,74
20,1863,"Friday, August 1, 2014",88901,82
20,1863,"Friday, August 1, 2014",2801,86
20,1863,"Friday, August 1, 2014",19701,72
20,1863,"Friday, August 1, 2014",20041,74
20,1863,"Friday, August 1, 2014",59,67
20,1863,"Friday, August 1, 2014",58001,79
20,1863,"Friday, August 1, 2014",43001,79
20,1863,"Friday, August 1, 2014",46001,76
20,1863,"Friday, August 1, 2014",116,82
20,1863,"Friday, August 1, 2014",63,81
20,1863,"Friday, August 1, 2014",46001,82
20,1863,"Friday, August 1, 2014",64,88
20,1863,"Friday, August 1, 2014",158,82
20,1863,"Friday, August 1, 2014",72,90
20,1863,"Friday, August 1, 2014",59,63
20,1863,"Friday, August 1, 2014",41,80
20,1863,"Friday, August 1, 2014",58001,76
20,1863,"Friday, August 1, 2014",63,76
20,1863,"Friday, August 1, 2014",71601,87
20,1863,"Friday, August 1, 2014",12,72
20,1863,"Friday, August 1, 2014",84,78
20,1863,"Friday, August 1, 2014",82001,77
20,1863,"Friday, August 1, 2014",158,79
20,1863,"Friday, August 1, 2014",20001,76
20,1863,"Friday, August 1, 2014",20058,78
20,1863,"Friday, August 1, 2014",35004,67
20,1863,"Friday, August 1, 2014",501,62
20,1863,"Friday, August 1, 2014",27,64
20,1863,"Friday, August 1, 2014",116,69
16,1863,"Tuesday, April 1, 2014",19701,71
16,1863,"Tuesday, April 1, 2014",66002,65
16,1863,"Tuesday, April 1, 2014",56,86
16,1863,"Tuesday, April 1, 2014",1,84
16,1863,"Tuesday, April 1, 2014",72,68
16,1863,"Tuesday, April 1, 2014",501,70
16,1863,"Tuesday, April 1, 2014",2801,85
16,1863,"Tuesday, April 1, 2014",15937,70
16,1863,"Tuesday, April 1, 2014",58001,83
16,1863,"Tuesday, April 1, 2014",59,89
16,1863,"Tuesday, April 1, 2014",116,87
16,1863,"Tuesday, April 1, 2014",82001,89
16,1863,"Tuesday, April 1, 2014",41,86
16,1863,"Tuesday, April 1, 2014",5101,87
16,1863,"Tuesday, April 1, 2014",63005,79
16,1863,"Tuesday, April 1, 2014",158,80
16,1863,"Tuesday, April 1, 2014",53001,76
16,1863,"Tuesday, April 1, 2014",41,80
16,1863,"Tuesday, April 1, 2014",41,66
16,1863,"Tuesday, April 1, 2014",53001,90
16,1863,"Tuesday, April 1, 2014",20041,70
16,1863,"Tuesday, April 1, 2014",41,70
16,1863,"Tuesday, April 1, 2014",72,67
16,1863,"Tuesday, April 1, 2014",40003,63
16,1863,"Tuesday, April 1, 2014",46001,75
16,1863,"Tuesday, April 1, 2014",15937,84
16,1863,"Tuesday, April 1, 2014",88901,64
16,1863,"Tuesday, April 1, 2014",1,87
16,1863,"Tuesday, April 1, 2014",84,88
16,1863,"Tuesday, April 1, 2014",48001,61
16,1863,"Tuesday, April 1, 2014",71,90
16,1863,"Tuesday, April 1, 2014",38848,74
16,1863,"Tuesday, April 1, 2014",501,68
16,1863,"Tuesday, April 1, 2014",84,62
16,1863,"Tuesday, April 1, 2014",56,88
16,1863,"Tuesday, April 1, 2014",27,61
16,1863,"Tuesday, April 1, 2014",40003,81
16,1863,"Tuesday, April 1, 2014",40003,88
16,1863,"Tuesday, April 1, 2014",43001,90
16,1863,"Tuesday, April 1, 2014",14,88
16,1863,"Tuesday, April 1, 2014",29001,70
16,1863,"Tuesday, April 1, 2014",116,85
16,1863,"Tuesday, April 1, 2014",68,84
16,1863,"Tuesday, April 1, 2014",68001,63
16,1863,"Tuesday, April 1, 2014",5101,88
16,1863,"Tuesday, April 1, 2014",1,82
16,1863,"Tuesday, April 1, 2014",158,71
16,1863,"Tuesday, April 1, 2014",88901,89
16,1863,"Tuesday, April 1, 2014",68001,66
16,1863,"Tuesday, April 1, 2014",67,64
16,1863,"Tuesday, April 1, 2014",58001,76
16,1863,"Tuesday, April 1, 2014",39813,65
16,1863,"Tuesday, April 1, 2014",24701,79
16,1863,"Tuesday, April 1, 2014",3033,86
16,1863,"Tuesday, April 1, 2014",7001,88
16,1863,"Tuesday, April 1, 2014",20041,90
16,1863,"Tuesday, April 1, 2014",5101,74
16,1863,"Tuesday, April 1, 2014",158,73
16,1863,"Tuesday, April 1, 2014",7001,77
16,1863,"Tuesday, April 1, 2014",158,62
16,1863,"Tuesday, April 1, 2014",14,90
16,1863,"Tuesday, April 1, 2014",59,65
16,1863,"Tuesday, April 1, 2014",20001,63
16,1863,"Tuesday, April 1, 2014",56,63
16,1863,"Tuesday, April 1, 2014",62356,76
16,1863,"Tuesday, April 1, 2014",116,89
16,1863,"Tuesday, April 1, 2014",82001,63
16,1863,"Tuesday, April 1, 2014",39813,69
16,1863,"Tuesday, April 1, 2014",20058,90
16,1863,"Tuesday, April 1, 2014",7001,86
16,1863,"Tuesday, April 1, 2014",40003,61
16,1863,"Tuesday, April 1, 2014",58001,76
16,1863,"Tuesday, April 1, 2014",38848,89
16,1863,"Tuesday, April 1, 2014",19701,63
16,1863,"Tuesday, April 1, 2014",38848,72
16,1863,"Tuesday, April 1, 2014",50001,86
16,1863,"Tuesday, April 1, 2014",66002,63
16,1863,"Tuesday, April 1, 2014",20058,84
16,1863,"Tuesday, April 1, 2014",63,71
16,1863,"Tuesday, April 1, 2014",58001,77
16,1863,"Tuesday, April 1, 2014",20041,84
16,1863,"Tuesday, April 1, 2014",46001,86
16,1863,"Tuesday, April 1, 2014",116,68
16,1863,"Tuesday, April 1, 2014",62356,71
16,1863,"Tuesday, April 1, 2014",158,61
16,1863,"Tuesday, April 1, 2014",84,65
16,1863,"Tuesday, April 1, 2014",58001,89
16,1863,"Tuesday, April 1, 2014",64,85
16,1863,"Tuesday, April 1, 2014",41,83
16,1863,"Tuesday, April 1, 2014",57001,65
16,1863,"Tuesday, April 1, 2014",19701,75
9,1863,"Sunday, September 1, 2013",501,85
9,1863,"Sunday, September 1, 2013",19701,66
9,1863,"Sunday, September 1, 2013",7001,89
9,1863,"Sunday, September 1, 2013",15937,85
9,1863,"Sunday, September 1, 2013",63005,80
9,1863,"Sunday, September 1, 2013",3033,74
9,1863,"Sunday, September 1, 2013",68,74
9,1863,"Sunday, September 1, 2013",68,60
9,1863,"Sunday, September 1, 2013",20058,62
9,1863,"Sunday, September 1, 2013",188,72
9,1863,"Sunday, September 1, 2013",71,64
9,1863,"Sunday, September 1, 2013",12,79
9,1863,"Sunday, September 1, 2013",68001,83
9,1863,"Sunday, September 1, 2013",41,79
9,1863,"Sunday, September 1, 2013",64,64
9,1863,"Sunday, September 1, 2013",35004,75
9,1863,"Sunday, September 1, 2013",188,67
9,1863,"Sunday, September 1, 2013",62356,90
9,1863,"Sunday, September 1, 2013",68001,81
9,1863,"Sunday, September 1, 2013",20058,79
9,1863,"Sunday, September 1, 2013",158,87
9,1863,"Sunday, September 1, 2013",72,60
9,1863,"Sunday, September 1, 2013",3033,86
9,1863,"Sunday, September 1, 2013",20041,73
9,1863,"Sunday, September 1, 2013",66002,77
9,1863,"Sunday, September 1, 2013",72,75
9,1863,"Sunday, September 1, 2013",42223,61
9,1863,"Sunday, September 1, 2013",82001,83
9,1863,"Sunday, September 1, 2013",84,87
9,1863,"Sunday, September 1, 2013",501,68
9,1863,"Sunday, September 1, 2013",63,81
9,1863,"Sunday, September 1, 2013",2801,85
9,1863,"Sunday, September 1, 2013",27,76
9,1863,"Sunday, September 1, 2013",12,77
9,1863,"Sunday, September 1, 2013",27,74
9,1863,"Sunday, September 1, 2013",72,73
9,1863,"Sunday, September 1, 2013",158,77
9,1863,"Sunday, September 1, 2013",5101,68
9,1863,"Sunday, September 1, 2013",71601,76
9,1863,"Sunday, September 1, 2013",20001,76
9,1863,"Sunday, September 1, 2013",63,72
9,1863,"Sunday, September 1, 2013",42223,65
9,1863,"Sunday, September 1, 2013",24701,71
9,1863,"Sunday, September 1, 2013",15937,80
9,1863,"Sunday, September 1, 2013",71601,74
9,1863,"Sunday, September 1, 2013",66002,62
9,1863,"Sunday, September 1, 2013",2801,83
9,1863,"Sunday, September 1, 2013",24701,87
9,1863,"Sunday, September 1, 2013",68,83
9,1863,"Sunday, September 1, 2013",7001,65
9,1863,"Sunday, September 1, 2013",38848,88
9,1863,"Sunday, September 1, 2013",53001,75
9,1863,"Sunday, September 1, 2013",50001,68
9,1863,"Sunday, September 1, 2013",50001,88
9,1863,"Sunday, September 1, 2013",46001,65
9,1863,"Sunday, September 1, 2013",88901,81
9,1863,"Sunday, September 1, 2013",84,65
9,1863,"Sunday, September 1, 2013",38848,64
9,1863,"Sunday, September 1, 2013",12,83
9,1863,"Sunday, September 1, 2013",24701,65
9,1863,"Sunday, September 1, 2013",3033,70
9,1863,"Sunday, September 1, 2013",71601,73
9,1863,"Sunday, September 1, 2013",27,71
9,1863,"Sunday, September 1, 2013",5101,61
9,1863,"Sunday, September 1, 2013",62356,77
9,1863,"Sunday, September 1, 2013",501,73
9,1863,"Sunday, September 1, 2013",64,86
9,1863,"Sunday, September 1, 2013",188,88
9,1863,"Sunday, September 1, 2013",39813,89
9,1863,"Sunday, September 1, 2013",88901,73
9,1863,"Sunday, September 1, 2013",58001,62
9,1863,"Sunday, September 1, 2013",66002,67
9,1863,"Sunday, September 1, 2013",82001,82
9,1863,"Sunday, September 1, 2013",15937,73
9,1863,"Sunday, September 1, 2013",56,80
9,1863,"Sunday, September 1, 2013",38848,87
9,1863,"Sunday, September 1, 2013",14,72
9,1863,"Sunday, September 1, 2013",2801,82
9,1863,"Sunday, September 1, 2013",20058,74
9,1863,"Sunday, September 1, 2013",20058,80
9,1863,"Sunday, September 1, 2013",46001,65
9,1863,"Sunday, September 1, 2013",15937,61
9,1863,"Sunday, September 1, 2013",158,70
9,1863,"Sunday, September 1, 2013",67,85
9,1863,"Sunday, September 1, 2013",42223,75
9,1863,"Sunday, September 1, 2013",43001,71
9,1863,"Sunday, September 1, 2013",57001,72
9,1863,"Sunday, September 1, 2013",72,77
9,1863,"Sunday, September 1, 2013",62356,90
12,1863,"Sunday, December 1, 2013",68,89
12,1863,"Sunday, December 1, 2013",43001,67
12,1863,"Sunday, December 1, 2013",46001,69
12,1863,"Sunday, December 1, 2013",68001,84
12,1863,"Sunday, December 1, 2013",188,82
12,1863,"Sunday, December 1, 2013",19701,82
12,1863,"Sunday, December 1, 2013",63005,74
12,1863,"Sunday, December 1, 2013",3033,62
12,1863,"Sunday, December 1, 2013",116,72
12,1863,"Sunday, December 1, 2013",20001,73
12,1863,"Sunday, December 1, 2013",56,61
12,1863,"Sunday, December 1, 2013",27,77
12,1863,"Sunday, December 1, 2013",62356,60
12,1863,"Sunday, December 1, 2013",20001,71
12,1863,"Sunday, December 1, 2013",1,71
12,1863,"Sunday, December 1, 2013",71,87
12,1863,"Sunday, December 1, 2013",42223,83
12,1863,"Sunday, December 1, 2013",20041,87
12,1863,"Sunday, December 1, 2013",35004,80
12,1863,"Sunday, December 1, 2013",12,71
12,1863,"Sunday, December 1, 2013",20041,72
12,1863,"Sunday, December 1, 2013",27,74
12,1863,"Sunday, December 1, 2013",56,67
12,1863,"Sunday, December 1, 2013",88901,61
12,1863,"Sunday, December 1, 2013",188,90
12,1863,"Sunday, December 1, 2013",20058,67
12,1863,"Sunday, December 1, 2013",72,62
12,1863,"Sunday, December 1, 2013",63005,89
12,1863,"Sunday, December 1, 2013",38848,84
12,1863,"Sunday, December 1, 2013",12,73
12,1863,"Sunday, December 1, 2013",41,72
12,1863,"Sunday, December 1, 2013",24701,73
12,1863,"Sunday, December 1, 2013",19701,86
12,1863,"Sunday, December 1, 2013",19701,77
12,1863,"Sunday, December 1, 2013",56,64
12,1863,"Sunday, December 1, 2013",88901,72
12,1863,"Sunday, December 1, 2013",58001,60
12,1863,"Sunday, December 1, 2013",71601,83
12,1863,"Sunday, December 1, 2013",35004,76
12,1863,"Sunday, December 1, 2013",35004,88
12,1863,"Sunday, December 1, 2013",19701,75
12,1863,"Sunday, December 1, 2013",39813,78
12,1863,"Sunday, December 1, 2013",20001,60
12,1863,"Sunday, December 1, 2013",50001,63
12,1863,"Sunday, December 1, 2013",50001,87
12,1863,"Sunday, December 1, 2013",88901,81
12,1863,"Sunday, December 1, 2013",58001,77
12,1863,"Sunday, December 1, 2013",53001,79
12,1863,"Sunday, December 1, 2013",20001,87
12,1863,"Sunday, December 1, 2013",46001,67
12,1863,"Sunday, December 1, 2013",63005,61
12,1863,"Sunday, December 1, 2013",56,80
12,1863,"Sunday, December 1, 2013",40003,82
12,1863,"Sunday, December 1, 2013",41,82
12,1863,"Sunday, December 1, 2013",20058,83
12,1863,"Sunday, December 1, 2013",7001,84
12,1863,"Sunday, December 1, 2013",12,76
12,1863,"Sunday, December 1, 2013",41,87
12,1863,"Sunday, December 1, 2013",19701,75
12,1863,"Sunday, December 1, 2013",56,79
12,1863,"Sunday, December 1, 2013",64,89
12,1863,"Sunday, December 1, 2013",72,61
12,1863,"Sunday, December 1, 2013",158,66
12,1863,"Sunday, December 1, 2013",2801,82
12,1863,"Sunday, December 1, 2013",63005,75
12,1863,"Sunday, December 1, 2013",72,86
12,1863,"Sunday, December 1, 2013",7001,90
12,1863,"Sunday, December 1, 2013",2801,80
12,1863,"Sunday, December 1, 2013",3033,66
12,1863,"Sunday, December 1, 2013",58001,90
12,1863,"Sunday, December 1, 2013",58001,68
12,1863,"Sunday, December 1, 2013",19701,72
12,1863,"Sunday, December 1, 2013",50001,75
12,1863,"Sunday, December 1, 2013",50001,69
12,1863,"Sunday, December 1, 2013",42223,74
12,1863,"Sunday, December 1, 2013",57001,61
12,1863,"Sunday, December 1, 2013",1,70
12,1863,"Sunday, December 1, 2013",57001,86
12,1863,"Sunday, December 1, 2013",84,84
12,1863,"Sunday, December 1, 2013",14,65
12,1863,"Sunday, December 1, 2013",38848,90
12,1863,"Sunday, December 1, 2013",501,73
12,1863,"Sunday, December 1, 2013",46001,77
12,1863,"Sunday, December 1, 2013",15937,84
12,1863,"Sunday, December 1, 2013",2801,74
18,1863,"Sunday, June 1, 2014",188,79
18,1863,"Sunday, June 1, 2014",1,74
18,1863,"Sunday, June 1, 2014",20041,72
18,1863,"Sunday, June 1, 2014",46001,72
18,1863,"Sunday, June 1, 2014",66002,69
18,1863,"Sunday, June 1, 2014",1,67
18,1863,"Sunday, June 1, 2014",50001,72
18,1863,"Sunday, June 1, 2014",63,90
18,1863,"Sunday, June 1, 2014",27,70
18,1863,"Sunday, June 1, 2014",42223,60
18,1863,"Sunday, June 1, 2014",12,74
18,1863,"Sunday, June 1, 2014",116,83
18,1863,"Sunday, June 1, 2014",12,77
18,1863,"Sunday, June 1, 2014",116,66
18,1863,"Sunday, June 1, 2014",84,64
18,1863,"Sunday, June 1, 2014",41,79
18,1863,"Sunday, June 1, 2014",59,61
18,1863,"Sunday, June 1, 2014",188,69
18,1863,"Sunday, June 1, 2014",14,62
18,1863,"Sunday, June 1, 2014",158,72
18,1863,"Sunday, June 1, 2014",46001,74
18,1863,"Sunday, June 1, 2014",116,69
18,1863,"Sunday, June 1, 2014",68,68
18,1863,"Sunday, June 1, 2014",158,82
18,1863,"Sunday, June 1, 2014",19701,64
18,1863,"Sunday, June 1, 2014",15937,88
18,1863,"Sunday, June 1, 2014",29001,69
18,1863,"Sunday, June 1, 2014",68001,81
18,1863,"Sunday, June 1, 2014",12,81
18,1863,"Sunday, June 1, 2014",158,77
18,1863,"Sunday, June 1, 2014",2801,90
18,1863,"Sunday, June 1, 2014",40003,90
18,1863,"Sunday, June 1, 2014",53001,72
18,1863,"Sunday, June 1, 2014",39813,76
18,1863,"Sunday, June 1, 2014",188,69
18,1863,"Sunday, June 1, 2014",27,68
18,1863,"Sunday, June 1, 2014",48001,81
18,1863,"Sunday, June 1, 2014",63005,86
18,1863,"Sunday, June 1, 2014",56,73
18,1863,"Sunday, June 1, 2014",64,79
18,1863,"Sunday, June 1, 2014",63,81
18,1863,"Sunday, June 1, 2014",39813,81
18,1863,"Sunday, June 1, 2014",59,88
18,1863,"Sunday, June 1, 2014",158,84
18,1863,"Sunday, June 1, 2014",88901,87
18,1863,"Sunday, June 1, 2014",63,62
18,1863,"Sunday, June 1, 2014",24701,77
18,1863,"Sunday, June 1, 2014",116,69
18,1863,"Sunday, June 1, 2014",40003,72
18,1863,"Sunday, June 1, 2014",67,79
18,1863,"Sunday, June 1, 2014",15937,83
18,1863,"Sunday, June 1, 2014",68,81
18,1863,"Sunday, June 1, 2014",12,75
18,1863,"Sunday, June 1, 2014",57001,75
18,1863,"Sunday, June 1, 2014",63005,61
18,1863,"Sunday, June 1, 2014",41,86
18,1863,"Sunday, June 1, 2014",68001,87
18,1863,"Sunday, June 1, 2014",188,74
18,1863,"Sunday, June 1, 2014",42223,88
18,1863,"Sunday, June 1, 2014",15937,63
18,1863,"Sunday, June 1, 2014",5101,77
18,1863,"Sunday, June 1, 2014",67,74
18,1863,"Sunday, June 1, 2014",71,64
18,1863,"Sunday, June 1, 2014",20058,80
18,1863,"Sunday, June 1, 2014",71601,73
18,1863,"Sunday, June 1, 2014",20001,81
18,1863,"Sunday, June 1, 2014",3033,62
18,1863,"Sunday, June 1, 2014",48001,62
18,1863,"Sunday, June 1, 2014",56,73
18,1863,"Sunday, June 1, 2014",3033,74
18,1863,"Sunday, June 1, 2014",19701,65
18,1863,"Sunday, June 1, 2014",48001,61
18,1863,"Sunday, June 1, 2014",71601,89
18,1863,"Sunday, June 1, 2014",43001,61
18,1863,"Sunday, June 1, 2014",57001,90
18,1863,"Sunday, June 1, 2014",48001,64
18,1863,"Sunday, June 1, 2014",48001,61
18,1863,"Sunday, June 1, 2014",6001,64
18,1863,"Sunday, June 1, 2014",71,79
18,1863,"Sunday, June 1, 2014",14,76
18,1863,"Sunday, June 1, 2014",188,81
18,1863,"Sunday, June 1, 2014",5101,76
18,1863,"Sunday, June 1, 2014",14,78
18,1863,"Sunday, June 1, 2014",57001,72
18,1863,"Sunday, June 1, 2014",7001,62
18,1863,"Sunday, June 1, 2014",158,60
21,1863,"Monday, September 1, 2014",12,77
21,1863,"Monday, September 1, 2014",82001,72
21,1863,"Monday, September 1, 2014",62356,67
21,1863,"Monday, September 1, 2014",39813,81
21,1863,"Monday, September 1, 2014",71601,82
21,1863,"Monday, September 1, 2014",64,83
21,1863,"Monday, September 1, 2014",35004,64
21,1863,"Monday, September 1, 2014",5101,75
21,1863,"Monday, September 1, 2014",63,65
21,1863,"Monday, September 1, 2014",19701,84
21,1863,"Monday, September 1, 2014",58001,62
21,1863,"Monday, September 1, 2014",35004,66
21,1863,"Monday, September 1, 2014",6001,81
21,1863,"Monday, September 1, 2014",27,77
21,1863,"Monday, September 1, 2014",5101,85
21,1863,"Monday, September 1, 2014",58001,76
21,1863,"Monday, September 1, 2014",62356,88
21,1863,"Monday, September 1, 2014",68,65
21,1863,"Monday, September 1, 2014",6001,89
21,1863,"Monday, September 1, 2014",72,89
21,1863,"Monday, September 1, 2014",71,75
21,1863,"Monday, September 1, 2014",7001,81
21,1863,"Monday, September 1, 2014",116,75
21,1863,"Monday, September 1, 2014",82001,88
21,1863,"Monday, September 1, 2014",24701,90
21,1863,"Monday, September 1, 2014",43001,73
21,1863,"Monday, September 1, 2014",42223,78
21,1863,"Monday, September 1, 2014",46001,69
21,1863,"Monday, September 1, 2014",48001,60
21,1863,"Monday, September 1, 2014",68,78
21,1863,"Monday, September 1, 2014",43001,68
21,1863,"Monday, September 1, 2014",66002,76
21,1863,"Monday, September 1, 2014",43001,79
21,1863,"Monday, September 1, 2014",158,88
21,1863,"Monday, September 1, 2014",19701,72
21,1863,"Monday, September 1, 2014",20041,88
21,1863,"Monday, September 1, 2014",38848,60
21,1863,"Monday, September 1, 2014",68001,66
21,1863,"Monday, September 1, 2014",50001,71
21,1863,"Monday, September 1, 2014",5101,77
21,1863,"Monday, September 1, 2014",20041,80
21,1863,"Monday, September 1, 2014",88901,68
21,1863,"Monday, September 1, 2014",7001,60
21,1863,"Monday, September 1, 2014",116,77
21,1863,"Monday, September 1, 2014",27,64
21,1863,"Monday, September 1, 2014",12,64
21,1863,"Monday, September 1, 2014",27,66
21,1863,"Monday, September 1, 2014",88901,62
21,1863,"Monday, September 1, 2014",42223,78
21,1863,"Monday, September 1, 2014",20058,74
21,1863,"Monday, September 1, 2014",71,63
21,1863,"Monday, September 1, 2014",59,70
21,1863,"Monday, September 1, 2014",71,90
21,1863,"Monday, September 1, 2014",58001,64
21,1863,"Monday, September 1, 2014",72,70
21,1863,"Monday, September 1, 2014",66002,80
21,1863,"Monday, September 1, 2014",58001,69
21,1863,"Monday, September 1, 2014",63005,90
21,1863,"Monday, September 1, 2014",1,64
21,1863,"Monday, September 1, 2014",20001,76
21,1863,"Monday, September 1, 2014",1,76
21,1863,"Monday, September 1, 2014",63005,80
21,1863,"Monday, September 1, 2014",19701,90
21,1863,"Monday, September 1, 2014",66002,68
21,1863,"Monday, September 1, 2014",24701,73
21,1863,"Monday, September 1, 2014",5101,84
21,1863,"Monday, September 1, 2014",6001,65
21,1863,"Monday, September 1, 2014",7001,72
21,1863,"Monday, September 1, 2014",501,87
21,1863,"Monday, September 1, 2014",71,67
21,1863,"Monday, September 1, 2014",72,90
21,1863,"Monday, September 1, 2014",66002,72
21,1863,"Monday, September 1, 2014",48001,73
21,1863,"Monday, September 1, 2014",71,79
21,1863,"Monday, September 1, 2014",15937,72
21,1863,"Monday, September 1, 2014",158,85
21,1863,"Monday, September 1, 2014",68001,78
21,1863,"Monday, September 1, 2014",46001,69
21,1863,"Monday, September 1, 2014",59,87
21,1863,"Monday, September 1, 2014",67,71
21,1863,"Monday, September 1, 2014",46001,76
21,1863,"Monday, September 1, 2014",6001,87
21,1863,"Monday, September 1, 2014",68001,65
21,1863,"Monday, September 1, 2014",27,79
10,1863,"Tuesday, October 1, 2013",68,65
10,1863,"Tuesday, October 1, 2013",63005,85
10,1863,"Tuesday, October 1, 2013",53001,77
10,1863,"Tuesday, October 1, 2013",158,89
10,1863,"Tuesday, October 1, 2013",63005,65
10,1863,"Tuesday, October 1, 2013",68,65
10,1863,"Tuesday, October 1, 2013",27,87
10,1863,"Tuesday, October 1, 2013",501,82
10,1863,"Tuesday, October 1, 2013",19701,66
10,1863,"Tuesday, October 1, 2013",29001,84
10,1863,"Tuesday, October 1, 2013",48001,81
10,1863,"Tuesday, October 1, 2013",48001,84
10,1863,"Tuesday, October 1, 2013",35004,63
10,1863,"Tuesday, October 1, 2013",71601,89
10,1863,"Tuesday, October 1, 2013",501,64
10,1863,"Tuesday, October 1, 2013",67,78
10,1863,"Tuesday, October 1, 2013",6001,72
10,1863,"Tuesday, October 1, 2013",38848,77
10,1863,"Tuesday, October 1, 2013",71601,81
10,1863,"Tuesday, October 1, 2013",116,75
10,1863,"Tuesday, October 1, 2013",1,67
10,1863,"Tuesday, October 1, 2013",67,73
10,1863,"Tuesday, October 1, 2013",158,61
10,1863,"Tuesday, October 1, 2013",58001,76
10,1863,"Tuesday, October 1, 2013",20001,81
10,1863,"Tuesday, October 1, 2013",35004,61
10,1863,"Tuesday, October 1, 2013",12,87
10,1863,"Tuesday, October 1, 2013",29001,90
10,1863,"Tuesday, October 1, 2013",15937,60
10,1863,"Tuesday, October 1, 2013",64,87
10,1863,"Tuesday, October 1, 2013",71601,90
10,1863,"Tuesday, October 1, 2013",66002,82
10,1863,"Tuesday, October 1, 2013",68,77
10,1863,"Tuesday, October 1, 2013",12,69
10,1863,"Tuesday, October 1, 2013",64,90
10,1863,"Tuesday, October 1, 2013",84,65
10,1863,"Tuesday, October 1, 2013",35004,71
10,1863,"Tuesday, October 1, 2013",15937,61
10,1863,"Tuesday, October 1, 2013",19701,81
10,1863,"Tuesday, October 1, 2013",12,70
10,1863,"Tuesday, October 1, 2013",24701,69
10,1863,"Tuesday, October 1, 2013",12,77
10,1863,"Tuesday, October 1, 2013",58001,87
10,1863,"Tuesday, October 1, 2013",1,64
10,1863,"Tuesday, October 1, 2013",68001,89
10,1863,"Tuesday, October 1, 2013",501,89
10,1863,"Tuesday, October 1, 2013",58001,88
10,1863,"Tuesday, October 1, 2013",40003,84
10,1863,"Tuesday, October 1, 2013",42223,80
10,1863,"Tuesday, October 1, 2013",14,86
10,1863,"Tuesday, October 1, 2013",71601,78
10,1863,"Tuesday, October 1, 2013",14,63
10,1863,"Tuesday, October 1, 2013",50001,81
10,1863,"Tuesday, October 1, 2013",58001,75
10,1863,"Tuesday, October 1, 2013",82001,89
10,1863,"Tuesday, October 1, 2013",84,62
10,1863,"Tuesday, October 1, 2013",62356,88
10,1863,"Tuesday, October 1, 2013",71,60
10,1863,"Tuesday, October 1, 2013",50001,83
10,1863,"Tuesday, October 1, 2013",71,76
10,1863,"Tuesday, October 1, 2013",24701,81
10,1863,"Tuesday, October 1, 2013",24701,90
10,1863,"Tuesday, October 1, 2013",46001,83
10,1863,"Tuesday, October 1, 2013",3033,71
10,1863,"Tuesday, October 1, 2013",59,85
10,1863,"Tuesday, October 1, 2013",20001,69
10,1863,"Tuesday, October 1, 2013",46001,81
10,1863,"Tuesday, October 1, 2013",62356,63
10,1863,"Tuesday, October 1, 2013",88901,67
10,1863,"Tuesday, October 1, 2013",63005,67
10,1863,"Tuesday, October 1, 2013",41,69
10,1863,"Tuesday, October 1, 2013",56,67
10,1863,"Tuesday, October 1, 2013",42223,87
10,1863,"Tuesday, October 1, 2013",39813,68
10,1863,"Tuesday, October 1, 2013",57001,89
10,1863,"Tuesday, October 1, 2013",6001,81
10,1863,"Tuesday, October 1, 2013",188,69
10,1863,"Tuesday, October 1, 2013",64,82
10,1863,"Tuesday, October 1, 2013",12,84
10,1863,"Tuesday, October 1, 2013",38848,81
10,1863,"Tuesday, October 1, 2013",43001,67
10,1863,"Tuesday, October 1, 2013",158,60
10,1863,"Tuesday, October 1, 2013",20041,90
10,1863,"Tuesday, October 1, 2013",20041,66
8,1863,"Thursday, August 1, 2013",14,75
8,1863,"Thursday, August 1, 2013",24701,76
8,1863,"Thursday, August 1, 2013",20058,71
8,1863,"Thursday, August 1, 2013",27,65
8,1863,"Thursday, August 1, 2013",41,83
8,1863,"Thursday, August 1, 2013",3033,60
8,1863,"Thursday, August 1, 2013",20058,83
8,1863,"Thursday, August 1, 2013",46001,83
8,1863,"Thursday, August 1, 2013",20041,77
8,1863,"Thursday, August 1, 2013",56,61
8,1863,"Thursday, August 1, 2013",15937,69
8,1863,"Thursday, August 1, 2013",2801,90
8,1863,"Thursday, August 1, 2013",71601,82
8,1863,"Thursday, August 1, 2013",88901,68
8,1863,"Thursday, August 1, 2013",40003,70
8,1863,"Thursday, August 1, 2013",88901,72
8,1863,"Thursday, August 1, 2013",20001,77
8,1863,"Thursday, August 1, 2013",71,75
8,1863,"Thursday, August 1, 2013",27,79
8,1863,"Thursday, August 1, 2013",20001,70
8,1863,"Thursday, August 1, 2013",72,86
8,1863,"Thursday, August 1, 2013",84,60
8,1863,"Thursday, August 1, 2013",7001,80
8,1863,"Thursday, August 1, 2013",64,87
8,1863,"Thursday, August 1, 2013",38848,63
8,1863,"Thursday, August 1, 2013",50001,77
8,1863,"Thursday, August 1, 2013",6001,78
8,1863,"Thursday, August 1, 2013",24701,66
8,1863,"Thursday, August 1, 2013",6001,61
8,1863,"Thursday, August 1, 2013",20041,84
8,1863,"Thursday, August 1, 2013",46001,63
8,1863,"Thursday, August 1, 2013",71,76
8,1863,"Thursday, August 1, 2013",29001,67
8,1863,"Thursday, August 1, 2013",72,63
8,1863,"Thursday, August 1, 2013",3033,79
8,1863,"Thursday, August 1, 2013",20041,65
8,1863,"Thursday, August 1, 2013",20041,88
8,1863,"Thursday, August 1, 2013",53001,66
8,1863,"Thursday, August 1, 2013",71,86
8,1863,"Thursday, August 1, 2013",41,77
8,1863,"Thursday, August 1, 2013",62356,86
8,1863,"Thursday, August 1, 2013",64,65
8,1863,"Thursday, August 1, 2013",188,79
8,1863,"Thursday, August 1, 2013",48001,66
8,1863,"Thursday, August 1, 2013",59,88
8,1863,"Thursday, August 1, 2013",53001,88
8,1863,"Thursday, August 1, 2013",40003,80
8,1863,"Thursday, August 1, 2013",41,62
8,1863,"Thursday, August 1, 2013",46001,84
8,1863,"Thursday, August 1, 2013",50001,84
8,1863,"Thursday, August 1, 2013",63,74
8,1863,"Thursday, August 1, 2013",1,82
8,1863,"Thursday, August 1, 2013",59,64
8,1863,"Thursday, August 1, 2013",88901,89
8,1863,"Thursday, August 1, 2013",5101,76
8,1863,"Thursday, August 1, 2013",116,76
8,1863,"Thursday, August 1, 2013",24701,61
8,1863,"Thursday, August 1, 2013",59,90
8,1863,"Thursday, August 1, 2013",20001,76
8,1863,"Thursday, August 1, 2013",20058,66
8,1863,"Thursday, August 1, 2013",67,63
8,1863,"Thursday, August 1, 2013",64,83
8,1863,"Thursday, August 1, 2013",29001,88
8,1863,"Thursday, August 1, 2013",62356,75
8,1863,"Thursday, August 1, 2013",43001,68
8,1863,"Thursday, August 1, 2013",20058,82
8,1863,"Thursday, August 1, 2013",64,68
8,1863,"Thursday, August 1, 2013",24701,83
8,1863,"Thursday, August 1, 2013",7001,73
8,1863,"Thursday, August 1, 2013",41,80
8,1863,"Thursday, August 1, 2013",67,70
8,1863,"Thursday, August 1, 2013",72,76
8,1863,"Thursday, August 1, 2013",41,90
8,1863,"Thursday, August 1, 2013",50001,80
8,1863,"Thursday, August 1, 2013",82001,90
8,1863,"Thursday, August 1, 2013",71,62
8,1863,"Thursday, August 1, 2013",158,71
8,1863,"Thursday, August 1, 2013",14,74
8,1863,"Thursday, August 1, 2013",116,79
8,1863,"Thursday, August 1, 2013",63,73
8,1863,"Thursday, August 1, 2013",38848,76
22,1863,"Wednesday, October 1, 2014",53001,69
22,1863,"Wednesday, October 1, 2014",50001,64
22,1863,"Wednesday, October 1, 2014",46001,70
22,1863,"Wednesday, October 1, 2014",50001,63
22,1863,"Wednesday, October 1, 2014",62356,71
22,1863,"Wednesday, October 1, 2014",6001,68
22,1863,"Wednesday, October 1, 2014",68,88
22,1863,"Wednesday, October 1, 2014",1,62
22,1863,"Wednesday, October 1, 2014",53001,66
22,1863,"Wednesday, October 1, 2014",46001,62
22,1863,"Wednesday, October 1, 2014",2801,86
22,1863,"Wednesday, October 1, 2014",2801,72
22,1863,"Wednesday, October 1, 2014",41,77
22,1863,"Wednesday, October 1, 2014",57001,69
22,1863,"Wednesday, October 1, 2014",5101,73
22,1863,"Wednesday, October 1, 2014",68,73
22,1863,"Wednesday, October 1, 2014",41,66
22,1863,"Wednesday, October 1, 2014",35004,73
22,1863,"Wednesday, October 1, 2014",29001,86
22,1863,"Wednesday, October 1, 2014",24701,79
22,1863,"Wednesday, October 1, 2014",53001,77
22,1863,"Wednesday, October 1, 2014",24701,65
22,1863,"Wednesday, October 1, 2014",15937,83
22,1863,"Wednesday, October 1, 2014",14,81
22,1863,"Wednesday, October 1, 2014",84,88
22,1863,"Wednesday, October 1, 2014",116,63
22,1863,"Wednesday, October 1, 2014",5101,80
22,1863,"Wednesday, October 1, 2014",66002,86
22,1863,"Wednesday, October 1, 2014",6001,68
22,1863,"Wednesday, October 1, 2014",27,65
22,1863,"Wednesday, October 1, 2014",24701,80
22,1863,"Wednesday, October 1, 2014",501,74
22,1863,"Wednesday, October 1, 2014",53001,72
22,1863,"Wednesday, October 1, 2014",58001,85
22,1863,"Wednesday, October 1, 2014",15937,74
22,1863,"Wednesday, October 1, 2014",56,82
22,1863,"Wednesday, October 1, 2014",15937,63
22,1863,"Wednesday, October 1, 2014",1,70
22,1863,"Wednesday, October 1, 2014",48001,82
22,1863,"Wednesday, October 1, 2014",20001,69
22,1863,"Wednesday, October 1, 2014",38848,84
22,1863,"Wednesday, October 1, 2014",71,86
22,1863,"Wednesday, October 1, 2014",12,86
22,1863,"Wednesday, October 1, 2014",72,66
22,1863,"Wednesday, October 1, 2014",5101,79
22,1863,"Wednesday, October 1, 2014",56,80
22,1863,"Wednesday, October 1, 2014",71601,78
22,1863,"Wednesday, October 1, 2014",3033,76
22,1863,"Wednesday, October 1, 2014",64,86
22,1863,"Wednesday, October 1, 2014",158,72
22,1863,"Wednesday, October 1, 2014",59,64
22,1863,"Wednesday, October 1, 2014",2801,72
22,1863,"Wednesday, October 1, 2014",38848,78
22,1863,"Wednesday, October 1, 2014",35004,73
22,1863,"Wednesday, October 1, 2014",56,89
22,1863,"Wednesday, October 1, 2014",50001,64
22,1863,"Wednesday, October 1, 2014",116,89
22,1863,"Wednesday, October 1, 2014",14,64
22,1863,"Wednesday, October 1, 2014",20058,60
22,1863,"Wednesday, October 1, 2014",39813,78
22,1863,"Wednesday, October 1, 2014",43001,88
22,1863,"Wednesday, October 1, 2014",56,72
22,1863,"Wednesday, October 1, 2014",158,60
22,1863,"Wednesday, October 1, 2014",56,61
22,1863,"Wednesday, October 1, 2014",82001,71
22,1863,"Wednesday, October 1, 2014",42223,80
22,1863,"Wednesday, October 1, 2014",35004,64
22,1863,"Wednesday, October 1, 2014",62356,72
22,1863,"Wednesday, October 1, 2014",1,80
22,1863,"Wednesday, October 1, 2014",42223,89
22,1863,"Wednesday, October 1, 2014",5101,65
22,1863,"Wednesday, October 1, 2014",43001,66
22,1863,"Wednesday, October 1, 2014",188,64
22,1863,"Wednesday, October 1, 2014",48001,60
22,1863,"Wednesday, October 1, 2014",29001,74
22,1863,"Wednesday, October 1, 2014",82001,86
22,1863,"Wednesday, October 1, 2014",27,86
22,1863,"Wednesday, October 1, 2014",48001,70
22,1863,"Wednesday, October 1, 2014",66002,77
22,1863,"Wednesday, October 1, 2014",29001,89
22,1863,"Wednesday, October 1, 2014",3033,84
22,1863,"Wednesday, October 1, 2014",46001,80
13,1863,"Wednesday, January 1, 2014",20041,62
13,1863,"Wednesday, January 1, 2014",67,75
13,1863,"Wednesday, January 1, 2014",1,64
13,1863,"Wednesday, January 1, 2014",59,75
13,1863,"Wednesday, January 1, 2014",64,80
13,1863,"Wednesday, January 1, 2014",20058,79
13,1863,"Wednesday, January 1, 2014",15937,85
13,1863,"Wednesday, January 1, 2014",501,86
13,1863,"Wednesday, January 1, 2014",5101,67
13,1863,"Wednesday, January 1, 2014",71601,64
13,1863,"Wednesday, January 1, 2014",53001,75
13,1863,"Wednesday, January 1, 2014",71,88
13,1863,"Wednesday, January 1, 2014",53001,64
13,1863,"Wednesday, January 1, 2014",67,74
13,1863,"Wednesday, January 1, 2014",63005,78
13,1863,"Wednesday, January 1, 2014",116,63
13,1863,"Wednesday, January 1, 2014",35004,66
13,1863,"Wednesday, January 1, 2014",43001,84
13,1863,"Wednesday, January 1, 2014",59,60
13,1863,"Wednesday, January 1, 2014",88901,64
13,1863,"Wednesday, January 1, 2014",71601,84
13,1863,"Wednesday, January 1, 2014",35004,65
13,1863,"Wednesday, January 1, 2014",71,85
13,1863,"Wednesday, January 1, 2014",35004,73
13,1863,"Wednesday, January 1, 2014",43001,79
13,1863,"Wednesday, January 1, 2014",63,85
13,1863,"Wednesday, January 1, 2014",20058,62
13,1863,"Wednesday, January 1, 2014",3033,61
13,1863,"Wednesday, January 1, 2014",24701,90
13,1863,"Wednesday, January 1, 2014",63,76
13,1863,"Wednesday, January 1, 2014",39813,66
13,1863,"Wednesday, January 1, 2014",12,78
13,1863,"Wednesday, January 1, 2014",188,66
13,1863,"Wednesday, January 1, 2014",43001,88
13,1863,"Wednesday, January 1, 2014",58001,60
13,1863,"Wednesday, January 1, 2014",63005,60
13,1863,"Wednesday, January 1, 2014",27,73
13,1863,"Wednesday, January 1, 2014",20001,68
13,1863,"Wednesday, January 1, 2014",501,82
13,1863,"Wednesday, January 1, 2014",29001,67
13,1863,"Wednesday, January 1, 2014",46001,66
13,1863,"Wednesday, January 1, 2014",6001,77
13,1863,"Wednesday, January 1, 2014",188,73
13,1863,"Wednesday, January 1, 2014",7001,76
13,1863,"Wednesday, January 1, 2014",46001,89
13,1863,"Wednesday, January 1, 2014",84,64
13,1863,"Wednesday, January 1, 2014",5101,84
13,1863,"Wednesday, January 1, 2014",40003,63
13,1863,"Wednesday, January 1, 2014",12,72
13,1863,"Wednesday, January 1, 2014",68001,81
13,1863,"Wednesday, January 1, 2014",5101,86
13,1863,"Wednesday, January 1, 2014",50001,88
13,1863,"Wednesday, January 1, 2014",19701,70
13,1863,"Wednesday, January 1, 2014",71601,82
13,1863,"Wednesday, January 1, 2014",19701,65
13,1863,"Wednesday, January 1, 2014",188,60
13,1863,"Wednesday, January 1, 2014",188,62
13,1863,"Wednesday, January 1, 2014",41,86
13,1863,"Wednesday, January 1, 2014",3033,88
13,1863,"Wednesday, January 1, 2014",53001,90
13,1863,"Wednesday, January 1, 2014",12,80
13,1863,"Wednesday, January 1, 2014",67,86
13,1863,"Wednesday, January 1, 2014",59,62
13,1863,"Wednesday, January 1, 2014",14,65
13,1863,"Wednesday, January 1, 2014",1,81
13,1863,"Wednesday, January 1, 2014",59,61
13,1863,"Wednesday, January 1, 2014",43001,89
13,1863,"Wednesday, January 1, 2014",14,64
13,1863,"Wednesday, January 1, 2014",63005,69
13,1863,"Wednesday, January 1, 2014",20058,89
13,1863,"Wednesday, January 1, 2014",48001,80
13,1863,"Wednesday, January 1, 2014",20001,75
13,1863,"Wednesday, January 1, 2014",38848,90
13,1863,"Wednesday, January 1, 2014",29001,75
13,1863,"Wednesday, January 1, 2014",72,81
13,1863,"Wednesday, January 1, 2014",41,69
13,1863,"Wednesday, January 1, 2014",2801,60
13,1863,"Wednesday, January 1, 2014",82001,63
11,1863,"Friday, November 1, 2013",82001,60
11,1863,"Friday, November 1, 2013",7001,86
11,1863,"Friday, November 1, 2013",62356,81
11,1863,"Friday, November 1, 2013",84,73
11,1863,"Friday, November 1, 2013",12,88
11,1863,"Friday, November 1, 2013",27,86
11,1863,"Friday, November 1, 2013",39813,63
11,1863,"Friday, November 1, 2013",88901,67
11,1863,"Friday, November 1, 2013",6001,77
11,1863,"Friday, November 1, 2013",39813,68
11,1863,"Friday, November 1, 2013",116,67
11,1863,"Friday, November 1, 2013",68,73
11,1863,"Friday, November 1, 2013",29001,67
11,1863,"Friday, November 1, 2013",50001,87
11,1863,"Friday, November 1, 2013",6001,67
11,1863,"Friday, November 1, 2013",63,81
11,1863,"Friday, November 1, 2013",24701,77
11,1863,"Friday, November 1, 2013",5101,86
11,1863,"Friday, November 1, 2013",62356,73
11,1863,"Friday, November 1, 2013",158,84
11,1863,"Friday, November 1, 2013",24701,67
11,1863,"Friday, November 1, 2013",62356,76
11,1863,"Friday, November 1, 2013",41,66
11,1863,"Friday, November 1, 2013",40003,73
11,1863,"Friday, November 1, 2013",6001,77
11,1863,"Friday, November 1, 2013",82001,63
11,1863,"Friday, November 1, 2013",63005,61
11,1863,"Friday, November 1, 2013",71,82
11,1863,"Friday, November 1, 2013",19701,66
11,1863,"Friday, November 1, 2013",27,63
11,1863,"Friday, November 1, 2013",24701,85
11,1863,"Friday, November 1, 2013",66002,80
11,1863,"Friday, November 1, 2013",67,81
11,1863,"Friday, November 1, 2013",84,61
11,1863,"Friday, November 1, 2013",35004,68
11,1863,"Friday, November 1, 2013",40003,81
11,1863,"Friday, November 1, 2013",27,81
11,1863,"Friday, November 1, 2013",35004,86
11,1863,"Friday, November 1, 2013",1,63
11,1863,"Friday, November 1, 2013",29001,63
11,1863,"Friday, November 1, 2013",6001,63
11,1863,"Friday, November 1, 2013",71,78
11,1863,"Friday, November 1, 2013",63005,65
11,1863,"Friday, November 1, 2013",14,86
11,1863,"Friday, November 1, 2013",48001,88
11,1863,"Friday, November 1, 2013",6001,74
11,1863,"Friday, November 1, 2013",19701,66
11,1863,"Friday, November 1, 2013",20058,63
11,1863,"Friday, November 1, 2013",12,79
11,1863,"Friday, November 1, 2013",68001,73
11,1863,"Friday, November 1, 2013",27,65
11,1863,"Friday, November 1, 2013",71,87
11,1863,"Friday, November 1, 2013",15937,84
11,1863,"Friday, November 1, 2013",188,86
11,1863,"Friday, November 1, 2013",5101,83
11,1863,"Friday, November 1, 2013",57001,66
11,1863,"Friday, November 1, 2013",35004,69
11,1863,"Friday, November 1, 2013",15937,82
11,1863,"Friday, November 1, 2013",71,63
11,1863,"Friday, November 1, 2013",71601,84
11,1863,"Friday, November 1, 2013",63005,63
11,1863,"Friday, November 1, 2013",43001,84
11,1863,"Friday, November 1, 2013",501,88
11,1863,"Friday, November 1, 2013",15937,76
11,1863,"Friday, November 1, 2013",41,64
11,1863,"Friday, November 1, 2013",501,77
11,1863,"Friday, November 1, 2013",24701,62
11,1863,"Friday, November 1, 2013",53001,83
11,1863,"Friday, November 1, 2013",88901,84
11,1863,"Friday, November 1, 2013",71,82
11,1863,"Friday, November 1, 2013",88901,70
11,1863,"Friday, November 1, 2013",15937,65
11,1863,"Friday, November 1, 2013",15937,79
11,1863,"Friday, November 1, 2013",27,83
11,1863,"Friday, November 1, 2013",19701,71
11,1863,"Friday, November 1, 2013",41,60
11,1863,"Friday, November 1, 2013",40003,81
11,1863,"Friday, November 1, 2013",1,75
23,1863,"Saturday, November 1, 2014",19701,84
23,1863,"Saturday, November 1, 2014",20058,63
23,1863,"Saturday, November 1, 2014",19701,68
23,1863,"Saturday, November 1, 2014",12,89
23,1863,"Saturday, November 1, 2014",63005,73
23,1863,"Saturday, November 1, 2014",59,75
23,1863,"Saturday, November 1, 2014",68001,64
23,1863,"Saturday, November 1, 2014",1,84
23,1863,"Saturday, November 1, 2014",53001,76
23,1863,"Saturday, November 1, 2014",43001,84
23,1863,"Saturday, November 1, 2014",57001,66
23,1863,"Saturday, November 1, 2014",158,78
23,1863,"Saturday, November 1, 2014",6001,75
23,1863,"Saturday, November 1, 2014",58001,62
23,1863,"Saturday, November 1, 2014",29001,85
23,1863,"Saturday, November 1, 2014",62356,81
23,1863,"Saturday, November 1, 2014",35004,82
23,1863,"Saturday, November 1, 2014",57001,78
23,1863,"Saturday, November 1, 2014",50001,75
23,1863,"Saturday, November 1, 2014",7001,61
23,1863,"Saturday, November 1, 2014",63005,61
23,1863,"Saturday, November 1, 2014",56,61
23,1863,"Saturday, November 1, 2014",41,90
23,1863,"Saturday, November 1, 2014",88901,78
23,1863,"Saturday, November 1, 2014",71601,82
23,1863,"Saturday, November 1, 2014",63005,66
23,1863,"Saturday, November 1, 2014",40003,81
23,1863,"Saturday, November 1, 2014",12,76
23,1863,"Saturday, November 1, 2014",1,64
23,1863,"Saturday, November 1, 2014",6001,77
23,1863,"Saturday, November 1, 2014",88901,78
23,1863,"Saturday, November 1, 2014",56,75
23,1863,"Saturday, November 1, 2014",20058,82
23,1863,"Saturday, November 1, 2014",35004,61
23,1863,"Saturday, November 1, 2014",24701,73
23,1863,"Saturday, November 1, 2014",6001,84
23,1863,"Saturday, November 1, 2014",24701,84
23,1863,"Saturday, November 1, 2014",15937,69
23,1863,"Saturday, November 1, 2014",5101,90
23,1863,"Saturday, November 1, 2014",48001,86
23,1863,"Saturday, November 1, 2014",58001,67
23,1863,"Saturday, November 1, 2014",188,66
23,1863,"Saturday, November 1, 2014",15937,87
23,1863,"Saturday, November 1, 2014",64,69
23,1863,"Saturday, November 1, 2014",50001,90
23,1863,"Saturday, November 1, 2014",40003,85
23,1863,"Saturday, November 1, 2014",71601,76
23,1863,"Saturday, November 1, 2014",3033,76
23,1863,"Saturday, November 1, 2014",50001,69
23,1863,"Saturday, November 1, 2014",82001,66
23,1863,"Saturday, November 1, 2014",35004,81
23,1863,"Saturday, November 1, 2014",64,72
23,1863,"Saturday, November 1, 2014",66002,72
23,1863,"Saturday, November 1, 2014",41,78
23,1863,"Saturday, November 1, 2014",46001,68
23,1863,"Saturday, November 1, 2014",24701,83
23,1863,"Saturday, November 1, 2014",66002,88
23,1863,"Saturday, November 1, 2014",67,69
23,1863,"Saturday, November 1, 2014",3033,69
23,1863,"Saturday, November 1, 2014",2801,67
23,1863,"Saturday, November 1, 2014",82001,88
23,1863,"Saturday, November 1, 2014",68001,65
23,1863,"Saturday, November 1, 2014",20001,87
7,1863,"Monday, July 1, 2013",72,89
7,1863,"Monday, July 1, 2013",88901,61
7,1863,"Monday, July 1, 2013",20001,62
7,1863,"Monday, July 1, 2013",56,62
7,1863,"Monday, July 1, 2013",48001,72
7,1863,"Monday, July 1, 2013",58001,84
7,1863,"Monday, July 1, 2013",82001,86
7,1863,"Monday, July 1, 2013",7001,86
7,1863,"Monday, July 1, 2013",29001,68
7,1863,"Monday, July 1, 2013",2801,81
7,1863,"Monday, July 1, 2013",63,81
7,1863,"Monday, July 1, 2013",7001,87
7,1863,"Monday, July 1, 2013",66002,83
7,1863,"Monday, July 1, 2013",35004,89
7,1863,"Monday, July 1, 2013",2801,86
7,1863,"Monday, July 1, 2013",42223,75
7,1863,"Monday, July 1, 2013",57001,66
7,1863,"Monday, July 1, 2013",27,70
7,1863,"Monday, July 1, 2013",2801,88
7,1863,"Monday, July 1, 2013",24701,62
7,1863,"Monday, July 1, 2013",24701,61
7,1863,"Monday, July 1, 2013",68001,64
7,1863,"Monday, July 1, 2013",50001,63
7,1863,"Monday, July 1, 2013",41,79
7,1863,"Monday, July 1, 2013",46001,87
7,1863,"Monday, July 1, 2013",116,79
7,1863,"Monday, July 1, 2013",12,73
7,1863,"Monday, July 1, 2013",59,75
7,1863,"Monday, July 1, 2013",88901,89
7,1863,"Monday, July 1, 2013",88901,75
7,1863,"Monday, July 1, 2013",15937,76
7,1863,"Monday, July 1, 2013",20058,80
7,1863,"Monday, July 1, 2013",84,75
7,1863,"Monday, July 1, 2013",15937,80
7,1863,"Monday, July 1, 2013",24701,82
7,1863,"Monday, July 1, 2013",38848,84
7,1863,"Monday, July 1, 2013",2801,88
7,1863,"Monday, July 1, 2013",64,64
7,1863,"Monday, July 1, 2013",62356,76
7,1863,"Monday, July 1, 2013",158,66
7,1863,"Monday, July 1, 2013",84,74
7,1863,"Monday, July 1, 2013",3033,71
7,1863,"Monday, July 1, 2013",35004,88
7,1863,"Monday, July 1, 2013",12,66
7,1863,"Monday, July 1, 2013",71601,86
7,1863,"Monday, July 1, 2013",1,80
7,1863,"Monday, July 1, 2013",71601,66
7,1863,"Monday, July 1, 2013",1,79
7,1863,"Monday, July 1, 2013",68001,70
7,1863,"Monday, July 1, 2013",67,76
7,1863,"Monday, July 1, 2013",59,64
7,1863,"Monday, July 1, 2013",53001,87
7,1863,"Monday, July 1, 2013",35004,88
7,1863,"Monday, July 1, 2013",14,64
7,1863,"Monday, July 1, 2013",158,81
7,1863,"Monday, July 1, 2013",7001,75
7,1863,"Monday, July 1, 2013",63,70
7,1863,"Monday, July 1, 2013",56,82
7,1863,"Monday, July 1, 2013",35004,76
7,1863,"Monday, July 1, 2013",158,83
7,1863,"Monday, July 1, 2013",42223,69
7,1863,"Monday, July 1, 2013",64,83
7,1863,"Monday, July 1, 2013",3033,85
7,1863,"Monday, July 1, 2013",63,72
7,1863,"Monday, July 1, 2013",50001,81
7,1863,"Monday, July 1, 2013",62356,77
7,1863,"Monday, July 1, 2013",20058,81
7,1863,"Monday, July 1, 2013",50001,80
7,1863,"Monday, July 1, 2013",67,67
7,1863,"Monday, July 1, 2013",71,78
7,1863,"Monday, July 1, 2013",42223,83
7,1863,"Monday, July 1, 2013",41,64
7,1863,"Monday, July 1, 2013",2801,78
7,1863,"Monday, July 1, 2013",5101,79
7,1863,"Monday, July 1, 2013",57001,68
7,1863,"Monday, July 1, 2013",71601,90
7,1863,"Monday, July 1, 2013",41,84
7,1863,"Monday, July 1, 2013",6001,80
7,1863,"Monday, July 1, 2013",62356,82
9,1908,"Sunday, September 1, 2013",82001,65
9,1908,"Sunday, September 1, 2013",15937,73
9,1908,"Sunday, September 1, 2013",20001,47
9,1908,"Sunday, September 1, 2013",84,88
9,1908,"Sunday, September 1, 2013",48001,65
9,1908,"Sunday, September 1, 2013",24701,80
9,1908,"Sunday, September 1, 2013",19701,49
9,1908,"Sunday, September 1, 2013",50001,31
9,1908,"Sunday, September 1, 2013",15937,77
9,1908,"Sunday, September 1, 2013",66002,44
9,1908,"Sunday, September 1, 2013",7001,79
9,1908,"Sunday, September 1, 2013",158,35
9,1908,"Sunday, September 1, 2013",14,50
9,1908,"Sunday, September 1, 2013",39813,18
9,1908,"Sunday, September 1, 2013",6001,21
9,1908,"Sunday, September 1, 2013",59,65
9,1908,"Sunday, September 1, 2013",68001,90
9,1908,"Sunday, September 1, 2013",1,25
9,1908,"Sunday, September 1, 2013",71601,27
9,1908,"Sunday, September 1, 2013",14,36
9,1908,"Sunday, September 1, 2013",5101,64
9,1908,"Sunday, September 1, 2013",57001,60
9,1908,"Sunday, September 1, 2013",39813,40
9,1908,"Sunday, September 1, 2013",43001,61
9,1908,"Sunday, September 1, 2013",19701,47
9,1908,"Sunday, September 1, 2013",20001,13
9,1908,"Sunday, September 1, 2013",24701,60
9,1908,"Sunday, September 1, 2013",67,62
9,1908,"Sunday, September 1, 2013",50001,46
9,1908,"Sunday, September 1, 2013",29001,71
9,1908,"Sunday, September 1, 2013",1,18
9,1908,"Sunday, September 1, 2013",68,82
9,1908,"Sunday, September 1, 2013",3033,74
9,1908,"Sunday, September 1, 2013",20058,78
9,1908,"Sunday, September 1, 2013",67,70
9,1908,"Sunday, September 1, 2013",66002,49
9,1908,"Sunday, September 1, 2013",71,63
9,1908,"Sunday, September 1, 2013",43001,68
9,1908,"Sunday, September 1, 2013",19701,24
9,1908,"Sunday, September 1, 2013",84,73
9,1908,"Sunday, September 1, 2013",53001,73
9,1908,"Sunday, September 1, 2013",7001,77
9,1908,"Sunday, September 1, 2013",71601,33
9,1908,"Sunday, September 1, 2013",7001,89
9,1908,"Sunday, September 1, 2013",71601,35
9,1908,"Sunday, September 1, 2013",63005,87
9,1908,"Sunday, September 1, 2013",7001,66
9,1908,"Sunday, September 1, 2013",84,83
9,1908,"Sunday, September 1, 2013",63,90
9,1908,"Sunday, September 1, 2013",57001,63
9,1908,"Sunday, September 1, 2013",46001,27
9,1908,"Sunday, September 1, 2013",35004,36
9,1908,"Sunday, September 1, 2013",1,41
9,1908,"Sunday, September 1, 2013",20058,60
9,1908,"Sunday, September 1, 2013",39813,17
9,1908,"Sunday, September 1, 2013",27,19
9,1908,"Sunday, September 1, 2013",50001,29
9,1908,"Sunday, September 1, 2013",84,66
9,1908,"Sunday, September 1, 2013",72,74
9,1908,"Sunday, September 1, 2013",501,61
9,1908,"Sunday, September 1, 2013",42223,73
9,1908,"Sunday, September 1, 2013",50001,45
9,1908,"Sunday, September 1, 2013",14,48
9,1908,"Sunday, September 1, 2013",71,90
9,1908,"Sunday, September 1, 2013",7001,88
9,1908,"Sunday, September 1, 2013",42223,71
9,1908,"Sunday, September 1, 2013",67,80
9,1908,"Sunday, September 1, 2013",50001,40
9,1908,"Sunday, September 1, 2013",15937,76
9,1908,"Sunday, September 1, 2013",56,36
9,1908,"Sunday, September 1, 2013",56,27
9,1908,"Sunday, September 1, 2013",39813,19
16,1908,"Tuesday, April 1, 2014",27,26
16,1908,"Tuesday, April 1, 2014",19701,10
16,1908,"Tuesday, April 1, 2014",2801,65
16,1908,"Tuesday, April 1, 2014",42223,75
16,1908,"Tuesday, April 1, 2014",39813,31
16,1908,"Tuesday, April 1, 2014",68001,61
16,1908,"Tuesday, April 1, 2014",58001,76
16,1908,"Tuesday, April 1, 2014",50001,37
16,1908,"Tuesday, April 1, 2014",68001,78
16,1908,"Tuesday, April 1, 2014",82001,66
16,1908,"Tuesday, April 1, 2014",158,28
16,1908,"Tuesday, April 1, 2014",88901,88
16,1908,"Tuesday, April 1, 2014",50001,45
16,1908,"Tuesday, April 1, 2014",72,70
16,1908,"Tuesday, April 1, 2014",71,72
16,1908,"Tuesday, April 1, 2014",57001,77
16,1908,"Tuesday, April 1, 2014",63,85
16,1908,"Tuesday, April 1, 2014",56,16
16,1908,"Tuesday, April 1, 2014",15937,80
16,1908,"Tuesday, April 1, 2014",63005,85
16,1908,"Tuesday, April 1, 2014",501,64
16,1908,"Tuesday, April 1, 2014",14,45
16,1908,"Tuesday, April 1, 2014",58001,85
16,1908,"Tuesday, April 1, 2014",82001,75
16,1908,"Tuesday, April 1, 2014",41,46
16,1908,"Tuesday, April 1, 2014",84,71
16,1908,"Tuesday, April 1, 2014",24701,73
16,1908,"Tuesday, April 1, 2014",7001,80
16,1908,"Tuesday, April 1, 2014",57001,60
16,1908,"Tuesday, April 1, 2014",501,71
16,1908,"Tuesday, April 1, 2014",35004,44
16,1908,"Tuesday, April 1, 2014",68,69
16,1908,"Tuesday, April 1, 2014",72,67
16,1908,"Tuesday, April 1, 2014",56,10
16,1908,"Tuesday, April 1, 2014",46001,12
16,1908,"Tuesday, April 1, 2014",84,85
16,1908,"Tuesday, April 1, 2014",41,38
16,1908,"Tuesday, April 1, 2014",29001,69
16,1908,"Tuesday, April 1, 2014",27,24
16,1908,"Tuesday, April 1, 2014",57001,80
16,1908,"Tuesday, April 1, 2014",27,34
16,1908,"Tuesday, April 1, 2014",1,39
16,1908,"Tuesday, April 1, 2014",71,68
16,1908,"Tuesday, April 1, 2014",24701,90
16,1908,"Tuesday, April 1, 2014",7001,66
16,1908,"Tuesday, April 1, 2014",63005,70
16,1908,"Tuesday, April 1, 2014",67,60
16,1908,"Tuesday, April 1, 2014",43001,80
16,1908,"Tuesday, April 1, 2014",42223,69
16,1908,"Tuesday, April 1, 2014",6001,29
16,1908,"Tuesday, April 1, 2014",82001,63
16,1908,"Tuesday, April 1, 2014",20001,46
16,1908,"Tuesday, April 1, 2014",35004,20
16,1908,"Tuesday, April 1, 2014",5101,66
16,1908,"Tuesday, April 1, 2014",43001,75
16,1908,"Tuesday, April 1, 2014",68001,87
16,1908,"Tuesday, April 1, 2014",20058,80
16,1908,"Tuesday, April 1, 2014",42223,75
16,1908,"Tuesday, April 1, 2014",15937,87
16,1908,"Tuesday, April 1, 2014",62356,44
16,1908,"Tuesday, April 1, 2014",158,13
16,1908,"Tuesday, April 1, 2014",29001,62
16,1908,"Tuesday, April 1, 2014",62356,40
16,1908,"Tuesday, April 1, 2014",71,65
16,1908,"Tuesday, April 1, 2014",158,50
16,1908,"Tuesday, April 1, 2014",41,17
16,1908,"Tuesday, April 1, 2014",5101,71
16,1908,"Tuesday, April 1, 2014",72,74
16,1908,"Tuesday, April 1, 2014",501,76
16,1908,"Tuesday, April 1, 2014",158,17
16,1908,"Tuesday, April 1, 2014",42223,72
16,1908,"Tuesday, April 1, 2014",82001,60
16,1908,"Tuesday, April 1, 2014",40003,15
16,1908,"Tuesday, April 1, 2014",6001,47
16,1908,"Tuesday, April 1, 2014",35004,26
14,1908,"Saturday, February 1, 2014",27,21
14,1908,"Saturday, February 1, 2014",20058,65
14,1908,"Saturday, February 1, 2014",27,35
14,1908,"Saturday, February 1, 2014",15937,79
14,1908,"Saturday, February 1, 2014",59,61
14,1908,"Saturday, February 1, 2014",5101,61
14,1908,"Saturday, February 1, 2014",20041,80
14,1908,"Saturday, February 1, 2014",68001,60
14,1908,"Saturday, February 1, 2014",71,87
14,1908,"Saturday, February 1, 2014",20001,42
14,1908,"Saturday, February 1, 2014",24701,90
14,1908,"Saturday, February 1, 2014",63005,72
14,1908,"Saturday, February 1, 2014",12,38
14,1908,"Saturday, February 1, 2014",48001,79
14,1908,"Saturday, February 1, 2014",12,41
14,1908,"Saturday, February 1, 2014",59,88
14,1908,"Saturday, February 1, 2014",6001,24
14,1908,"Saturday, February 1, 2014",19701,33
14,1908,"Saturday, February 1, 2014",67,88
14,1908,"Saturday, February 1, 2014",38848,83
14,1908,"Saturday, February 1, 2014",43001,60
14,1908,"Saturday, February 1, 2014",53001,87
14,1908,"Saturday, February 1, 2014",5101,66
14,1908,"Saturday, February 1, 2014",46001,33
14,1908,"Saturday, February 1, 2014",40003,25
14,1908,"Saturday, February 1, 2014",27,41
14,1908,"Saturday, February 1, 2014",66002,28
14,1908,"Saturday, February 1, 2014",43001,63
14,1908,"Saturday, February 1, 2014",40003,18
14,1908,"Saturday, February 1, 2014",3033,60
14,1908,"Saturday, February 1, 2014",63005,70
14,1908,"Saturday, February 1, 2014",84,61
14,1908,"Saturday, February 1, 2014",42223,82
14,1908,"Saturday, February 1, 2014",43001,71
14,1908,"Saturday, February 1, 2014",64,70
14,1908,"Saturday, February 1, 2014",71,77
14,1908,"Saturday, February 1, 2014",1,29
14,1908,"Saturday, February 1, 2014",1,41
14,1908,"Saturday, February 1, 2014",5101,66
14,1908,"Saturday, February 1, 2014",39813,17
14,1908,"Saturday, February 1, 2014",2801,80
14,1908,"Saturday, February 1, 2014",3033,83
14,1908,"Saturday, February 1, 2014",29001,66
14,1908,"Saturday, February 1, 2014",12,25
14,1908,"Saturday, February 1, 2014",19701,22
14,1908,"Saturday, February 1, 2014",71601,49
14,1908,"Saturday, February 1, 2014",68,86
14,1908,"Saturday, February 1, 2014",501,88
14,1908,"Saturday, February 1, 2014",40003,30
14,1908,"Saturday, February 1, 2014",158,25
14,1908,"Saturday, February 1, 2014",58001,80
14,1908,"Saturday, February 1, 2014",14,47
14,1908,"Saturday, February 1, 2014",188,72
14,1908,"Saturday, February 1, 2014",88901,87
14,1908,"Saturday, February 1, 2014",53001,81
14,1908,"Saturday, February 1, 2014",48001,78
14,1908,"Saturday, February 1, 2014",5101,72
14,1908,"Saturday, February 1, 2014",68,65
14,1908,"Saturday, February 1, 2014",67,71
14,1908,"Saturday, February 1, 2014",14,44
14,1908,"Saturday, February 1, 2014",46001,36
14,1908,"Saturday, February 1, 2014",158,19
14,1908,"Saturday, February 1, 2014",41,12
14,1908,"Saturday, February 1, 2014",116,46
14,1908,"Saturday, February 1, 2014",59,70
14,1908,"Saturday, February 1, 2014",188,76
14,1908,"Saturday, February 1, 2014",63,67
14,1908,"Saturday, February 1, 2014",19701,30
14,1908,"Saturday, February 1, 2014",84,81
14,1908,"Saturday, February 1, 2014",82001,61
14,1908,"Saturday, February 1, 2014",82001,86
14,1908,"Saturday, February 1, 2014",46001,44
14,1908,"Saturday, February 1, 2014",56,38
14,1908,"Saturday, February 1, 2014",3033,65
14,1908,"Saturday, February 1, 2014",58001,86
14,1908,"Saturday, February 1, 2014",58001,79
17,1908,"Thursday, May 1, 2014",58001,65
17,1908,"Thursday, May 1, 2014",68001,69
17,1908,"Thursday, May 1, 2014",27,14
17,1908,"Thursday, May 1, 2014",20041,66
17,1908,"Thursday, May 1, 2014",67,74
17,1908,"Thursday, May 1, 2014",84,81
17,1908,"Thursday, May 1, 2014",64,75
17,1908,"Thursday, May 1, 2014",20058,86
17,1908,"Thursday, May 1, 2014",188,84
17,1908,"Thursday, May 1, 2014",20001,31
17,1908,"Thursday, May 1, 2014",68,70
17,1908,"Thursday, May 1, 2014",29001,81
17,1908,"Thursday, May 1, 2014",42223,70
17,1908,"Thursday, May 1, 2014",64,65
17,1908,"Thursday, May 1, 2014",2801,69
17,1908,"Thursday, May 1, 2014",6001,19
17,1908,"Thursday, May 1, 2014",46001,35
17,1908,"Thursday, May 1, 2014",67,77
17,1908,"Thursday, May 1, 2014",5101,71
17,1908,"Thursday, May 1, 2014",82001,90
17,1908,"Thursday, May 1, 2014",27,15
17,1908,"Thursday, May 1, 2014",43001,80
17,1908,"Thursday, May 1, 2014",53001,65
17,1908,"Thursday, May 1, 2014",116,43
17,1908,"Thursday, May 1, 2014",15937,72
17,1908,"Thursday, May 1, 2014",56,30
17,1908,"Thursday, May 1, 2014",43001,76
17,1908,"Thursday, May 1, 2014",43001,72
17,1908,"Thursday, May 1, 2014",19701,46
17,1908,"Thursday, May 1, 2014",188,72
17,1908,"Thursday, May 1, 2014",1,39
17,1908,"Thursday, May 1, 2014",39813,25
17,1908,"Thursday, May 1, 2014",58001,70
17,1908,"Thursday, May 1, 2014",71601,30
17,1908,"Thursday, May 1, 2014",20001,44
17,1908,"Thursday, May 1, 2014",15937,87
17,1908,"Thursday, May 1, 2014",50001,12
17,1908,"Thursday, May 1, 2014",29001,68
17,1908,"Thursday, May 1, 2014",15937,73
17,1908,"Thursday, May 1, 2014",15937,61
17,1908,"Thursday, May 1, 2014",35004,36
17,1908,"Thursday, May 1, 2014",3033,68
17,1908,"Thursday, May 1, 2014",2801,68
17,1908,"Thursday, May 1, 2014",63,80
17,1908,"Thursday, May 1, 2014",41,20
17,1908,"Thursday, May 1, 2014",42223,74
17,1908,"Thursday, May 1, 2014",6001,22
17,1908,"Thursday, May 1, 2014",501,69
17,1908,"Thursday, May 1, 2014",39813,32
17,1908,"Thursday, May 1, 2014",63,70
17,1908,"Thursday, May 1, 2014",116,20
17,1908,"Thursday, May 1, 2014",58001,72
17,1908,"Thursday, May 1, 2014",48001,80
17,1908,"Thursday, May 1, 2014",72,90
17,1908,"Thursday, May 1, 2014",39813,24
17,1908,"Thursday, May 1, 2014",38848,85
17,1908,"Thursday, May 1, 2014",5101,84
17,1908,"Thursday, May 1, 2014",1,35
17,1908,"Thursday, May 1, 2014",40003,10
17,1908,"Thursday, May 1, 2014",3033,67
17,1908,"Thursday, May 1, 2014",14,39
17,1908,"Thursday, May 1, 2014",14,16
17,1908,"Thursday, May 1, 2014",72,80
17,1908,"Thursday, May 1, 2014",56,46
17,1908,"Thursday, May 1, 2014",42223,90
17,1908,"Thursday, May 1, 2014",38848,66
17,1908,"Thursday, May 1, 2014",6001,31
17,1908,"Thursday, May 1, 2014",66002,19
17,1908,"Thursday, May 1, 2014",67,72
17,1908,"Thursday, May 1, 2014",59,65
17,1908,"Thursday, May 1, 2014",82001,68
17,1908,"Thursday, May 1, 2014",14,41
17,1908,"Thursday, May 1, 2014",88901,83
17,1908,"Thursday, May 1, 2014",48001,62
17,1908,"Thursday, May 1, 2014",42223,85
17,1908,"Thursday, May 1, 2014",188,70
7,1908,"Monday, July 1, 2013",56,44
7,1908,"Monday, July 1, 2013",67,90
7,1908,"Monday, July 1, 2013",20001,43
7,1908,"Monday, July 1, 2013",6001,13
7,1908,"Monday, July 1, 2013",58001,66
7,1908,"Monday, July 1, 2013",20001,15
7,1908,"Monday, July 1, 2013",38848,62
7,1908,"Monday, July 1, 2013",56,19
7,1908,"Monday, July 1, 2013",116,47
7,1908,"Monday, July 1, 2013",64,84
7,1908,"Monday, July 1, 2013",57001,70
7,1908,"Monday, July 1, 2013",5101,68
7,1908,"Monday, July 1, 2013",56,48
7,1908,"Monday, July 1, 2013",48001,66
7,1908,"Monday, July 1, 2013",82001,79
7,1908,"Monday, July 1, 2013",46001,12
7,1908,"Monday, July 1, 2013",116,45
7,1908,"Monday, July 1, 2013",67,63
7,1908,"Monday, July 1, 2013",20058,68
7,1908,"Monday, July 1, 2013",2801,65
7,1908,"Monday, July 1, 2013",116,44
7,1908,"Monday, July 1, 2013",2801,85
7,1908,"Monday, July 1, 2013",116,16
7,1908,"Monday, July 1, 2013",64,68
7,1908,"Monday, July 1, 2013",15937,62
7,1908,"Monday, July 1, 2013",19701,39
7,1908,"Monday, July 1, 2013",71601,45
7,1908,"Monday, July 1, 2013",19701,35
7,1908,"Monday, July 1, 2013",20058,62
7,1908,"Monday, July 1, 2013",14,27
7,1908,"Monday, July 1, 2013",12,35
7,1908,"Monday, July 1, 2013",63,74
7,1908,"Monday, July 1, 2013",48001,72
7,1908,"Monday, July 1, 2013",42223,76
7,1908,"Monday, July 1, 2013",82001,68
7,1908,"Monday, July 1, 2013",20001,32
7,1908,"Monday, July 1, 2013",38848,63
7,1908,"Monday, July 1, 2013",50001,50
7,1908,"Monday, July 1, 2013",27,32
7,1908,"Monday, July 1, 2013",63,71
7,1908,"Monday, July 1, 2013",1,18
7,1908,"Monday, July 1, 2013",72,82
7,1908,"Monday, July 1, 2013",48001,66
7,1908,"Monday, July 1, 2013",64,67
7,1908,"Monday, July 1, 2013",71,85
7,1908,"Monday, July 1, 2013",66002,44
7,1908,"Monday, July 1, 2013",12,31
7,1908,"Monday, July 1, 2013",71,78
7,1908,"Monday, July 1, 2013",35004,17
7,1908,"Monday, July 1, 2013",68,88
7,1908,"Monday, July 1, 2013",84,84
7,1908,"Monday, July 1, 2013",43001,70
7,1908,"Monday, July 1, 2013",158,26
7,1908,"Monday, July 1, 2013",63005,65
7,1908,"Monday, July 1, 2013",42223,73
7,1908,"Monday, July 1, 2013",66002,16
7,1908,"Monday, July 1, 2013",53001,65
7,1908,"Monday, July 1, 2013",501,70
7,1908,"Monday, July 1, 2013",2801,85
7,1908,"Monday, July 1, 2013",50001,14
7,1908,"Monday, July 1, 2013",39813,12
7,1908,"Monday, July 1, 2013",38848,85
7,1908,"Monday, July 1, 2013",19701,24
7,1908,"Monday, July 1, 2013",39813,12
7,1908,"Monday, July 1, 2013",20041,64
7,1908,"Monday, July 1, 2013",43001,90
7,1908,"Monday, July 1, 2013",35004,40
7,1908,"Monday, July 1, 2013",43001,85
7,1908,"Monday, July 1, 2013",58001,79
7,1908,"Monday, July 1, 2013",72,69
7,1908,"Monday, July 1, 2013",14,14
7,1908,"Monday, July 1, 2013",188,83
7,1908,"Monday, July 1, 2013",84,71
7,1908,"Monday, July 1, 2013",63005,72
7,1908,"Monday, July 1, 2013",116,16
7,1908,"Monday, July 1, 2013",27,25
7,1908,"Monday, July 1, 2013",53001,86
7,1908,"Monday, July 1, 2013",58001,73
7,1908,"Monday, July 1, 2013",42223,79
22,1908,"Wednesday, October 1, 2014",6001,27
22,1908,"Wednesday, October 1, 2014",64,62
22,1908,"Wednesday, October 1, 2014",67,84
22,1908,"Wednesday, October 1, 2014",38848,80
22,1908,"Wednesday, October 1, 2014",82001,78
22,1908,"Wednesday, October 1, 2014",53001,63
22,1908,"Wednesday, October 1, 2014",63,61
22,1908,"Wednesday, October 1, 2014",1,27
22,1908,"Wednesday, October 1, 2014",158,21
22,1908,"Wednesday, October 1, 2014",72,90
22,1908,"Wednesday, October 1, 2014",158,23
22,1908,"Wednesday, October 1, 2014",48001,70
22,1908,"Wednesday, October 1, 2014",39813,34
22,1908,"Wednesday, October 1, 2014",58001,87
22,1908,"Wednesday, October 1, 2014",12,46
22,1908,"Wednesday, October 1, 2014",35004,26
22,1908,"Wednesday, October 1, 2014",35004,20
22,1908,"Wednesday, October 1, 2014",63005,82
22,1908,"Wednesday, October 1, 2014",64,73
22,1908,"Wednesday, October 1, 2014",63005,82
22,1908,"Wednesday, October 1, 2014",63,81
22,1908,"Wednesday, October 1, 2014",39813,33
22,1908,"Wednesday, October 1, 2014",27,13
22,1908,"Wednesday, October 1, 2014",38848,62
22,1908,"Wednesday, October 1, 2014",41,32
22,1908,"Wednesday, October 1, 2014",15937,86
22,1908,"Wednesday, October 1, 2014",42223,89
22,1908,"Wednesday, October 1, 2014",82001,89
22,1908,"Wednesday, October 1, 2014",20058,90
22,1908,"Wednesday, October 1, 2014",53001,87
22,1908,"Wednesday, October 1, 2014",24701,75
22,1908,"Wednesday, October 1, 2014",41,32
22,1908,"Wednesday, October 1, 2014",64,87
22,1908,"Wednesday, October 1, 2014",82001,75
22,1908,"Wednesday, October 1, 2014",72,85
22,1908,"Wednesday, October 1, 2014",188,88
22,1908,"Wednesday, October 1, 2014",48001,89
22,1908,"Wednesday, October 1, 2014",82001,68
22,1908,"Wednesday, October 1, 2014",116,12
22,1908,"Wednesday, October 1, 2014",63005,65
22,1908,"Wednesday, October 1, 2014",43001,63
22,1908,"Wednesday, October 1, 2014",64,86
22,1908,"Wednesday, October 1, 2014",116,36
22,1908,"Wednesday, October 1, 2014",43001,73
22,1908,"Wednesday, October 1, 2014",62356,27
22,1908,"Wednesday, October 1, 2014",84,88
22,1908,"Wednesday, October 1, 2014",43001,84
22,1908,"Wednesday, October 1, 2014",27,19
22,1908,"Wednesday, October 1, 2014",82001,74
22,1908,"Wednesday, October 1, 2014",63005,86
22,1908,"Wednesday, October 1, 2014",67,80
22,1908,"Wednesday, October 1, 2014",116,35
22,1908,"Wednesday, October 1, 2014",7001,60
22,1908,"Wednesday, October 1, 2014",20041,83
22,1908,"Wednesday, October 1, 2014",15937,67
22,1908,"Wednesday, October 1, 2014",19701,50
22,1908,"Wednesday, October 1, 2014",56,49
22,1908,"Wednesday, October 1, 2014",20058,84
22,1908,"Wednesday, October 1, 2014",46001,41
22,1908,"Wednesday, October 1, 2014",68,72
22,1908,"Wednesday, October 1, 2014",27,29
22,1908,"Wednesday, October 1, 2014",24701,63
22,1908,"Wednesday, October 1, 2014",38848,71
22,1908,"Wednesday, October 1, 2014",41,42
22,1908,"Wednesday, October 1, 2014",2801,79
22,1908,"Wednesday, October 1, 2014",40003,21
22,1908,"Wednesday, October 1, 2014",41,42
22,1908,"Wednesday, October 1, 2014",19701,25
22,1908,"Wednesday, October 1, 2014",158,39
22,1908,"Wednesday, October 1, 2014",50001,15
22,1908,"Wednesday, October 1, 2014",29001,74
22,1908,"Wednesday, October 1, 2014",38848,90
22,1908,"Wednesday, October 1, 2014",20001,47
22,1908,"Wednesday, October 1, 2014",82001,72
22,1908,"Wednesday, October 1, 2014",41,41
22,1908,"Wednesday, October 1, 2014",56,48
22,1908,"Wednesday, October 1, 2014",39813,44
22,1908,"Wednesday, October 1, 2014",6001,44
22,1908,"Wednesday, October 1, 2014",68,77
22,1908,"Wednesday, October 1, 2014",56,12
18,1908,"Sunday, June 1, 2014",2801,84
18,1908,"Sunday, June 1, 2014",63005,76
18,1908,"Sunday, June 1, 2014",501,72
18,1908,"Sunday, June 1, 2014",1,16
18,1908,"Sunday, June 1, 2014",68,83
18,1908,"Sunday, June 1, 2014",62356,47
18,1908,"Sunday, June 1, 2014",64,86
18,1908,"Sunday, June 1, 2014",72,86
18,1908,"Sunday, June 1, 2014",82001,81
18,1908,"Sunday, June 1, 2014",12,30
18,1908,"Sunday, June 1, 2014",72,60
18,1908,"Sunday, June 1, 2014",27,12
18,1908,"Sunday, June 1, 2014",20001,44
18,1908,"Sunday, June 1, 2014",82001,66
18,1908,"Sunday, June 1, 2014",63,66
18,1908,"Sunday, June 1, 2014",27,43
18,1908,"Sunday, June 1, 2014",188,85
18,1908,"Sunday, June 1, 2014",29001,71
18,1908,"Sunday, June 1, 2014",82001,68
18,1908,"Sunday, June 1, 2014",20058,80
18,1908,"Sunday, June 1, 2014",38848,64
18,1908,"Sunday, June 1, 2014",35004,42
18,1908,"Sunday, June 1, 2014",40003,48
18,1908,"Sunday, June 1, 2014",2801,81
18,1908,"Sunday, June 1, 2014",63,62
18,1908,"Sunday, June 1, 2014",59,74
18,1908,"Sunday, June 1, 2014",39813,11
18,1908,"Sunday, June 1, 2014",158,46
18,1908,"Sunday, June 1, 2014",7001,72
18,1908,"Sunday, June 1, 2014",50001,14
18,1908,"Sunday, June 1, 2014",501,86
18,1908,"Sunday, June 1, 2014",67,80
18,1908,"Sunday, June 1, 2014",59,86
18,1908,"Sunday, June 1, 2014",56,23
18,1908,"Sunday, June 1, 2014",82001,83
18,1908,"Sunday, June 1, 2014",29001,70
18,1908,"Sunday, June 1, 2014",3033,68
18,1908,"Sunday, June 1, 2014",57001,62
18,1908,"Sunday, June 1, 2014",15937,74
18,1908,"Sunday, June 1, 2014",38848,81
18,1908,"Sunday, June 1, 2014",71,86
18,1908,"Sunday, June 1, 2014",2801,83
18,1908,"Sunday, June 1, 2014",20041,85
18,1908,"Sunday, June 1, 2014",71,84
18,1908,"Sunday, June 1, 2014",501,75
18,1908,"Sunday, June 1, 2014",20041,71
18,1908,"Sunday, June 1, 2014",58001,75
18,1908,"Sunday, June 1, 2014",3033,61
18,1908,"Sunday, June 1, 2014",7001,76
18,1908,"Sunday, June 1, 2014",59,60
18,1908,"Sunday, June 1, 2014",71,82
18,1908,"Sunday, June 1, 2014",35004,44
18,1908,"Sunday, June 1, 2014",38848,89
18,1908,"Sunday, June 1, 2014",46001,23
18,1908,"Sunday, June 1, 2014",116,12
18,1908,"Sunday, June 1, 2014",501,75
18,1908,"Sunday, June 1, 2014",39813,37
18,1908,"Sunday, June 1, 2014",24701,65
18,1908,"Sunday, June 1, 2014",40003,38
18,1908,"Sunday, June 1, 2014",71601,32
18,1908,"Sunday, June 1, 2014",1,44
18,1908,"Sunday, June 1, 2014",3033,86
18,1908,"Sunday, June 1, 2014",71,85
18,1908,"Sunday, June 1, 2014",12,48
18,1908,"Sunday, June 1, 2014",64,75
18,1908,"Sunday, June 1, 2014",1,43
18,1908,"Sunday, June 1, 2014",68001,67
18,1908,"Sunday, June 1, 2014",43001,64
18,1908,"Sunday, June 1, 2014",116,42
18,1908,"Sunday, June 1, 2014",35004,26
18,1908,"Sunday, June 1, 2014",88901,89
18,1908,"Sunday, June 1, 2014",53001,89
18,1908,"Sunday, June 1, 2014",59,85
18,1908,"Sunday, June 1, 2014",84,79
18,1908,"Sunday, June 1, 2014",20001,12
18,1908,"Sunday, June 1, 2014",68001,64
18,1908,"Sunday, June 1, 2014",42223,60
18,1908,"Sunday, June 1, 2014",40003,47
18,1908,"Sunday, June 1, 2014",14,42
18,1908,"Sunday, June 1, 2014",116,47
18,1908,"Sunday, June 1, 2014",67,62
11,1908,"Friday, November 1, 2013",20001,19
11,1908,"Friday, November 1, 2013",501,76
11,1908,"Friday, November 1, 2013",46001,50
11,1908,"Friday, November 1, 2013",53001,81
11,1908,"Friday, November 1, 2013",53001,90
11,1908,"Friday, November 1, 2013",40003,24
11,1908,"Friday, November 1, 2013",39813,10
11,1908,"Friday, November 1, 2013",63,83
11,1908,"Friday, November 1, 2013",48001,82
11,1908,"Friday, November 1, 2013",88901,69
11,1908,"Friday, November 1, 2013",53001,72
11,1908,"Friday, November 1, 2013",63,66
11,1908,"Friday, November 1, 2013",71601,39
11,1908,"Friday, November 1, 2013",188,62
11,1908,"Friday, November 1, 2013",82001,85
11,1908,"Friday, November 1, 2013",71,63
11,1908,"Friday, November 1, 2013",6001,15
11,1908,"Friday, November 1, 2013",1,34
11,1908,"Friday, November 1, 2013",59,72
11,1908,"Friday, November 1, 2013",72,72
11,1908,"Friday, November 1, 2013",63,89
11,1908,"Friday, November 1, 2013",188,77
11,1908,"Friday, November 1, 2013",41,22
11,1908,"Friday, November 1, 2013",38848,83
11,1908,"Friday, November 1, 2013",20001,45
11,1908,"Friday, November 1, 2013",20041,67
11,1908,"Friday, November 1, 2013",14,47
11,1908,"Friday, November 1, 2013",188,66
11,1908,"Friday, November 1, 2013",3033,60
11,1908,"Friday, November 1, 2013",501,67
11,1908,"Friday, November 1, 2013",43001,80
11,1908,"Friday, November 1, 2013",14,33
11,1908,"Friday, November 1, 2013",84,89
11,1908,"Friday, November 1, 2013",56,34
11,1908,"Friday, November 1, 2013",501,76
11,1908,"Friday, November 1, 2013",188,81
11,1908,"Friday, November 1, 2013",6001,17
11,1908,"Friday, November 1, 2013",3033,81
11,1908,"Friday, November 1, 2013",71601,34
11,1908,"Friday, November 1, 2013",63005,85
11,1908,"Friday, November 1, 2013",12,29
11,1908,"Friday, November 1, 2013",39813,28
11,1908,"Friday, November 1, 2013",27,18
11,1908,"Friday, November 1, 2013",29001,70
11,1908,"Friday, November 1, 2013",62356,27
11,1908,"Friday, November 1, 2013",71601,37
11,1908,"Friday, November 1, 2013",42223,71
11,1908,"Friday, November 1, 2013",20041,89
11,1908,"Friday, November 1, 2013",59,89
11,1908,"Friday, November 1, 2013",46001,49
11,1908,"Friday, November 1, 2013",14,13
11,1908,"Friday, November 1, 2013",3033,80
11,1908,"Friday, November 1, 2013",14,15
11,1908,"Friday, November 1, 2013",71,68
11,1908,"Friday, November 1, 2013",7001,73
11,1908,"Friday, November 1, 2013",43001,77
11,1908,"Friday, November 1, 2013",39813,15
11,1908,"Friday, November 1, 2013",24701,69
11,1908,"Friday, November 1, 2013",48001,89
11,1908,"Friday, November 1, 2013",62356,19
11,1908,"Friday, November 1, 2013",20058,76
11,1908,"Friday, November 1, 2013",20058,71
11,1908,"Friday, November 1, 2013",48001,88
11,1908,"Friday, November 1, 2013",56,31
11,1908,"Friday, November 1, 2013",501,85
11,1908,"Friday, November 1, 2013",19701,45
11,1908,"Friday, November 1, 2013",116,11
11,1908,"Friday, November 1, 2013",48001,77
11,1908,"Friday, November 1, 2013",71,69
11,1908,"Friday, November 1, 2013",46001,40
11,1908,"Friday, November 1, 2013",56,18
11,1908,"Friday, November 1, 2013",42223,71
11,1908,"Friday, November 1, 2013",71601,10
11,1908,"Friday, November 1, 2013",39813,16
11,1908,"Friday, November 1, 2013",41,46
11,1908,"Friday, November 1, 2013",82001,77
11,1908,"Friday, November 1, 2013",3033,60
11,1908,"Friday, November 1, 2013",39813,44
11,1908,"Friday, November 1, 2013",82001,60
11,1908,"Friday, November 1, 2013",68,75
11,1908,"Friday, November 1, 2013",3033,79
11,1908,"Friday, November 1, 2013",62356,35
11,1908,"Friday, November 1, 2013",66002,25
11,1908,"Friday, November 1, 2013",63,61
11,1908,"Friday, November 1, 2013",71,75
23,1908,"Saturday, November 1, 2014",50001,17
23,1908,"Saturday, November 1, 2014",12,48
23,1908,"Saturday, November 1, 2014",71601,26
23,1908,"Saturday, November 1, 2014",68,63
23,1908,"Saturday, November 1, 2014",84,68
23,1908,"Saturday, November 1, 2014",7001,70
23,1908,"Saturday, November 1, 2014",63,66
23,1908,"Saturday, November 1, 2014",63,62
23,1908,"Saturday, November 1, 2014",72,65
23,1908,"Saturday, November 1, 2014",19701,21
23,1908,"Saturday, November 1, 2014",1,10
23,1908,"Saturday, November 1, 2014",1,26
23,1908,"Saturday, November 1, 2014",42223,66
23,1908,"Saturday, November 1, 2014",38848,85
23,1908,"Saturday, November 1, 2014",15937,72
23,1908,"Saturday, November 1, 2014",58001,73
23,1908,"Saturday, November 1, 2014",66002,17
23,1908,"Saturday, November 1, 2014",88901,86
23,1908,"Saturday, November 1, 2014",20058,65
23,1908,"Saturday, November 1, 2014",43001,84
23,1908,"Saturday, November 1, 2014",71601,49
23,1908,"Saturday, November 1, 2014",188,83
23,1908,"Saturday, November 1, 2014",14,24
23,1908,"Saturday, November 1, 2014",43001,82
23,1908,"Saturday, November 1, 2014",20058,89
23,1908,"Saturday, November 1, 2014",82001,86
23,1908,"Saturday, November 1, 2014",2801,86
23,1908,"Saturday, November 1, 2014",3033,84
23,1908,"Saturday, November 1, 2014",48001,80
23,1908,"Saturday, November 1, 2014",116,25
23,1908,"Saturday, November 1, 2014",20041,75
23,1908,"Saturday, November 1, 2014",43001,77
23,1908,"Saturday, November 1, 2014",1,43
23,1908,"Saturday, November 1, 2014",53001,72
23,1908,"Saturday, November 1, 2014",20001,50
23,1908,"Saturday, November 1, 2014",35004,23
23,1908,"Saturday, November 1, 2014",158,48
23,1908,"Saturday, November 1, 2014",59,85
23,1908,"Saturday, November 1, 2014",24701,66
23,1908,"Saturday, November 1, 2014",64,77
23,1908,"Saturday, November 1, 2014",46001,38
23,1908,"Saturday, November 1, 2014",84,65
23,1908,"Saturday, November 1, 2014",62356,18
23,1908,"Saturday, November 1, 2014",63,77
23,1908,"Saturday, November 1, 2014",15937,78
23,1908,"Saturday, November 1, 2014",7001,72
23,1908,"Saturday, November 1, 2014",66002,43
23,1908,"Saturday, November 1, 2014",188,68
23,1908,"Saturday, November 1, 2014",48001,65
23,1908,"Saturday, November 1, 2014",42223,84
23,1908,"Saturday, November 1, 2014",41,39
23,1908,"Saturday, November 1, 2014",48001,72
23,1908,"Saturday, November 1, 2014",20001,20
23,1908,"Saturday, November 1, 2014",88901,83
23,1908,"Saturday, November 1, 2014",62356,44
23,1908,"Saturday, November 1, 2014",66002,30
23,1908,"Saturday, November 1, 2014",501,66
23,1908,"Saturday, November 1, 2014",46001,29
23,1908,"Saturday, November 1, 2014",48001,66
23,1908,"Saturday, November 1, 2014",5101,85
23,1908,"Saturday, November 1, 2014",20058,71
23,1908,"Saturday, November 1, 2014",35004,42
23,1908,"Saturday, November 1, 2014",53001,63
23,1908,"Saturday, November 1, 2014",62356,46
23,1908,"Saturday, November 1, 2014",19701,13
23,1908,"Saturday, November 1, 2014",6001,34
23,1908,"Saturday, November 1, 2014",15937,69
23,1908,"Saturday, November 1, 2014",29001,64
23,1908,"Saturday, November 1, 2014",38848,85
23,1908,"Saturday, November 1, 2014",19701,48
23,1908,"Saturday, November 1, 2014",71601,25
23,1908,"Saturday, November 1, 2014",71601,45
23,1908,"Saturday, November 1, 2014",88901,87
23,1908,"Saturday, November 1, 2014",6001,24
23,1908,"Saturday, November 1, 2014",46001,25
23,1908,"Saturday, November 1, 2014",35004,46
23,1908,"Saturday, November 1, 2014",64,70
23,1908,"Saturday, November 1, 2014",38848,83
23,1908,"Saturday, November 1, 2014",501,80
23,1908,"Saturday, November 1, 2014",40003,14
23,1908,"Saturday, November 1, 2014",20058,73
23,1908,"Saturday, November 1, 2014",7001,62
23,1908,"Saturday, November 1, 2014",158,18
23,1908,"Saturday, November 1, 2014",68001,87
23,1908,"Saturday, November 1, 2014",43001,71
23,1908,"Saturday, November 1, 2014",53001,71
19,1908,"Tuesday, July 1, 2014",66002,35
19,1908,"Tuesday, July 1, 2014",6001,43
19,1908,"Tuesday, July 1, 2014",82001,62
19,1908,"Tuesday, July 1, 2014",29001,66
19,1908,"Tuesday, July 1, 2014",43001,63
19,1908,"Tuesday, July 1, 2014",46001,29
19,1908,"Tuesday, July 1, 2014",5101,81
19,1908,"Tuesday, July 1, 2014",20041,63
19,1908,"Tuesday, July 1, 2014",38848,77
19,1908,"Tuesday, July 1, 2014",48001,78
19,1908,"Tuesday, July 1, 2014",19701,50
19,1908,"Tuesday, July 1, 2014",15937,80
19,1908,"Tuesday, July 1, 2014",24701,62
19,1908,"Tuesday, July 1, 2014",71601,24
19,1908,"Tuesday, July 1, 2014",38848,82
19,1908,"Tuesday, July 1, 2014",53001,78
19,1908,"Tuesday, July 1, 2014",88901,77
19,1908,"Tuesday, July 1, 2014",68001,79
19,1908,"Tuesday, July 1, 2014",38848,89
19,1908,"Tuesday, July 1, 2014",71,79
19,1908,"Tuesday, July 1, 2014",82001,67
19,1908,"Tuesday, July 1, 2014",12,22
19,1908,"Tuesday, July 1, 2014",158,18
19,1908,"Tuesday, July 1, 2014",35004,22
19,1908,"Tuesday, July 1, 2014",41,38
19,1908,"Tuesday, July 1, 2014",84,81
19,1908,"Tuesday, July 1, 2014",64,61
19,1908,"Tuesday, July 1, 2014",12,19
19,1908,"Tuesday, July 1, 2014",20041,85
19,1908,"Tuesday, July 1, 2014",53001,67
19,1908,"Tuesday, July 1, 2014",48001,83
19,1908,"Tuesday, July 1, 2014",72,77
19,1908,"Tuesday, July 1, 2014",2801,62
19,1908,"Tuesday, July 1, 2014",20001,37
19,1908,"Tuesday, July 1, 2014",63,73
19,1908,"Tuesday, July 1, 2014",24701,68
19,1908,"Tuesday, July 1, 2014",68001,67
19,1908,"Tuesday, July 1, 2014",42223,80
19,1908,"Tuesday, July 1, 2014",7001,81
19,1908,"Tuesday, July 1, 2014",20041,81
19,1908,"Tuesday, July 1, 2014",2801,61
19,1908,"Tuesday, July 1, 2014",43001,81
19,1908,"Tuesday, July 1, 2014",29001,87
19,1908,"Tuesday, July 1, 2014",19701,23
19,1908,"Tuesday, July 1, 2014",72,87
19,1908,"Tuesday, July 1, 2014",12,11
19,1908,"Tuesday, July 1, 2014",12,16
19,1908,"Tuesday, July 1, 2014",43001,60
19,1908,"Tuesday, July 1, 2014",35004,27
19,1908,"Tuesday, July 1, 2014",20001,16
19,1908,"Tuesday, July 1, 2014",12,24
19,1908,"Tuesday, July 1, 2014",62356,28
19,1908,"Tuesday, July 1, 2014",56,28
19,1908,"Tuesday, July 1, 2014",20041,74
19,1908,"Tuesday, July 1, 2014",71601,25
19,1908,"Tuesday, July 1, 2014",88901,81
19,1908,"Tuesday, July 1, 2014",41,16
19,1908,"Tuesday, July 1, 2014",43001,73
19,1908,"Tuesday, July 1, 2014",40003,14
19,1908,"Tuesday, July 1, 2014",20041,75
19,1908,"Tuesday, July 1, 2014",20001,49
19,1908,"Tuesday, July 1, 2014",1,11
19,1908,"Tuesday, July 1, 2014",39813,14
19,1908,"Tuesday, July 1, 2014",40003,50
19,1908,"Tuesday, July 1, 2014",71601,37
19,1908,"Tuesday, July 1, 2014",188,72
19,1908,"Tuesday, July 1, 2014",63005,80
19,1908,"Tuesday, July 1, 2014",50001,35
19,1908,"Tuesday, July 1, 2014",63,89
19,1908,"Tuesday, July 1, 2014",19701,11
19,1908,"Tuesday, July 1, 2014",116,38
19,1908,"Tuesday, July 1, 2014",63,71
19,1908,"Tuesday, July 1, 2014",48001,76
19,1908,"Tuesday, July 1, 2014",41,30
19,1908,"Tuesday, July 1, 2014",20001,49
19,1908,"Tuesday, July 1, 2014",35004,47
19,1908,"Tuesday, July 1, 2014",63005,61
19,1908,"Tuesday, July 1, 2014",67,76
19,1908,"Tuesday, July 1, 2014",38848,73
19,1908,"Tuesday, July 1, 2014",46001,21
19,1908,"Tuesday, July 1, 2014",24701,84
19,1908,"Tuesday, July 1, 2014",56,27
19,1908,"Tuesday, July 1, 2014",39813,32
19,1908,"Tuesday, July 1, 2014",50001,50
19,1908,"Tuesday, July 1, 2014",50001,13
19,1908,"Tuesday, July 1, 2014",29001,63
19,1908,"Tuesday, July 1, 2014",68001,67
12,1908,"Sunday, December 1, 2013",68001,68
12,1908,"Sunday, December 1, 2013",41,28
12,1908,"Sunday, December 1, 2013",158,21
12,1908,"Sunday, December 1, 2013",62356,13
12,1908,"Sunday, December 1, 2013",116,30
12,1908,"Sunday, December 1, 2013",27,17
12,1908,"Sunday, December 1, 2013",40003,34
12,1908,"Sunday, December 1, 2013",39813,22
12,1908,"Sunday, December 1, 2013",88901,60
12,1908,"Sunday, December 1, 2013",68,74
12,1908,"Sunday, December 1, 2013",63,82
12,1908,"Sunday, December 1, 2013",46001,25
12,1908,"Sunday, December 1, 2013",116,16
12,1908,"Sunday, December 1, 2013",68001,70
12,1908,"Sunday, December 1, 2013",71,66
12,1908,"Sunday, December 1, 2013",57001,60
12,1908,"Sunday, December 1, 2013",20001,22
12,1908,"Sunday, December 1, 2013",64,71
12,1908,"Sunday, December 1, 2013",50001,30
12,1908,"Sunday, December 1, 2013",43001,89
12,1908,"Sunday, December 1, 2013",5101,77
12,1908,"Sunday, December 1, 2013",66002,36
12,1908,"Sunday, December 1, 2013",20041,80
12,1908,"Sunday, December 1, 2013",84,87
12,1908,"Sunday, December 1, 2013",88901,87
12,1908,"Sunday, December 1, 2013",53001,70
12,1908,"Sunday, December 1, 2013",27,19
12,1908,"Sunday, December 1, 2013",38848,66
12,1908,"Sunday, December 1, 2013",84,73
12,1908,"Sunday, December 1, 2013",20041,87
12,1908,"Sunday, December 1, 2013",35004,38
12,1908,"Sunday, December 1, 2013",2801,69
12,1908,"Sunday, December 1, 2013",84,73
12,1908,"Sunday, December 1, 2013",20001,28
12,1908,"Sunday, December 1, 2013",19701,45
12,1908,"Sunday, December 1, 2013",71,78
12,1908,"Sunday, December 1, 2013",20041,72
12,1908,"Sunday, December 1, 2013",59,81
12,1908,"Sunday, December 1, 2013",48001,84
12,1908,"Sunday, December 1, 2013",14,36
12,1908,"Sunday, December 1, 2013",84,79
12,1908,"Sunday, December 1, 2013",53001,66
12,1908,"Sunday, December 1, 2013",20041,83
12,1908,"Sunday, December 1, 2013",35004,28
12,1908,"Sunday, December 1, 2013",35004,38
12,1908,"Sunday, December 1, 2013",62356,12
12,1908,"Sunday, December 1, 2013",27,25
12,1908,"Sunday, December 1, 2013",71601,33
12,1908,"Sunday, December 1, 2013",57001,60
12,1908,"Sunday, December 1, 2013",64,80
12,1908,"Sunday, December 1, 2013",24701,80
12,1908,"Sunday, December 1, 2013",84,77
12,1908,"Sunday, December 1, 2013",38848,64
12,1908,"Sunday, December 1, 2013",63005,66
12,1908,"Sunday, December 1, 2013",72,79
12,1908,"Sunday, December 1, 2013",6001,24
12,1908,"Sunday, December 1, 2013",62356,31
12,1908,"Sunday, December 1, 2013",6001,21
12,1908,"Sunday, December 1, 2013",19701,39
12,1908,"Sunday, December 1, 2013",20058,63
12,1908,"Sunday, December 1, 2013",46001,46
12,1908,"Sunday, December 1, 2013",71,72
12,1908,"Sunday, December 1, 2013",20041,60
12,1908,"Sunday, December 1, 2013",12,49
12,1908,"Sunday, December 1, 2013",63,84
12,1908,"Sunday, December 1, 2013",63,87
12,1908,"Sunday, December 1, 2013",501,72
12,1908,"Sunday, December 1, 2013",66002,40
12,1908,"Sunday, December 1, 2013",1,50
12,1908,"Sunday, December 1, 2013",20041,77
12,1908,"Sunday, December 1, 2013",63,70
12,1908,"Sunday, December 1, 2013",3033,84
12,1908,"Sunday, December 1, 2013",67,90
12,1908,"Sunday, December 1, 2013",62356,23
12,1908,"Sunday, December 1, 2013",63005,64
12,1908,"Sunday, December 1, 2013",84,76
12,1908,"Sunday, December 1, 2013",38848,69
12,1908,"Sunday, December 1, 2013",24701,89
12,1908,"Sunday, December 1, 2013",27,20
12,1908,"Sunday, December 1, 2013",53001,71
12,1908,"Sunday, December 1, 2013",20001,26
12,1908,"Sunday, December 1, 2013",56,34
12,1908,"Sunday, December 1, 2013",82001,85
12,1908,"Sunday, December 1, 2013",40003,17
12,1908,"Sunday, December 1, 2013",88901,82
12,1908,"Sunday, December 1, 2013",29001,83
12,1908,"Sunday, December 1, 2013",63,66
12,1908,"Sunday, December 1, 2013",88901,72
12,1908,"Sunday, December 1, 2013",158,26
8,1908,"Thursday, August 1, 2013",5101,64
8,1908,"Thursday, August 1, 2013",58001,68
8,1908,"Thursday, August 1, 2013",64,80
8,1908,"Thursday, August 1, 2013",88901,66
8,1908,"Thursday, August 1, 2013",6001,31
8,1908,"Thursday, August 1, 2013",15937,68
8,1908,"Thursday, August 1, 2013",42223,72
8,1908,"Thursday, August 1, 2013",158,29
8,1908,"Thursday, August 1, 2013",46001,16
8,1908,"Thursday, August 1, 2013",5101,80
8,1908,"Thursday, August 1, 2013",50001,40
8,1908,"Thursday, August 1, 2013",64,60
8,1908,"Thursday, August 1, 2013",50001,28
8,1908,"Thursday, August 1, 2013",42223,67
8,1908,"Thursday, August 1, 2013",6001,14
8,1908,"Thursday, August 1, 2013",35004,42
8,1908,"Thursday, August 1, 2013",3033,66
8,1908,"Thursday, August 1, 2013",53001,76
8,1908,"Thursday, August 1, 2013",42223,83
8,1908,"Thursday, August 1, 2013",42223,80
8,1908,"Thursday, August 1, 2013",71601,37
8,1908,"Thursday, August 1, 2013",20001,45
8,1908,"Thursday, August 1, 2013",35004,30
8,1908,"Thursday, August 1, 2013",12,28
8,1908,"Thursday, August 1, 2013",46001,24
8,1908,"Thursday, August 1, 2013",188,77
8,1908,"Thursday, August 1, 2013",35004,46
8,1908,"Thursday, August 1, 2013",19701,35
8,1908,"Thursday, August 1, 2013",1,49
8,1908,"Thursday, August 1, 2013",158,17
8,1908,"Thursday, August 1, 2013",71,76
8,1908,"Thursday, August 1, 2013",67,74
8,1908,"Thursday, August 1, 2013",62356,17
8,1908,"Thursday, August 1, 2013",46001,24
8,1908,"Thursday, August 1, 2013",40003,49
8,1908,"Thursday, August 1, 2013",42223,78
8,1908,"Thursday, August 1, 2013",62356,35
8,1908,"Thursday, August 1, 2013",72,78
8,1908,"Thursday, August 1, 2013",71601,48
8,1908,"Thursday, August 1, 2013",38848,61
8,1908,"Thursday, August 1, 2013",116,16
8,1908,"Thursday, August 1, 2013",68001,89
8,1908,"Thursday, August 1, 2013",43001,71
8,1908,"Thursday, August 1, 2013",20001,39
8,1908,"Thursday, August 1, 2013",43001,80
8,1908,"Thursday, August 1, 2013",71601,43
8,1908,"Thursday, August 1, 2013",35004,34
8,1908,"Thursday, August 1, 2013",19701,43
8,1908,"Thursday, August 1, 2013",1,18
8,1908,"Thursday, August 1, 2013",7001,69
8,1908,"Thursday, August 1, 2013",58001,78
8,1908,"Thursday, August 1, 2013",48001,73
8,1908,"Thursday, August 1, 2013",3033,87
8,1908,"Thursday, August 1, 2013",501,69
8,1908,"Thursday, August 1, 2013",158,48
8,1908,"Thursday, August 1, 2013",40003,49
8,1908,"Thursday, August 1, 2013",5101,73
8,1908,"Thursday, August 1, 2013",50001,10
8,1908,"Thursday, August 1, 2013",68001,90
8,1908,"Thursday, August 1, 2013",64,76
8,1908,"Thursday, August 1, 2013",56,35
8,1908,"Thursday, August 1, 2013",20058,75
8,1908,"Thursday, August 1, 2013",53001,89
8,1908,"Thursday, August 1, 2013",501,74
8,1908,"Thursday, August 1, 2013",20058,90
8,1908,"Thursday, August 1, 2013",19701,36
8,1908,"Thursday, August 1, 2013",3033,87
8,1908,"Thursday, August 1, 2013",57001,89
8,1908,"Thursday, August 1, 2013",58001,76
8,1908,"Thursday, August 1, 2013",42223,77
8,1908,"Thursday, August 1, 2013",46001,30
8,1908,"Thursday, August 1, 2013",84,74
8,1908,"Thursday, August 1, 2013",20041,67
8,1908,"Thursday, August 1, 2013",38848,73
8,1908,"Thursday, August 1, 2013",84,87
8,1908,"Thursday, August 1, 2013",82001,75
8,1908,"Thursday, August 1, 2013",64,85
8,1908,"Thursday, August 1, 2013",1,32
8,1908,"Thursday, August 1, 2013",501,82
8,1908,"Thursday, August 1, 2013",72,86
8,1908,"Thursday, August 1, 2013",64,73
8,1908,"Thursday, August 1, 2013",27,50
8,1908,"Thursday, August 1, 2013",53001,68
8,1908,"Thursday, August 1, 2013",82001,68
8,1908,"Thursday, August 1, 2013",158,14
8,1908,"Thursday, August 1, 2013",59,68
8,1908,"Thursday, August 1, 2013",20041,88
8,1908,"Thursday, August 1, 2013",24701,76
8,1908,"Thursday, August 1, 2013",42223,87
8,1908,"Thursday, August 1, 2013",43001,68
8,1908,"Thursday, August 1, 2013",20058,74
13,1908,"Wednesday, January 1, 2014",188,80
13,1908,"Wednesday, January 1, 2014",48001,61
13,1908,"Wednesday, January 1, 2014",64,80
13,1908,"Wednesday, January 1, 2014",24701,80
13,1908,"Wednesday, January 1, 2014",1,34
13,1908,"Wednesday, January 1, 2014",116,34
13,1908,"Wednesday, January 1, 2014",29001,63
13,1908,"Wednesday, January 1, 2014",64,72
13,1908,"Wednesday, January 1, 2014",116,12
13,1908,"Wednesday, January 1, 2014",6001,43
13,1908,"Wednesday, January 1, 2014",12,29
13,1908,"Wednesday, January 1, 2014",43001,78
13,1908,"Wednesday, January 1, 2014",63,66
13,1908,"Wednesday, January 1, 2014",158,46
13,1908,"Wednesday, January 1, 2014",46001,14
13,1908,"Wednesday, January 1, 2014",20058,68
13,1908,"Wednesday, January 1, 2014",40003,36
13,1908,"Wednesday, January 1, 2014",24701,89
13,1908,"Wednesday, January 1, 2014",42223,74
13,1908,"Wednesday, January 1, 2014",64,63
13,1908,"Wednesday, January 1, 2014",501,62
13,1908,"Wednesday, January 1, 2014",59,60
13,1908,"Wednesday, January 1, 2014",64,61
13,1908,"Wednesday, January 1, 2014",20058,77
13,1908,"Wednesday, January 1, 2014",501,78
13,1908,"Wednesday, January 1, 2014",71,69
13,1908,"Wednesday, January 1, 2014",71601,41
13,1908,"Wednesday, January 1, 2014",64,62
13,1908,"Wednesday, January 1, 2014",50001,25
13,1908,"Wednesday, January 1, 2014",53001,88
13,1908,"Wednesday, January 1, 2014",24701,89
13,1908,"Wednesday, January 1, 2014",68001,63
13,1908,"Wednesday, January 1, 2014",50001,16
13,1908,"Wednesday, January 1, 2014",41,24
13,1908,"Wednesday, January 1, 2014",29001,72
13,1908,"Wednesday, January 1, 2014",58001,69
13,1908,"Wednesday, January 1, 2014",46001,21
13,1908,"Wednesday, January 1, 2014",5101,69
13,1908,"Wednesday, January 1, 2014",2801,87
13,1908,"Wednesday, January 1, 2014",71,69
13,1908,"Wednesday, January 1, 2014",42223,88
13,1908,"Wednesday, January 1, 2014",38848,82
13,1908,"Wednesday, January 1, 2014",56,50
13,1908,"Wednesday, January 1, 2014",35004,20
13,1908,"Wednesday, January 1, 2014",64,75
13,1908,"Wednesday, January 1, 2014",20001,10
13,1908,"Wednesday, January 1, 2014",68,82
13,1908,"Wednesday, January 1, 2014",12,49
13,1908,"Wednesday, January 1, 2014",7001,63
13,1908,"Wednesday, January 1, 2014",3033,79
13,1908,"Wednesday, January 1, 2014",66002,41
13,1908,"Wednesday, January 1, 2014",39813,41
13,1908,"Wednesday, January 1, 2014",71601,10
13,1908,"Wednesday, January 1, 2014",62356,29
13,1908,"Wednesday, January 1, 2014",58001,70
13,1908,"Wednesday, January 1, 2014",43001,67
13,1908,"Wednesday, January 1, 2014",116,39
13,1908,"Wednesday, January 1, 2014",12,19
13,1908,"Wednesday, January 1, 2014",58001,82
13,1908,"Wednesday, January 1, 2014",5101,70
13,1908,"Wednesday, January 1, 2014",58001,89
13,1908,"Wednesday, January 1, 2014",48001,79
13,1908,"Wednesday, January 1, 2014",53001,84
13,1908,"Wednesday, January 1, 2014",64,65
13,1908,"Wednesday, January 1, 2014",62356,27
13,1908,"Wednesday, January 1, 2014",20041,65
13,1908,"Wednesday, January 1, 2014",27,12
13,1908,"Wednesday, January 1, 2014",58001,71
13,1908,"Wednesday, January 1, 2014",20058,85
13,1908,"Wednesday, January 1, 2014",66002,45
13,1908,"Wednesday, January 1, 2014",39813,16
13,1908,"Wednesday, January 1, 2014",82001,74
13,1908,"Wednesday, January 1, 2014",71,90
13,1908,"Wednesday, January 1, 2014",53001,85
13,1908,"Wednesday, January 1, 2014",5101,61
13,1908,"Wednesday, January 1, 2014",158,34
13,1908,"Wednesday, January 1, 2014",82001,61
13,1908,"Wednesday, January 1, 2014",116,30
13,1908,"Wednesday, January 1, 2014",57001,80
13,1908,"Wednesday, January 1, 2014",71,78
13,1908,"Wednesday, January 1, 2014",62356,22
13,1908,"Wednesday, January 1, 2014",116,12
13,1908,"Wednesday, January 1, 2014",15937,81
13,1908,"Wednesday, January 1, 2014",39813,30
13,1908,"Wednesday, January 1, 2014",116,12
13,1908,"Wednesday, January 1, 2014",42223,75
13,1908,"Wednesday, January 1, 2014",59,87
13,1908,"Wednesday, January 1, 2014",62356,19
13,1908,"Wednesday, January 1, 2014",501,67
13,1908,"Wednesday, January 1, 2014",62356,24
13,1908,"Wednesday, January 1, 2014",7001,71
21,1908,"Monday, September 1, 2014",67,89
21,1908,"Monday, September 1, 2014",57001,78
21,1908,"Monday, September 1, 2014",20041,78
21,1908,"Monday, September 1, 2014",188,65
21,1908,"Monday, September 1, 2014",116,49
21,1908,"Monday, September 1, 2014",158,36
21,1908,"Monday, September 1, 2014",63005,90
21,1908,"Monday, September 1, 2014",7001,77
21,1908,"Monday, September 1, 2014",46001,21
21,1908,"Monday, September 1, 2014",116,10
21,1908,"Monday, September 1, 2014",48001,69
21,1908,"Monday, September 1, 2014",82001,87
21,1908,"Monday, September 1, 2014",501,81
21,1908,"Monday, September 1, 2014",40003,38
21,1908,"Monday, September 1, 2014",71,66
21,1908,"Monday, September 1, 2014",5101,70
21,1908,"Monday, September 1, 2014",42223,81
21,1908,"Monday, September 1, 2014",20001,49
21,1908,"Monday, September 1, 2014",39813,37
21,1908,"Monday, September 1, 2014",56,25
21,1908,"Monday, September 1, 2014",15937,85
21,1908,"Monday, September 1, 2014",158,16
21,1908,"Monday, September 1, 2014",14,21
21,1908,"Monday, September 1, 2014",71,72
21,1908,"Monday, September 1, 2014",116,14
21,1908,"Monday, September 1, 2014",116,36
21,1908,"Monday, September 1, 2014",158,45
21,1908,"Monday, September 1, 2014",2801,84
21,1908,"Monday, September 1, 2014",63,83
21,1908,"Monday, September 1, 2014",19701,26
21,1908,"Monday, September 1, 2014",20058,76
21,1908,"Monday, September 1, 2014",39813,14
21,1908,"Monday, September 1, 2014",58001,81
21,1908,"Monday, September 1, 2014",50001,21
21,1908,"Monday, September 1, 2014",116,26
21,1908,"Monday, September 1, 2014",27,45
21,1908,"Monday, September 1, 2014",88901,73
21,1908,"Monday, September 1, 2014",38848,84
21,1908,"Monday, September 1, 2014",2801,63
21,1908,"Monday, September 1, 2014",188,71
21,1908,"Monday, September 1, 2014",3033,85
21,1908,"Monday, September 1, 2014",158,25
21,1908,"Monday, September 1, 2014",59,61
21,1908,"Monday, September 1, 2014",19701,38
21,1908,"Monday, September 1, 2014",501,70
21,1908,"Monday, September 1, 2014",12,38
21,1908,"Monday, September 1, 2014",14,19
21,1908,"Monday, September 1, 2014",88901,78
21,1908,"Monday, September 1, 2014",58001,72
21,1908,"Monday, September 1, 2014",12,31
21,1908,"Monday, September 1, 2014",29001,69
21,1908,"Monday, September 1, 2014",82001,81
21,1908,"Monday, September 1, 2014",1,41
21,1908,"Monday, September 1, 2014",15937,79
21,1908,"Monday, September 1, 2014",12,43
21,1908,"Monday, September 1, 2014",35004,29
21,1908,"Monday, September 1, 2014",64,69
21,1908,"Monday, September 1, 2014",27,29
21,1908,"Monday, September 1, 2014",29001,72
21,1908,"Monday, September 1, 2014",48001,65
21,1908,"Monday, September 1, 2014",43001,79
21,1908,"Monday, September 1, 2014",20058,83
21,1908,"Monday, September 1, 2014",50001,26
21,1908,"Monday, September 1, 2014",20041,69
21,1908,"Monday, September 1, 2014",20058,64
21,1908,"Monday, September 1, 2014",20001,10
21,1908,"Monday, September 1, 2014",12,25
21,1908,"Monday, September 1, 2014",64,73
21,1908,"Monday, September 1, 2014",116,26
21,1908,"Monday, September 1, 2014",5101,78
21,1908,"Monday, September 1, 2014",19701,33
21,1908,"Monday, September 1, 2014",67,75
21,1908,"Monday, September 1, 2014",3033,82
21,1908,"Monday, September 1, 2014",41,28
21,1908,"Monday, September 1, 2014",59,84
21,1908,"Monday, September 1, 2014",42223,80
21,1908,"Monday, September 1, 2014",14,42
21,1908,"Monday, September 1, 2014",43001,83
21,1908,"Monday, September 1, 2014",35004,47
21,1908,"Monday, September 1, 2014",42223,85
21,1908,"Monday, September 1, 2014",72,62
21,1908,"Monday, September 1, 2014",6001,50
21,1908,"Monday, September 1, 2014",38848,60
21,1908,"Monday, September 1, 2014",82001,75
21,1908,"Monday, September 1, 2014",63,73
21,1908,"Monday, September 1, 2014",6001,37
21,1908,"Monday, September 1, 2014",68,65
21,1908,"Monday, September 1, 2014",43001,70
21,1908,"Monday, September 1, 2014",12,39
21,1908,"Monday, September 1, 2014",57001,82
21,1908,"Monday, September 1, 2014",41,13
21,1908,"Monday, September 1, 2014",6001,25
20,1908,"Friday, August 1, 2014",58001,88
20,1908,"Friday, August 1, 2014",40003,31
20,1908,"Friday, August 1, 2014",63005,75
20,1908,"Friday, August 1, 2014",68001,64
20,1908,"Friday, August 1, 2014",43001,60
20,1908,"Friday, August 1, 2014",67,80
20,1908,"Friday, August 1, 2014",39813,16
20,1908,"Friday, August 1, 2014",41,12
20,1908,"Friday, August 1, 2014",72,88
20,1908,"Friday, August 1, 2014",158,14
20,1908,"Friday, August 1, 2014",7001,72
20,1908,"Friday, August 1, 2014",188,90
20,1908,"Friday, August 1, 2014",40003,34
20,1908,"Friday, August 1, 2014",6001,15
20,1908,"Friday, August 1, 2014",63005,77
20,1908,"Friday, August 1, 2014",39813,10
20,1908,"Friday, August 1, 2014",88901,84
20,1908,"Friday, August 1, 2014",48001,61
20,1908,"Friday, August 1, 2014",24701,72
20,1908,"Friday, August 1, 2014",3033,63
20,1908,"Friday, August 1, 2014",1,26
20,1908,"Friday, August 1, 2014",1,39
20,1908,"Friday, August 1, 2014",20058,62
20,1908,"Friday, August 1, 2014",40003,20
20,1908,"Friday, August 1, 2014",188,62
20,1908,"Friday, August 1, 2014",59,70
20,1908,"Friday, August 1, 2014",63005,66
20,1908,"Friday, August 1, 2014",67,71
20,1908,"Friday, August 1, 2014",116,38
20,1908,"Friday, August 1, 2014",12,29
20,1908,"Friday, August 1, 2014",27,26
20,1908,"Friday, August 1, 2014",5101,73
20,1908,"Friday, August 1, 2014",15937,73
20,1908,"Friday, August 1, 2014",59,85
20,1908,"Friday, August 1, 2014",20041,75
20,1908,"Friday, August 1, 2014",50001,14
20,1908,"Friday, August 1, 2014",29001,83
20,1908,"Friday, August 1, 2014",188,69
20,1908,"Friday, August 1, 2014",7001,64
20,1908,"Friday, August 1, 2014",24701,83
20,1908,"Friday, August 1, 2014",71,74
20,1908,"Friday, August 1, 2014",43001,60
20,1908,"Friday, August 1, 2014",6001,31
20,1908,"Friday, August 1, 2014",2801,69
20,1908,"Friday, August 1, 2014",57001,90
20,1908,"Friday, August 1, 2014",501,81
20,1908,"Friday, August 1, 2014",59,70
20,1908,"Friday, August 1, 2014",71,83
20,1908,"Friday, August 1, 2014",84,84
20,1908,"Friday, August 1, 2014",59,67
20,1908,"Friday, August 1, 2014",50001,17
20,1908,"Friday, August 1, 2014",1,35
20,1908,"Friday, August 1, 2014",56,37
20,1908,"Friday, August 1, 2014",58001,73
20,1908,"Friday, August 1, 2014",67,81
20,1908,"Friday, August 1, 2014",59,85
20,1908,"Friday, August 1, 2014",7001,84
20,1908,"Friday, August 1, 2014",27,21
20,1908,"Friday, August 1, 2014",53001,69
20,1908,"Friday, August 1, 2014",68,79
20,1908,"Friday, August 1, 2014",29001,70
20,1908,"Friday, August 1, 2014",64,70
20,1908,"Friday, August 1, 2014",501,60
20,1908,"Friday, August 1, 2014",19701,30
20,1908,"Friday, August 1, 2014",12,50
20,1908,"Friday, August 1, 2014",71601,47
20,1908,"Friday, August 1, 2014",48001,72
20,1908,"Friday, August 1, 2014",5101,89
20,1908,"Friday, August 1, 2014",12,36
20,1908,"Friday, August 1, 2014",72,69
20,1908,"Friday, August 1, 2014",116,18
20,1908,"Friday, August 1, 2014",2801,64
20,1908,"Friday, August 1, 2014",66002,38
20,1908,"Friday, August 1, 2014",116,43
20,1908,"Friday, August 1, 2014",62356,41
20,1908,"Friday, August 1, 2014",57001,84
20,1908,"Friday, August 1, 2014",3033,61
20,1908,"Friday, August 1, 2014",1,30
20,1908,"Friday, August 1, 2014",58001,84
20,1908,"Friday, August 1, 2014",68,74
20,1908,"Friday, August 1, 2014",2801,64
20,1908,"Friday, August 1, 2014",6001,43
20,1908,"Friday, August 1, 2014",20058,72
20,1908,"Friday, August 1, 2014",35004,21
20,1908,"Friday, August 1, 2014",66002,26
20,1908,"Friday, August 1, 2014",68001,75
20,1908,"Friday, August 1, 2014",7001,87
20,1908,"Friday, August 1, 2014",1,34
20,1908,"Friday, August 1, 2014",41,37
20,1908,"Friday, August 1, 2014",57001,89
20,1908,"Friday, August 1, 2014",84,82
20,1908,"Friday, August 1, 2014",63,62
20,1908,"Friday, August 1, 2014",29001,62
20,1908,"Friday, August 1, 2014",41,10
15,1908,"Saturday, March 1, 2014",20041,83
15,1908,"Saturday, March 1, 2014",3033,86
15,1908,"Saturday, March 1, 2014",68001,85
15,1908,"Saturday, March 1, 2014",59,86
15,1908,"Saturday, March 1, 2014",88901,75
15,1908,"Saturday, March 1, 2014",58001,89
15,1908,"Saturday, March 1, 2014",42223,66
15,1908,"Saturday, March 1, 2014",6001,24
15,1908,"Saturday, March 1, 2014",71601,33
15,1908,"Saturday, March 1, 2014",27,14
15,1908,"Saturday, March 1, 2014",59,63
15,1908,"Saturday, March 1, 2014",66002,12
15,1908,"Saturday, March 1, 2014",158,37
15,1908,"Saturday, March 1, 2014",188,82
15,1908,"Saturday, March 1, 2014",24701,84
15,1908,"Saturday, March 1, 2014",71601,23
15,1908,"Saturday, March 1, 2014",57001,86
15,1908,"Saturday, March 1, 2014",41,48
15,1908,"Saturday, March 1, 2014",15937,60
15,1908,"Saturday, March 1, 2014",71,85
15,1908,"Saturday, March 1, 2014",29001,78
15,1908,"Saturday, March 1, 2014",41,23
15,1908,"Saturday, March 1, 2014",67,79
15,1908,"Saturday, March 1, 2014",35004,16
15,1908,"Saturday, March 1, 2014",24701,82
15,1908,"Saturday, March 1, 2014",116,32
15,1908,"Saturday, March 1, 2014",64,84
15,1908,"Saturday, March 1, 2014",46001,41
15,1908,"Saturday, March 1, 2014",20058,85
15,1908,"Saturday, March 1, 2014",57001,64
15,1908,"Saturday, March 1, 2014",1,44
15,1908,"Saturday, March 1, 2014",27,20
15,1908,"Saturday, March 1, 2014",7001,77
15,1908,"Saturday, March 1, 2014",3033,83
15,1908,"Saturday, March 1, 2014",64,63
15,1908,"Saturday, March 1, 2014",50001,46
15,1908,"Saturday, March 1, 2014",67,78
15,1908,"Saturday, March 1, 2014",66002,34
15,1908,"Saturday, March 1, 2014",64,70
15,1908,"Saturday, March 1, 2014",67,66
15,1908,"Saturday, March 1, 2014",3033,62
15,1908,"Saturday, March 1, 2014",5101,86
15,1908,"Saturday, March 1, 2014",68,89
15,1908,"Saturday, March 1, 2014",35004,25
15,1908,"Saturday, March 1, 2014",3033,78
15,1908,"Saturday, March 1, 2014",53001,83
15,1908,"Saturday, March 1, 2014",72,82
15,1908,"Saturday, March 1, 2014",14,19
15,1908,"Saturday, March 1, 2014",71601,26
15,1908,"Saturday, March 1, 2014",43001,70
15,1908,"Saturday, March 1, 2014",3033,77
15,1908,"Saturday, March 1, 2014",63,78
15,1908,"Saturday, March 1, 2014",20001,25
15,1908,"Saturday, March 1, 2014",50001,19
15,1908,"Saturday, March 1, 2014",20058,64
15,1908,"Saturday, March 1, 2014",20001,23
15,1908,"Saturday, March 1, 2014",84,71
15,1908,"Saturday, March 1, 2014",501,78
15,1908,"Saturday, March 1, 2014",84,75
15,1908,"Saturday, March 1, 2014",14,17
15,1908,"Saturday, March 1, 2014",6001,30
15,1908,"Saturday, March 1, 2014",71601,49
15,1908,"Saturday, March 1, 2014",53001,68
15,1908,"Saturday, March 1, 2014",19701,27
15,1908,"Saturday, March 1, 2014",88901,87
15,1908,"Saturday, March 1, 2014",39813,28
15,1908,"Saturday, March 1, 2014",501,68
15,1908,"Saturday, March 1, 2014",68,82
15,1908,"Saturday, March 1, 2014",67,86
15,1908,"Saturday, March 1, 2014",29001,81
15,1908,"Saturday, March 1, 2014",46001,49
15,1908,"Saturday, March 1, 2014",5101,67
15,1908,"Saturday, March 1, 2014",41,45
15,1908,"Saturday, March 1, 2014",56,45
15,1908,"Saturday, March 1, 2014",82001,75
15,1908,"Saturday, March 1, 2014",66002,50
15,1908,"Saturday, March 1, 2014",50001,27
15,1908,"Saturday, March 1, 2014",64,66
15,1908,"Saturday, March 1, 2014",66002,31
15,1908,"Saturday, March 1, 2014",72,85
15,1908,"Saturday, March 1, 2014",1,30
15,1908,"Saturday, March 1, 2014",1,26
15,1908,"Saturday, March 1, 2014",82001,72
15,1908,"Saturday, March 1, 2014",63005,68
15,1908,"Saturday, March 1, 2014",84,66
15,1908,"Saturday, March 1, 2014",42223,72
15,1908,"Saturday, March 1, 2014",88901,72
15,1908,"Saturday, March 1, 2014",57001,76
15,1908,"Saturday, March 1, 2014",63005,85
15,1908,"Saturday, March 1, 2014",71601,18
15,1908,"Saturday, March 1, 2014",41,29
15,1908,"Saturday, March 1, 2014",29001,61
15,1908,"Saturday, March 1, 2014",59,77
15,1908,"Saturday, March 1, 2014",42223,63
15,1908,"Saturday, March 1, 2014",53001,76
24,1908,"Monday, December 1, 2014",116,46
24,1908,"Monday, December 1, 2014",35004,26
24,1908,"Monday, December 1, 2014",59,60
24,1908,"Monday, December 1, 2014",7001,75
24,1908,"Monday, December 1, 2014",1,37
24,1908,"Monday, December 1, 2014",14,43
24,1908,"Monday, December 1, 2014",20001,11
24,1908,"Monday, December 1, 2014",38848,79
24,1908,"Monday, December 1, 2014",15937,66
24,1908,"Monday, December 1, 2014",64,69
24,1908,"Monday, December 1, 2014",40003,39
24,1908,"Monday, December 1, 2014",12,49
24,1908,"Monday, December 1, 2014",501,89
24,1908,"Monday, December 1, 2014",56,24
24,1908,"Monday, December 1, 2014",20001,25
24,1908,"Monday, December 1, 2014",41,34
24,1908,"Monday, December 1, 2014",15937,73
24,1908,"Monday, December 1, 2014",1,24
24,1908,"Monday, December 1, 2014",6001,20
24,1908,"Monday, December 1, 2014",82001,90
24,1908,"Monday, December 1, 2014",29001,89
24,1908,"Monday, December 1, 2014",116,31
24,1908,"Monday, December 1, 2014",14,16
24,1908,"Monday, December 1, 2014",71,63
24,1908,"Monday, December 1, 2014",20041,90
24,1908,"Monday, December 1, 2014",67,65
24,1908,"Monday, December 1, 2014",66002,17
24,1908,"Monday, December 1, 2014",57001,88
24,1908,"Monday, December 1, 2014",40003,21
24,1908,"Monday, December 1, 2014",66002,32
24,1908,"Monday, December 1, 2014",35004,40
24,1908,"Monday, December 1, 2014",42223,90
24,1908,"Monday, December 1, 2014",5101,82
24,1908,"Monday, December 1, 2014",12,14
24,1908,"Monday, December 1, 2014",64,65
24,1908,"Monday, December 1, 2014",42223,63
24,1908,"Monday, December 1, 2014",63005,83
24,1908,"Monday, December 1, 2014",27,39
24,1908,"Monday, December 1, 2014",158,20
24,1908,"Monday, December 1, 2014",84,80
24,1908,"Monday, December 1, 2014",41,18
24,1908,"Monday, December 1, 2014",39813,47
24,1908,"Monday, December 1, 2014",59,81
24,1908,"Monday, December 1, 2014",20041,77
24,1908,"Monday, December 1, 2014",58001,82
24,1908,"Monday, December 1, 2014",19701,24
24,1908,"Monday, December 1, 2014",57001,63
24,1908,"Monday, December 1, 2014",66002,49
24,1908,"Monday, December 1, 2014",53001,85
24,1908,"Monday, December 1, 2014",1,30
24,1908,"Monday, December 1, 2014",24701,77
24,1908,"Monday, December 1, 2014",62356,30
24,1908,"Monday, December 1, 2014",501,82
24,1908,"Monday, December 1, 2014",63005,63
24,1908,"Monday, December 1, 2014",188,72
24,1908,"Monday, December 1, 2014",188,61
24,1908,"Monday, December 1, 2014",71601,43
24,1908,"Monday, December 1, 2014",12,29
24,1908,"Monday, December 1, 2014",67,66
24,1908,"Monday, December 1, 2014",40003,21
24,1908,"Monday, December 1, 2014",58001,69
24,1908,"Monday, December 1, 2014",71601,16
24,1908,"Monday, December 1, 2014",20058,80
24,1908,"Monday, December 1, 2014",68,84
24,1908,"Monday, December 1, 2014",35004,34
24,1908,"Monday, December 1, 2014",68,82
24,1908,"Monday, December 1, 2014",6001,19
24,1908,"Monday, December 1, 2014",2801,65
24,1908,"Monday, December 1, 2014",58001,63
24,1908,"Monday, December 1, 2014",72,86
24,1908,"Monday, December 1, 2014",43001,82
24,1908,"Monday, December 1, 2014",5101,79
24,1908,"Monday, December 1, 2014",53001,60
24,1908,"Monday, December 1, 2014",66002,44
24,1908,"Monday, December 1, 2014",29001,84
24,1908,"Monday, December 1, 2014",50001,11
24,1908,"Monday, December 1, 2014",63,73
24,1908,"Monday, December 1, 2014",63005,63
24,1908,"Monday, December 1, 2014",19701,39
24,1908,"Monday, December 1, 2014",68,69
24,1908,"Monday, December 1, 2014",40003,13
24,1908,"Monday, December 1, 2014",50001,23
24,1908,"Monday, December 1, 2014",1,10
24,1908,"Monday, December 1, 2014",63005,80
24,1908,"Monday, December 1, 2014",68,68
24,1908,"Monday, December 1, 2014",63005,78
24,1908,"Monday, December 1, 2014",58001,73
24,1908,"Monday, December 1, 2014",63005,74
24,1908,"Monday, December 1, 2014",58001,62
24,1908,"Monday, December 1, 2014",68001,72
24,1908,"Monday, December 1, 2014",88901,66
24,1908,"Monday, December 1, 2014",63005,80
24,1908,"Monday, December 1, 2014",158,47
24,1908,"Monday, December 1, 2014",57001,64
24,1908,"Monday, December 1, 2014",40003,42
24,1908,"Monday, December 1, 2014",1,35
10,1908,"Tuesday, October 1, 2013",188,86
10,1908,"Tuesday, October 1, 2013",6001,45
10,1908,"Tuesday, October 1, 2013",48001,89
10,1908,"Tuesday, October 1, 2013",42223,90
10,1908,"Tuesday, October 1, 2013",57001,62
10,1908,"Tuesday, October 1, 2013",59,80
10,1908,"Tuesday, October 1, 2013",188,69
10,1908,"Tuesday, October 1, 2013",39813,25
10,1908,"Tuesday, October 1, 2013",62356,39
10,1908,"Tuesday, October 1, 2013",57001,63
10,1908,"Tuesday, October 1, 2013",82001,74
10,1908,"Tuesday, October 1, 2013",6001,31
10,1908,"Tuesday, October 1, 2013",71601,27
10,1908,"Tuesday, October 1, 2013",68,75
10,1908,"Tuesday, October 1, 2013",19701,28
10,1908,"Tuesday, October 1, 2013",39813,15
10,1908,"Tuesday, October 1, 2013",67,73
10,1908,"Tuesday, October 1, 2013",50001,13
10,1908,"Tuesday, October 1, 2013",20041,61
10,1908,"Tuesday, October 1, 2013",88901,60
10,1908,"Tuesday, October 1, 2013",1,50
10,1908,"Tuesday, October 1, 2013",58001,90
10,1908,"Tuesday, October 1, 2013",2801,88
10,1908,"Tuesday, October 1, 2013",43001,71
10,1908,"Tuesday, October 1, 2013",158,29
10,1908,"Tuesday, October 1, 2013",35004,44
10,1908,"Tuesday, October 1, 2013",20041,68
10,1908,"Tuesday, October 1, 2013",84,86
10,1908,"Tuesday, October 1, 2013",71,73
10,1908,"Tuesday, October 1, 2013",41,26
10,1908,"Tuesday, October 1, 2013",68,84
10,1908,"Tuesday, October 1, 2013",63,64
10,1908,"Tuesday, October 1, 2013",15937,73
10,1908,"Tuesday, October 1, 2013",59,60
10,1908,"Tuesday, October 1, 2013",43001,86
10,1908,"Tuesday, October 1, 2013",56,16
10,1908,"Tuesday, October 1, 2013",2801,62
10,1908,"Tuesday, October 1, 2013",35004,35
10,1908,"Tuesday, October 1, 2013",42223,89
10,1908,"Tuesday, October 1, 2013",41,40
10,1908,"Tuesday, October 1, 2013",67,71
10,1908,"Tuesday, October 1, 2013",40003,21
10,1908,"Tuesday, October 1, 2013",3033,61
10,1908,"Tuesday, October 1, 2013",57001,60
10,1908,"Tuesday, October 1, 2013",64,67
10,1908,"Tuesday, October 1, 2013",35004,34
10,1908,"Tuesday, October 1, 2013",20058,71
10,1908,"Tuesday, October 1, 2013",64,85
10,1908,"Tuesday, October 1, 2013",62356,42
10,1908,"Tuesday, October 1, 2013",38848,90
10,1908,"Tuesday, October 1, 2013",5101,73
10,1908,"Tuesday, October 1, 2013",501,67
10,1908,"Tuesday, October 1, 2013",3033,71
10,1908,"Tuesday, October 1, 2013",84,79
10,1908,"Tuesday, October 1, 2013",43001,71
10,1908,"Tuesday, October 1, 2013",20058,67
10,1908,"Tuesday, October 1, 2013",40003,11
10,1908,"Tuesday, October 1, 2013",66002,11
10,1908,"Tuesday, October 1, 2013",5101,63
10,1908,"Tuesday, October 1, 2013",20001,35
10,1908,"Tuesday, October 1, 2013",67,67
10,1908,"Tuesday, October 1, 2013",20058,61
10,1908,"Tuesday, October 1, 2013",62356,20
10,1908,"Tuesday, October 1, 2013",42223,62
10,1908,"Tuesday, October 1, 2013",2801,71
10,1908,"Tuesday, October 1, 2013",7001,71
10,1908,"Tuesday, October 1, 2013",63005,60
10,1908,"Tuesday, October 1, 2013",50001,35
10,1908,"Tuesday, October 1, 2013",158,16
10,1908,"Tuesday, October 1, 2013",63,76
10,1908,"Tuesday, October 1, 2013",1,26
10,1908,"Tuesday, October 1, 2013",82001,65
10,1908,"Tuesday, October 1, 2013",501,81
10,1908,"Tuesday, October 1, 2013",63,83
10,1908,"Tuesday, October 1, 2013",2801,79
10,1908,"Tuesday, October 1, 2013",12,37
10,1908,"Tuesday, October 1, 2013",6001,35
10,1908,"Tuesday, October 1, 2013",41,39
10,1908,"Tuesday, October 1, 2013",7001,79
10,1908,"Tuesday, October 1, 2013",58001,79
10,1908,"Tuesday, October 1, 2013",188,89
10,1908,"Tuesday, October 1, 2013",41,12
10,1908,"Tuesday, October 1, 2013",27,19
10,1908,"Tuesday, October 1, 2013",50001,45
10,1908,"Tuesday, October 1, 2013",46001,28
10,1908,"Tuesday, October 1, 2013",62356,44
10,1908,"Tuesday, October 1, 2013",63,83
10,1908,"Tuesday, October 1, 2013",2801,79
10,1908,"Tuesday, October 1, 2013",82001,73
10,1908,"Tuesday, October 1, 2013",68001,78
10,1908,"Tuesday, October 1, 2013",62356,27
10,1908,"Tuesday, October 1, 2013",5101,74
10,1908,"Tuesday, October 1, 2013",38848,63
10,1908,"Tuesday, October 1, 2013",39813,22
10,1908,"Tuesday, October 1, 2013",12,16
10,1908,"Tuesday, October 1, 2013",66002,44
10,1908,"Tuesday, October 1, 2013",116,34
10,1908,"Tuesday, October 1, 2013",19701,37
10,1908,"Tuesday, October 1, 2013",57001,85
19,1027,"Tuesday, July 1, 2014",39813,63
19,1027,"Tuesday, July 1, 2014",20058,74
19,1027,"Tuesday, July 1, 2014",67,68
19,1027,"Tuesday, July 1, 2014",40003,75
19,1027,"Tuesday, July 1, 2014",20058,82
19,1027,"Tuesday, July 1, 2014",67,77
19,1027,"Tuesday, July 1, 2014",5101,64
19,1027,"Tuesday, July 1, 2014",63005,70
19,1027,"Tuesday, July 1, 2014",158,61
19,1027,"Tuesday, July 1, 2014",5101,78
19,1027,"Tuesday, July 1, 2014",57001,88
19,1027,"Tuesday, July 1, 2014",66002,65
19,1027,"Tuesday, July 1, 2014",41,66
19,1027,"Tuesday, July 1, 2014",68001,77
19,1027,"Tuesday, July 1, 2014",50001,65
19,1027,"Tuesday, July 1, 2014",116,74
19,1027,"Tuesday, July 1, 2014",38848,76
19,1027,"Tuesday, July 1, 2014",19701,78
19,1027,"Tuesday, July 1, 2014",24701,79
19,1027,"Tuesday, July 1, 2014",62356,78
19,1027,"Tuesday, July 1, 2014",58001,73
19,1027,"Tuesday, July 1, 2014",53001,82
19,1027,"Tuesday, July 1, 2014",12,65
19,1027,"Tuesday, July 1, 2014",62356,74
19,1027,"Tuesday, July 1, 2014",48001,71
19,1027,"Tuesday, July 1, 2014",27,73
19,1027,"Tuesday, July 1, 2014",67,80
19,1027,"Tuesday, July 1, 2014",46001,90
19,1027,"Tuesday, July 1, 2014",20058,83
19,1027,"Tuesday, July 1, 2014",501,78
19,1027,"Tuesday, July 1, 2014",88901,73
19,1027,"Tuesday, July 1, 2014",29001,61
19,1027,"Tuesday, July 1, 2014",88901,65
19,1027,"Tuesday, July 1, 2014",88901,86
19,1027,"Tuesday, July 1, 2014",67,75
19,1027,"Tuesday, July 1, 2014",38848,72
19,1027,"Tuesday, July 1, 2014",2801,68
19,1027,"Tuesday, July 1, 2014",72,87
19,1027,"Tuesday, July 1, 2014",88901,75
19,1027,"Tuesday, July 1, 2014",68001,69
19,1027,"Tuesday, July 1, 2014",5101,73
19,1027,"Tuesday, July 1, 2014",46001,72
19,1027,"Tuesday, July 1, 2014",20041,83
19,1027,"Tuesday, July 1, 2014",82001,75
19,1027,"Tuesday, July 1, 2014",88901,74
19,1027,"Tuesday, July 1, 2014",88901,66
19,1027,"Tuesday, July 1, 2014",88901,80
19,1027,"Tuesday, July 1, 2014",19701,71
19,1027,"Tuesday, July 1, 2014",63005,63
19,1027,"Tuesday, July 1, 2014",41,66
19,1027,"Tuesday, July 1, 2014",6001,79
19,1027,"Tuesday, July 1, 2014",116,61
19,1027,"Tuesday, July 1, 2014",3033,83
19,1027,"Tuesday, July 1, 2014",27,63
19,1027,"Tuesday, July 1, 2014",71601,90
19,1027,"Tuesday, July 1, 2014",57001,89
19,1027,"Tuesday, July 1, 2014",72,90
19,1027,"Tuesday, July 1, 2014",63,66
19,1027,"Tuesday, July 1, 2014",188,78
19,1027,"Tuesday, July 1, 2014",42223,72
19,1027,"Tuesday, July 1, 2014",40003,69
19,1027,"Tuesday, July 1, 2014",57001,90
19,1027,"Tuesday, July 1, 2014",66002,75
19,1027,"Tuesday, July 1, 2014",68001,60
19,1027,"Tuesday, July 1, 2014",7001,61
19,1027,"Tuesday, July 1, 2014",12,66
19,1027,"Tuesday, July 1, 2014",68,84
19,1027,"Tuesday, July 1, 2014",63,72
19,1027,"Tuesday, July 1, 2014",72,73
19,1027,"Tuesday, July 1, 2014",43001,86
19,1027,"Tuesday, July 1, 2014",72,75
19,1027,"Tuesday, July 1, 2014",40003,74
19,1027,"Tuesday, July 1, 2014",35004,79
19,1027,"Tuesday, July 1, 2014",57001,82
19,1027,"Tuesday, July 1, 2014",48001,66
19,1027,"Tuesday, July 1, 2014",20001,85
19,1027,"Tuesday, July 1, 2014",64,88
19,1027,"Tuesday, July 1, 2014",62356,81
19,1027,"Tuesday, July 1, 2014",67,78
19,1027,"Tuesday, July 1, 2014",63005,60
19,1027,"Tuesday, July 1, 2014",19701,80
19,1027,"Tuesday, July 1, 2014",71601,81
19,1027,"Tuesday, July 1, 2014",63005,69
19,1027,"Tuesday, July 1, 2014",158,71
19,1027,"Tuesday, July 1, 2014",158,81
19,1027,"Tuesday, July 1, 2014",71601,77
19,1027,"Tuesday, July 1, 2014",2801,76
19,1027,"Tuesday, July 1, 2014",41,80
19,1027,"Tuesday, July 1, 2014",82001,90
19,1027,"Tuesday, July 1, 2014",57001,82
19,1027,"Tuesday, July 1, 2014",3033,84
19,1027,"Tuesday, July 1, 2014",116,82
19,1027,"Tuesday, July 1, 2014",2801,83
19,1027,"Tuesday, July 1, 2014",20001,67
19,1027,"Tuesday, July 1, 2014",46001,75
19,1027,"Tuesday, July 1, 2014",12,64
19,1027,"Tuesday, July 1, 2014",71601,66
19,1027,"Tuesday, July 1, 2014",71601,63
19,1027,"Tuesday, July 1, 2014",6001,75
19,1027,"Tuesday, July 1, 2014",12,66
19,1027,"Tuesday, July 1, 2014",82001,81
19,1027,"Tuesday, July 1, 2014",41,71
19,1027,"Tuesday, July 1, 2014",2801,68
19,1027,"Tuesday, July 1, 2014",71601,78
19,1027,"Tuesday, July 1, 2014",82001,72
19,1027,"Tuesday, July 1, 2014",53001,85
19,1027,"Tuesday, July 1, 2014",2801,62
19,1027,"Tuesday, July 1, 2014",72,85
17,1027,"Thursday, May 1, 2014",66002,69
17,1027,"Thursday, May 1, 2014",63,63
17,1027,"Thursday, May 1, 2014",84,90
17,1027,"Thursday, May 1, 2014",64,89
17,1027,"Thursday, May 1, 2014",38848,84
17,1027,"Thursday, May 1, 2014",3033,77
17,1027,"Thursday, May 1, 2014",35004,82
17,1027,"Thursday, May 1, 2014",12,79
17,1027,"Thursday, May 1, 2014",19701,85
17,1027,"Thursday, May 1, 2014",12,83
17,1027,"Thursday, May 1, 2014",19701,68
17,1027,"Thursday, May 1, 2014",3033,80
17,1027,"Thursday, May 1, 2014",53001,66
17,1027,"Thursday, May 1, 2014",27,60
17,1027,"Thursday, May 1, 2014",20058,78
17,1027,"Thursday, May 1, 2014",43001,72
17,1027,"Thursday, May 1, 2014",12,60
17,1027,"Thursday, May 1, 2014",71,82
17,1027,"Thursday, May 1, 2014",6001,62
17,1027,"Thursday, May 1, 2014",63,85
17,1027,"Thursday, May 1, 2014",12,84
17,1027,"Thursday, May 1, 2014",40003,63
17,1027,"Thursday, May 1, 2014",7001,90
17,1027,"Thursday, May 1, 2014",72,61
17,1027,"Thursday, May 1, 2014",15937,87
17,1027,"Thursday, May 1, 2014",2801,90
17,1027,"Thursday, May 1, 2014",14,69
17,1027,"Thursday, May 1, 2014",43001,69
17,1027,"Thursday, May 1, 2014",68001,85
17,1027,"Thursday, May 1, 2014",58001,86
17,1027,"Thursday, May 1, 2014",68,71
17,1027,"Thursday, May 1, 2014",68,63
17,1027,"Thursday, May 1, 2014",67,70
17,1027,"Thursday, May 1, 2014",50001,80
17,1027,"Thursday, May 1, 2014",66002,84
17,1027,"Thursday, May 1, 2014",7001,74
17,1027,"Thursday, May 1, 2014",15937,83
17,1027,"Thursday, May 1, 2014",35004,77
17,1027,"Thursday, May 1, 2014",88901,79
17,1027,"Thursday, May 1, 2014",7001,83
17,1027,"Thursday, May 1, 2014",84,82
17,1027,"Thursday, May 1, 2014",67,66
17,1027,"Thursday, May 1, 2014",19701,70
17,1027,"Thursday, May 1, 2014",14,81
17,1027,"Thursday, May 1, 2014",12,70
17,1027,"Thursday, May 1, 2014",63005,87
17,1027,"Thursday, May 1, 2014",2801,69
17,1027,"Thursday, May 1, 2014",82001,78
17,1027,"Thursday, May 1, 2014",43001,81
17,1027,"Thursday, May 1, 2014",27,90
17,1027,"Thursday, May 1, 2014",63,77
17,1027,"Thursday, May 1, 2014",20001,64
17,1027,"Thursday, May 1, 2014",53001,84
17,1027,"Thursday, May 1, 2014",38848,66
17,1027,"Thursday, May 1, 2014",3033,77
17,1027,"Thursday, May 1, 2014",39813,72
17,1027,"Thursday, May 1, 2014",7001,86
17,1027,"Thursday, May 1, 2014",501,87
17,1027,"Thursday, May 1, 2014",39813,60
17,1027,"Thursday, May 1, 2014",68001,87
17,1027,"Thursday, May 1, 2014",56,61
17,1027,"Thursday, May 1, 2014",68,79
17,1027,"Thursday, May 1, 2014",188,77
17,1027,"Thursday, May 1, 2014",38848,87
17,1027,"Thursday, May 1, 2014",50001,76
17,1027,"Thursday, May 1, 2014",56,89
17,1027,"Thursday, May 1, 2014",88901,74
17,1027,"Thursday, May 1, 2014",67,65
17,1027,"Thursday, May 1, 2014",62356,62
17,1027,"Thursday, May 1, 2014",41,88
17,1027,"Thursday, May 1, 2014",88901,61
17,1027,"Thursday, May 1, 2014",24701,89
17,1027,"Thursday, May 1, 2014",2801,76
17,1027,"Thursday, May 1, 2014",19701,77
17,1027,"Thursday, May 1, 2014",82001,88
17,1027,"Thursday, May 1, 2014",46001,72
17,1027,"Thursday, May 1, 2014",14,79
17,1027,"Thursday, May 1, 2014",56,81
17,1027,"Thursday, May 1, 2014",84,86
17,1027,"Thursday, May 1, 2014",158,88
17,1027,"Thursday, May 1, 2014",2801,65
17,1027,"Thursday, May 1, 2014",19701,68
17,1027,"Thursday, May 1, 2014",63,76
17,1027,"Thursday, May 1, 2014",24701,86
17,1027,"Thursday, May 1, 2014",43001,66
17,1027,"Thursday, May 1, 2014",82001,89
17,1027,"Thursday, May 1, 2014",29001,82
17,1027,"Thursday, May 1, 2014",63005,62
17,1027,"Thursday, May 1, 2014",29001,89
17,1027,"Thursday, May 1, 2014",40003,68
17,1027,"Thursday, May 1, 2014",53001,76
17,1027,"Thursday, May 1, 2014",40003,82
17,1027,"Thursday, May 1, 2014",48001,61
17,1027,"Thursday, May 1, 2014",71,90
17,1027,"Thursday, May 1, 2014",41,68
17,1027,"Thursday, May 1, 2014",15937,87
17,1027,"Thursday, May 1, 2014",57001,74
17,1027,"Thursday, May 1, 2014",1,85
17,1027,"Thursday, May 1, 2014",20041,70
17,1027,"Thursday, May 1, 2014",46001,66
17,1027,"Thursday, May 1, 2014",82001,63
8,1027,"Thursday, August 1, 2013",88901,71
8,1027,"Thursday, August 1, 2013",188,68
8,1027,"Thursday, August 1, 2013",116,86
8,1027,"Thursday, August 1, 2013",42223,75
8,1027,"Thursday, August 1, 2013",59,85
8,1027,"Thursday, August 1, 2013",35004,60
8,1027,"Thursday, August 1, 2013",72,68
8,1027,"Thursday, August 1, 2013",6001,78
8,1027,"Thursday, August 1, 2013",39813,85
8,1027,"Thursday, August 1, 2013",7001,80
8,1027,"Thursday, August 1, 2013",59,67
8,1027,"Thursday, August 1, 2013",39813,86
8,1027,"Thursday, August 1, 2013",57001,65
8,1027,"Thursday, August 1, 2013",68,72
8,1027,"Thursday, August 1, 2013",66002,68
8,1027,"Thursday, August 1, 2013",24701,67
8,1027,"Thursday, August 1, 2013",20058,76
8,1027,"Thursday, August 1, 2013",43001,67
8,1027,"Thursday, August 1, 2013",27,75
8,1027,"Thursday, August 1, 2013",63,69
8,1027,"Thursday, August 1, 2013",41,90
8,1027,"Thursday, August 1, 2013",5101,88
8,1027,"Thursday, August 1, 2013",67,60
8,1027,"Thursday, August 1, 2013",12,68
8,1027,"Thursday, August 1, 2013",71,79
8,1027,"Thursday, August 1, 2013",3033,73
8,1027,"Thursday, August 1, 2013",42223,62
8,1027,"Thursday, August 1, 2013",35004,87
8,1027,"Thursday, August 1, 2013",42223,87
8,1027,"Thursday, August 1, 2013",64,84
8,1027,"Thursday, August 1, 2013",20058,89
8,1027,"Thursday, August 1, 2013",58001,69
8,1027,"Thursday, August 1, 2013",12,86
8,1027,"Thursday, August 1, 2013",50001,78
8,1027,"Thursday, August 1, 2013",84,90
8,1027,"Thursday, August 1, 2013",12,68
8,1027,"Thursday, August 1, 2013",2801,85
8,1027,"Thursday, August 1, 2013",24701,83
8,1027,"Thursday, August 1, 2013",46001,74
8,1027,"Thursday, August 1, 2013",29001,77
8,1027,"Thursday, August 1, 2013",88901,71
8,1027,"Thursday, August 1, 2013",3033,76
8,1027,"Thursday, August 1, 2013",20058,80
8,1027,"Thursday, August 1, 2013",58001,61
8,1027,"Thursday, August 1, 2013",14,84
8,1027,"Thursday, August 1, 2013",59,81
8,1027,"Thursday, August 1, 2013",62356,73
8,1027,"Thursday, August 1, 2013",58001,65
8,1027,"Thursday, August 1, 2013",1,86
8,1027,"Thursday, August 1, 2013",15937,86
8,1027,"Thursday, August 1, 2013",20041,76
8,1027,"Thursday, August 1, 2013",1,72
8,1027,"Thursday, August 1, 2013",46001,79
8,1027,"Thursday, August 1, 2013",63,65
8,1027,"Thursday, August 1, 2013",24701,63
8,1027,"Thursday, August 1, 2013",50001,78
8,1027,"Thursday, August 1, 2013",19701,70
8,1027,"Thursday, August 1, 2013",29001,86
8,1027,"Thursday, August 1, 2013",41,72
8,1027,"Thursday, August 1, 2013",1,69
8,1027,"Thursday, August 1, 2013",68001,61
8,1027,"Thursday, August 1, 2013",158,78
8,1027,"Thursday, August 1, 2013",71,69
8,1027,"Thursday, August 1, 2013",116,72
8,1027,"Thursday, August 1, 2013",20058,74
8,1027,"Thursday, August 1, 2013",63005,90
8,1027,"Thursday, August 1, 2013",39813,69
8,1027,"Thursday, August 1, 2013",42223,67
8,1027,"Thursday, August 1, 2013",3033,76
8,1027,"Thursday, August 1, 2013",5101,72
8,1027,"Thursday, August 1, 2013",20001,66
8,1027,"Thursday, August 1, 2013",63005,82
8,1027,"Thursday, August 1, 2013",501,82
8,1027,"Thursday, August 1, 2013",43001,87
8,1027,"Thursday, August 1, 2013",501,90
8,1027,"Thursday, August 1, 2013",2801,61
8,1027,"Thursday, August 1, 2013",20041,68
8,1027,"Thursday, August 1, 2013",84,89
8,1027,"Thursday, August 1, 2013",1,71
8,1027,"Thursday, August 1, 2013",63005,84
8,1027,"Thursday, August 1, 2013",57001,80
8,1027,"Thursday, August 1, 2013",24701,81
8,1027,"Thursday, August 1, 2013",42223,62
8,1027,"Thursday, August 1, 2013",56,73
8,1027,"Thursday, August 1, 2013",7001,89
8,1027,"Thursday, August 1, 2013",41,75
8,1027,"Thursday, August 1, 2013",72,87
8,1027,"Thursday, August 1, 2013",6001,82
8,1027,"Thursday, August 1, 2013",14,62
8,1027,"Thursday, August 1, 2013",53001,89
8,1027,"Thursday, August 1, 2013",58001,71
8,1027,"Thursday, August 1, 2013",43001,74
8,1027,"Thursday, August 1, 2013",63005,85
8,1027,"Thursday, August 1, 2013",501,73
8,1027,"Thursday, August 1, 2013",84,85
8,1027,"Thursday, August 1, 2013",82001,90
8,1027,"Thursday, August 1, 2013",43001,85
24,1027,"Monday, December 1, 2014",6001,70
24,1027,"Monday, December 1, 2014",68001,75
24,1027,"Monday, December 1, 2014",42223,73
24,1027,"Monday, December 1, 2014",27,66
24,1027,"Monday, December 1, 2014",6001,66
24,1027,"Monday, December 1, 2014",41,64
24,1027,"Monday, December 1, 2014",7001,72
24,1027,"Monday, December 1, 2014",58001,72
24,1027,"Monday, December 1, 2014",24701,73
24,1027,"Monday, December 1, 2014",46001,81
24,1027,"Monday, December 1, 2014",158,88
24,1027,"Monday, December 1, 2014",84,83
24,1027,"Monday, December 1, 2014",53001,79
24,1027,"Monday, December 1, 2014",84,76
24,1027,"Monday, December 1, 2014",66002,61
24,1027,"Monday, December 1, 2014",46001,83
24,1027,"Monday, December 1, 2014",40003,90
24,1027,"Monday, December 1, 2014",116,82
24,1027,"Monday, December 1, 2014",39813,76
24,1027,"Monday, December 1, 2014",24701,73
24,1027,"Monday, December 1, 2014",116,62
24,1027,"Monday, December 1, 2014",50001,65
24,1027,"Monday, December 1, 2014",1,75
24,1027,"Monday, December 1, 2014",27,83
24,1027,"Monday, December 1, 2014",158,78
24,1027,"Monday, December 1, 2014",1,77
24,1027,"Monday, December 1, 2014",14,85
24,1027,"Monday, December 1, 2014",7001,88
24,1027,"Monday, December 1, 2014",6001,75
24,1027,"Monday, December 1, 2014",29001,80
24,1027,"Monday, December 1, 2014",68,87
24,1027,"Monday, December 1, 2014",58001,61
24,1027,"Monday, December 1, 2014",5101,65
24,1027,"Monday, December 1, 2014",64,86
24,1027,"Monday, December 1, 2014",42223,77
24,1027,"Monday, December 1, 2014",19701,60
24,1027,"Monday, December 1, 2014",71,77
24,1027,"Monday, December 1, 2014",3033,75
24,1027,"Monday, December 1, 2014",88901,75
24,1027,"Monday, December 1, 2014",57001,70
24,1027,"Monday, December 1, 2014",20001,90
24,1027,"Monday, December 1, 2014",20001,84
24,1027,"Monday, December 1, 2014",56,76
24,1027,"Monday, December 1, 2014",88901,63
24,1027,"Monday, December 1, 2014",68001,74
24,1027,"Monday, December 1, 2014",116,85
24,1027,"Monday, December 1, 2014",67,80
24,1027,"Monday, December 1, 2014",15937,88
24,1027,"Monday, December 1, 2014",72,73
24,1027,"Monday, December 1, 2014",53001,81
24,1027,"Monday, December 1, 2014",12,66
24,1027,"Monday, December 1, 2014",158,75
24,1027,"Monday, December 1, 2014",59,66
24,1027,"Monday, December 1, 2014",57001,75
24,1027,"Monday, December 1, 2014",46001,71
24,1027,"Monday, December 1, 2014",38848,63
24,1027,"Monday, December 1, 2014",24701,68
24,1027,"Monday, December 1, 2014",188,74
24,1027,"Monday, December 1, 2014",1,74
24,1027,"Monday, December 1, 2014",42223,77
24,1027,"Monday, December 1, 2014",6001,77
24,1027,"Monday, December 1, 2014",53001,83
24,1027,"Monday, December 1, 2014",39813,84
24,1027,"Monday, December 1, 2014",14,68
24,1027,"Monday, December 1, 2014",84,77
24,1027,"Monday, December 1, 2014",188,87
24,1027,"Monday, December 1, 2014",29001,64
24,1027,"Monday, December 1, 2014",24701,87
24,1027,"Monday, December 1, 2014",6001,68
24,1027,"Monday, December 1, 2014",188,82
24,1027,"Monday, December 1, 2014",116,87
24,1027,"Monday, December 1, 2014",84,90
24,1027,"Monday, December 1, 2014",67,87
24,1027,"Monday, December 1, 2014",58001,82
24,1027,"Monday, December 1, 2014",56,76
24,1027,"Monday, December 1, 2014",64,86
24,1027,"Monday, December 1, 2014",188,75
24,1027,"Monday, December 1, 2014",27,77
24,1027,"Monday, December 1, 2014",58001,79
24,1027,"Monday, December 1, 2014",14,83
24,1027,"Monday, December 1, 2014",59,64
24,1027,"Monday, December 1, 2014",41,65
24,1027,"Monday, December 1, 2014",50001,75
24,1027,"Monday, December 1, 2014",84,64
24,1027,"Monday, December 1, 2014",158,66
24,1027,"Monday, December 1, 2014",19701,84
24,1027,"Monday, December 1, 2014",82001,74
24,1027,"Monday, December 1, 2014",71601,67
24,1027,"Monday, December 1, 2014",1,76
24,1027,"Monday, December 1, 2014",501,87
24,1027,"Monday, December 1, 2014",71601,67
18,1027,"Sunday, June 1, 2014",27,83
18,1027,"Sunday, June 1, 2014",56,87
18,1027,"Sunday, June 1, 2014",71601,74
18,1027,"Sunday, June 1, 2014",1,79
18,1027,"Sunday, June 1, 2014",84,67
18,1027,"Sunday, June 1, 2014",57001,62
18,1027,"Sunday, June 1, 2014",59,85
18,1027,"Sunday, June 1, 2014",19701,66
18,1027,"Sunday, June 1, 2014",63,90
18,1027,"Sunday, June 1, 2014",20041,80
18,1027,"Sunday, June 1, 2014",71601,73
18,1027,"Sunday, June 1, 2014",2801,61
18,1027,"Sunday, June 1, 2014",64,60
18,1027,"Sunday, June 1, 2014",57001,62
18,1027,"Sunday, June 1, 2014",71,73
18,1027,"Sunday, June 1, 2014",62356,69
18,1027,"Sunday, June 1, 2014",48001,81
18,1027,"Sunday, June 1, 2014",67,67
18,1027,"Sunday, June 1, 2014",62356,77
18,1027,"Sunday, June 1, 2014",68001,70
18,1027,"Sunday, June 1, 2014",62356,82
18,1027,"Sunday, June 1, 2014",57001,90
18,1027,"Sunday, June 1, 2014",35004,76
18,1027,"Sunday, June 1, 2014",20058,81
18,1027,"Sunday, June 1, 2014",58001,83
18,1027,"Sunday, June 1, 2014",50001,67
18,1027,"Sunday, June 1, 2014",40003,71
18,1027,"Sunday, June 1, 2014",48001,81
18,1027,"Sunday, June 1, 2014",46001,85
18,1027,"Sunday, June 1, 2014",501,73
18,1027,"Sunday, June 1, 2014",68001,85
18,1027,"Sunday, June 1, 2014",27,84
18,1027,"Sunday, June 1, 2014",82001,84
18,1027,"Sunday, June 1, 2014",5101,72
18,1027,"Sunday, June 1, 2014",62356,84
18,1027,"Sunday, June 1, 2014",46001,71
18,1027,"Sunday, June 1, 2014",19701,66
18,1027,"Sunday, June 1, 2014",66002,79
18,1027,"Sunday, June 1, 2014",20058,75
18,1027,"Sunday, June 1, 2014",6001,74
18,1027,"Sunday, June 1, 2014",50001,78
18,1027,"Sunday, June 1, 2014",116,60
18,1027,"Sunday, June 1, 2014",42223,68
18,1027,"Sunday, June 1, 2014",1,68
18,1027,"Sunday, June 1, 2014",1,79
18,1027,"Sunday, June 1, 2014",41,79
18,1027,"Sunday, June 1, 2014",56,81
18,1027,"Sunday, June 1, 2014",84,62
18,1027,"Sunday, June 1, 2014",27,80
18,1027,"Sunday, June 1, 2014",158,72
18,1027,"Sunday, June 1, 2014",20001,74
18,1027,"Sunday, June 1, 2014",19701,60
18,1027,"Sunday, June 1, 2014",42223,61
18,1027,"Sunday, June 1, 2014",35004,82
18,1027,"Sunday, June 1, 2014",15937,73
18,1027,"Sunday, June 1, 2014",66002,75
18,1027,"Sunday, June 1, 2014",116,60
18,1027,"Sunday, June 1, 2014",53001,79
18,1027,"Sunday, June 1, 2014",14,65
18,1027,"Sunday, June 1, 2014",12,73
18,1027,"Sunday, June 1, 2014",71,88
18,1027,"Sunday, June 1, 2014",158,77
18,1027,"Sunday, June 1, 2014",56,60
18,1027,"Sunday, June 1, 2014",63,63
18,1027,"Sunday, June 1, 2014",82001,87
18,1027,"Sunday, June 1, 2014",41,64
18,1027,"Sunday, June 1, 2014",38848,75
18,1027,"Sunday, June 1, 2014",72,62
18,1027,"Sunday, June 1, 2014",66002,85
18,1027,"Sunday, June 1, 2014",19701,63
18,1027,"Sunday, June 1, 2014",2801,72
18,1027,"Sunday, June 1, 2014",42223,67
18,1027,"Sunday, June 1, 2014",27,61
18,1027,"Sunday, June 1, 2014",501,89
18,1027,"Sunday, June 1, 2014",58001,70
18,1027,"Sunday, June 1, 2014",24701,89
18,1027,"Sunday, June 1, 2014",66002,86
18,1027,"Sunday, June 1, 2014",84,69
18,1027,"Sunday, June 1, 2014",53001,89
18,1027,"Sunday, June 1, 2014",56,75
18,1027,"Sunday, June 1, 2014",59,73
18,1027,"Sunday, June 1, 2014",24701,70
18,1027,"Sunday, June 1, 2014",20058,87
18,1027,"Sunday, June 1, 2014",5101,80
18,1027,"Sunday, June 1, 2014",5101,66
18,1027,"Sunday, June 1, 2014",20058,75
18,1027,"Sunday, June 1, 2014",53001,65
18,1027,"Sunday, June 1, 2014",67,63
18,1027,"Sunday, June 1, 2014",42223,66
14,1027,"Saturday, February 1, 2014",84,69
14,1027,"Saturday, February 1, 2014",71601,61
14,1027,"Saturday, February 1, 2014",53001,73
14,1027,"Saturday, February 1, 2014",19701,70
14,1027,"Saturday, February 1, 2014",29001,85
14,1027,"Saturday, February 1, 2014",7001,65
14,1027,"Saturday, February 1, 2014",42223,85
14,1027,"Saturday, February 1, 2014",84,69
14,1027,"Saturday, February 1, 2014",64,77
14,1027,"Saturday, February 1, 2014",68001,86
14,1027,"Saturday, February 1, 2014",1,87
14,1027,"Saturday, February 1, 2014",41,71
14,1027,"Saturday, February 1, 2014",67,63
14,1027,"Saturday, February 1, 2014",2801,87
14,1027,"Saturday, February 1, 2014",58001,64
14,1027,"Saturday, February 1, 2014",20041,86
14,1027,"Saturday, February 1, 2014",12,63
14,1027,"Saturday, February 1, 2014",63,67
14,1027,"Saturday, February 1, 2014",39813,82
14,1027,"Saturday, February 1, 2014",20001,82
14,1027,"Saturday, February 1, 2014",116,62
14,1027,"Saturday, February 1, 2014",72,65
14,1027,"Saturday, February 1, 2014",29001,81
14,1027,"Saturday, February 1, 2014",7001,79
14,1027,"Saturday, February 1, 2014",63005,84
14,1027,"Saturday, February 1, 2014",5101,87
14,1027,"Saturday, February 1, 2014",116,88
14,1027,"Saturday, February 1, 2014",58001,75
14,1027,"Saturday, February 1, 2014",24701,76
14,1027,"Saturday, February 1, 2014",12,88
14,1027,"Saturday, February 1, 2014",5101,87
14,1027,"Saturday, February 1, 2014",46001,70
14,1027,"Saturday, February 1, 2014",29001,89
14,1027,"Saturday, February 1, 2014",14,74
14,1027,"Saturday, February 1, 2014",58001,82
14,1027,"Saturday, February 1, 2014",1,65
14,1027,"Saturday, February 1, 2014",2801,73
14,1027,"Saturday, February 1, 2014",3033,73
14,1027,"Saturday, February 1, 2014",1,73
14,1027,"Saturday, February 1, 2014",72,90
14,1027,"Saturday, February 1, 2014",57001,69
14,1027,"Saturday, February 1, 2014",82001,89
14,1027,"Saturday, February 1, 2014",158,90
14,1027,"Saturday, February 1, 2014",84,90
14,1027,"Saturday, February 1, 2014",72,72
14,1027,"Saturday, February 1, 2014",84,69
14,1027,"Saturday, February 1, 2014",88901,62
14,1027,"Saturday, February 1, 2014",84,64
14,1027,"Saturday, February 1, 2014",72,79
14,1027,"Saturday, February 1, 2014",188,70
14,1027,"Saturday, February 1, 2014",42223,60
14,1027,"Saturday, February 1, 2014",3033,76
14,1027,"Saturday, February 1, 2014",27,68
14,1027,"Saturday, February 1, 2014",20058,87
14,1027,"Saturday, February 1, 2014",40003,85
14,1027,"Saturday, February 1, 2014",71,75
14,1027,"Saturday, February 1, 2014",29001,88
14,1027,"Saturday, February 1, 2014",42223,77
14,1027,"Saturday, February 1, 2014",63,85
14,1027,"Saturday, February 1, 2014",41,60
14,1027,"Saturday, February 1, 2014",53001,60
14,1027,"Saturday, February 1, 2014",66002,72
14,1027,"Saturday, February 1, 2014",39813,78
14,1027,"Saturday, February 1, 2014",14,79
14,1027,"Saturday, February 1, 2014",14,90
14,1027,"Saturday, February 1, 2014",27,75
14,1027,"Saturday, February 1, 2014",66002,67
14,1027,"Saturday, February 1, 2014",19701,84
14,1027,"Saturday, February 1, 2014",20058,66
14,1027,"Saturday, February 1, 2014",2801,74
14,1027,"Saturday, February 1, 2014",15937,82
14,1027,"Saturday, February 1, 2014",66002,63
14,1027,"Saturday, February 1, 2014",46001,68
14,1027,"Saturday, February 1, 2014",158,72
14,1027,"Saturday, February 1, 2014",67,85
14,1027,"Saturday, February 1, 2014",67,88
14,1027,"Saturday, February 1, 2014",12,76
14,1027,"Saturday, February 1, 2014",2801,76
14,1027,"Saturday, February 1, 2014",68001,77
14,1027,"Saturday, February 1, 2014",62356,86
14,1027,"Saturday, February 1, 2014",7001,82
14,1027,"Saturday, February 1, 2014",68,90
14,1027,"Saturday, February 1, 2014",63,78
14,1027,"Saturday, February 1, 2014",39813,64
14,1027,"Saturday, February 1, 2014",40003,68
14,1027,"Saturday, February 1, 2014",57001,85
14,1027,"Saturday, February 1, 2014",63,74
14,1027,"Saturday, February 1, 2014",48001,76
14,1027,"Saturday, February 1, 2014",39813,81
13,1027,"Wednesday, January 1, 2014",35004,89
13,1027,"Wednesday, January 1, 2014",5101,86
13,1027,"Wednesday, January 1, 2014",501,60
13,1027,"Wednesday, January 1, 2014",3033,90
13,1027,"Wednesday, January 1, 2014",501,80
13,1027,"Wednesday, January 1, 2014",38848,88
13,1027,"Wednesday, January 1, 2014",63,81
13,1027,"Wednesday, January 1, 2014",20058,72
13,1027,"Wednesday, January 1, 2014",19701,73
13,1027,"Wednesday, January 1, 2014",72,60
13,1027,"Wednesday, January 1, 2014",3033,62
13,1027,"Wednesday, January 1, 2014",59,70
13,1027,"Wednesday, January 1, 2014",66002,80
13,1027,"Wednesday, January 1, 2014",66002,69
13,1027,"Wednesday, January 1, 2014",188,62
13,1027,"Wednesday, January 1, 2014",42223,62
13,1027,"Wednesday, January 1, 2014",84,60
13,1027,"Wednesday, January 1, 2014",6001,88
13,1027,"Wednesday, January 1, 2014",15937,72
13,1027,"Wednesday, January 1, 2014",46001,84
13,1027,"Wednesday, January 1, 2014",19701,88
13,1027,"Wednesday, January 1, 2014",67,82
13,1027,"Wednesday, January 1, 2014",63005,64
13,1027,"Wednesday, January 1, 2014",19701,78
13,1027,"Wednesday, January 1, 2014",62356,68
13,1027,"Wednesday, January 1, 2014",66002,71
13,1027,"Wednesday, January 1, 2014",46001,66
13,1027,"Wednesday, January 1, 2014",41,73
13,1027,"Wednesday, January 1, 2014",67,84
13,1027,"Wednesday, January 1, 2014",56,67
13,1027,"Wednesday, January 1, 2014",19701,63
13,1027,"Wednesday, January 1, 2014",6001,70
13,1027,"Wednesday, January 1, 2014",40003,65
13,1027,"Wednesday, January 1, 2014",63005,71
13,1027,"Wednesday, January 1, 2014",67,71
13,1027,"Wednesday, January 1, 2014",68,66
13,1027,"Wednesday, January 1, 2014",72,79
13,1027,"Wednesday, January 1, 2014",56,72
13,1027,"Wednesday, January 1, 2014",71,88
13,1027,"Wednesday, January 1, 2014",501,77
13,1027,"Wednesday, January 1, 2014",67,70
13,1027,"Wednesday, January 1, 2014",501,68
13,1027,"Wednesday, January 1, 2014",5101,79
13,1027,"Wednesday, January 1, 2014",59,73
13,1027,"Wednesday, January 1, 2014",66002,64
13,1027,"Wednesday, January 1, 2014",66002,79
13,1027,"Wednesday, January 1, 2014",12,89
13,1027,"Wednesday, January 1, 2014",67,61
13,1027,"Wednesday, January 1, 2014",15937,74
13,1027,"Wednesday, January 1, 2014",48001,60
13,1027,"Wednesday, January 1, 2014",84,76
13,1027,"Wednesday, January 1, 2014",20001,83
13,1027,"Wednesday, January 1, 2014",20001,72
13,1027,"Wednesday, January 1, 2014",20041,87
13,1027,"Wednesday, January 1, 2014",57001,60
13,1027,"Wednesday, January 1, 2014",84,73
13,1027,"Wednesday, January 1, 2014",41,63
13,1027,"Wednesday, January 1, 2014",43001,90
13,1027,"Wednesday, January 1, 2014",48001,75
13,1027,"Wednesday, January 1, 2014",62356,85
13,1027,"Wednesday, January 1, 2014",67,75
13,1027,"Wednesday, January 1, 2014",3033,60
13,1027,"Wednesday, January 1, 2014",62356,74
13,1027,"Wednesday, January 1, 2014",29001,77
13,1027,"Wednesday, January 1, 2014",43001,69
13,1027,"Wednesday, January 1, 2014",72,63
13,1027,"Wednesday, January 1, 2014",27,85
13,1027,"Wednesday, January 1, 2014",67,76
13,1027,"Wednesday, January 1, 2014",63,72
13,1027,"Wednesday, January 1, 2014",57001,81
13,1027,"Wednesday, January 1, 2014",63005,88
13,1027,"Wednesday, January 1, 2014",57001,77
13,1027,"Wednesday, January 1, 2014",20041,65
13,1027,"Wednesday, January 1, 2014",2801,62
13,1027,"Wednesday, January 1, 2014",43001,90
13,1027,"Wednesday, January 1, 2014",3033,88
13,1027,"Wednesday, January 1, 2014",12,87
13,1027,"Wednesday, January 1, 2014",12,68
13,1027,"Wednesday, January 1, 2014",27,62
13,1027,"Wednesday, January 1, 2014",27,71
13,1027,"Wednesday, January 1, 2014",188,70
13,1027,"Wednesday, January 1, 2014",72,64
13,1027,"Wednesday, January 1, 2014",67,71
13,1027,"Wednesday, January 1, 2014",20058,88
13,1027,"Wednesday, January 1, 2014",42223,73
13,1027,"Wednesday, January 1, 2014",12,82
13,1027,"Wednesday, January 1, 2014",67,86
13,1027,"Wednesday, January 1, 2014",3033,75
13,1027,"Wednesday, January 1, 2014",42223,72
11,1027,"Friday, November 1, 2013",35004,60
11,1027,"Friday, November 1, 2013",82001,60
11,1027,"Friday, November 1, 2013",158,81
11,1027,"Friday, November 1, 2013",82001,79
11,1027,"Friday, November 1, 2013",1,86
11,1027,"Friday, November 1, 2013",35004,75
11,1027,"Friday, November 1, 2013",14,68
11,1027,"Friday, November 1, 2013",57001,70
11,1027,"Friday, November 1, 2013",57001,80
11,1027,"Friday, November 1, 2013",42223,64
11,1027,"Friday, November 1, 2013",20041,78
11,1027,"Friday, November 1, 2013",12,64
11,1027,"Friday, November 1, 2013",24701,69
11,1027,"Friday, November 1, 2013",64,69
11,1027,"Friday, November 1, 2013",35004,68
11,1027,"Friday, November 1, 2013",188,77
11,1027,"Friday, November 1, 2013",14,77
11,1027,"Friday, November 1, 2013",20058,61
11,1027,"Friday, November 1, 2013",19701,61
11,1027,"Friday, November 1, 2013",38848,78
11,1027,"Friday, November 1, 2013",15937,77
11,1027,"Friday, November 1, 2013",48001,75
11,1027,"Friday, November 1, 2013",59,69
11,1027,"Friday, November 1, 2013",58001,72
11,1027,"Friday, November 1, 2013",501,82
11,1027,"Friday, November 1, 2013",20001,90
11,1027,"Friday, November 1, 2013",68,74
11,1027,"Friday, November 1, 2013",38848,78
11,1027,"Friday, November 1, 2013",72,63
11,1027,"Friday, November 1, 2013",43001,75
11,1027,"Friday, November 1, 2013",20058,85
11,1027,"Friday, November 1, 2013",7001,80
11,1027,"Friday, November 1, 2013",67,79
11,1027,"Friday, November 1, 2013",42223,86
11,1027,"Friday, November 1, 2013",3033,70
11,1027,"Friday, November 1, 2013",72,80
11,1027,"Friday, November 1, 2013",40003,66
11,1027,"Friday, November 1, 2013",43001,77
11,1027,"Friday, November 1, 2013",35004,60
11,1027,"Friday, November 1, 2013",68,73
11,1027,"Friday, November 1, 2013",20058,80
11,1027,"Friday, November 1, 2013",58001,89
11,1027,"Friday, November 1, 2013",46001,74
11,1027,"Friday, November 1, 2013",71601,68
11,1027,"Friday, November 1, 2013",53001,84
11,1027,"Friday, November 1, 2013",6001,88
11,1027,"Friday, November 1, 2013",5101,62
11,1027,"Friday, November 1, 2013",71601,66
11,1027,"Friday, November 1, 2013",50001,84
11,1027,"Friday, November 1, 2013",66002,72
11,1027,"Friday, November 1, 2013",66002,90
11,1027,"Friday, November 1, 2013",41,89
11,1027,"Friday, November 1, 2013",5101,69
11,1027,"Friday, November 1, 2013",158,67
11,1027,"Friday, November 1, 2013",19701,83
11,1027,"Friday, November 1, 2013",66002,67
11,1027,"Friday, November 1, 2013",188,61
11,1027,"Friday, November 1, 2013",40003,66
11,1027,"Friday, November 1, 2013",42223,78
11,1027,"Friday, November 1, 2013",20058,66
11,1027,"Friday, November 1, 2013",48001,79
11,1027,"Friday, November 1, 2013",27,80
11,1027,"Friday, November 1, 2013",20001,68
11,1027,"Friday, November 1, 2013",67,70
11,1027,"Friday, November 1, 2013",116,85
11,1027,"Friday, November 1, 2013",14,79
11,1027,"Friday, November 1, 2013",84,76
11,1027,"Friday, November 1, 2013",46001,66
11,1027,"Friday, November 1, 2013",20058,60
11,1027,"Friday, November 1, 2013",88901,66
11,1027,"Friday, November 1, 2013",63005,71
11,1027,"Friday, November 1, 2013",3033,89
11,1027,"Friday, November 1, 2013",63,64
11,1027,"Friday, November 1, 2013",43001,78
11,1027,"Friday, November 1, 2013",64,72
11,1027,"Friday, November 1, 2013",39813,82
11,1027,"Friday, November 1, 2013",116,90
11,1027,"Friday, November 1, 2013",14,84
11,1027,"Friday, November 1, 2013",53001,77
11,1027,"Friday, November 1, 2013",71,77
11,1027,"Friday, November 1, 2013",7001,86
11,1027,"Friday, November 1, 2013",66002,60
11,1027,"Friday, November 1, 2013",2801,73
11,1027,"Friday, November 1, 2013",62356,80
11,1027,"Friday, November 1, 2013",1,82
11,1027,"Friday, November 1, 2013",63,73
11,1027,"Friday, November 1, 2013",7001,60
11,1027,"Friday, November 1, 2013",501,63
11,1027,"Friday, November 1, 2013",63005,65
23,1027,"Saturday, November 1, 2014",39813,71
23,1027,"Saturday, November 1, 2014",88901,67
23,1027,"Saturday, November 1, 2014",3033,74
23,1027,"Saturday, November 1, 2014",116,80
23,1027,"Saturday, November 1, 2014",41,75
23,1027,"Saturday, November 1, 2014",88901,69
23,1027,"Saturday, November 1, 2014",158,90
23,1027,"Saturday, November 1, 2014",82001,76
23,1027,"Saturday, November 1, 2014",6001,75
23,1027,"Saturday, November 1, 2014",20058,61
23,1027,"Saturday, November 1, 2014",88901,82
23,1027,"Saturday, November 1, 2014",116,70
23,1027,"Saturday, November 1, 2014",41,78
23,1027,"Saturday, November 1, 2014",5101,87
23,1027,"Saturday, November 1, 2014",158,62
23,1027,"Saturday, November 1, 2014",46001,61
23,1027,"Saturday, November 1, 2014",15937,70
23,1027,"Saturday, November 1, 2014",63005,73
23,1027,"Saturday, November 1, 2014",2801,80
23,1027,"Saturday, November 1, 2014",40003,81
23,1027,"Saturday, November 1, 2014",501,87
23,1027,"Saturday, November 1, 2014",3033,67
23,1027,"Saturday, November 1, 2014",88901,87
23,1027,"Saturday, November 1, 2014",46001,79
23,1027,"Saturday, November 1, 2014",3033,76
23,1027,"Saturday, November 1, 2014",12,71
23,1027,"Saturday, November 1, 2014",84,73
23,1027,"Saturday, November 1, 2014",158,75
23,1027,"Saturday, November 1, 2014",1,74
23,1027,"Saturday, November 1, 2014",56,68
23,1027,"Saturday, November 1, 2014",41,79
23,1027,"Saturday, November 1, 2014",38848,66
23,1027,"Saturday, November 1, 2014",41,75
23,1027,"Saturday, November 1, 2014",59,61
23,1027,"Saturday, November 1, 2014",20041,69
23,1027,"Saturday, November 1, 2014",6001,82
23,1027,"Saturday, November 1, 2014",20058,77
23,1027,"Saturday, November 1, 2014",1,69
23,1027,"Saturday, November 1, 2014",40003,73
23,1027,"Saturday, November 1, 2014",68001,63
23,1027,"Saturday, November 1, 2014",39813,77
23,1027,"Saturday, November 1, 2014",48001,74
23,1027,"Saturday, November 1, 2014",41,83
23,1027,"Saturday, November 1, 2014",59,84
23,1027,"Saturday, November 1, 2014",27,74
23,1027,"Saturday, November 1, 2014",29001,82
23,1027,"Saturday, November 1, 2014",5101,81
23,1027,"Saturday, November 1, 2014",6001,81
23,1027,"Saturday, November 1, 2014",68001,63
23,1027,"Saturday, November 1, 2014",35004,74
23,1027,"Saturday, November 1, 2014",29001,67
23,1027,"Saturday, November 1, 2014",50001,79
23,1027,"Saturday, November 1, 2014",53001,77
23,1027,"Saturday, November 1, 2014",59,66
23,1027,"Saturday, November 1, 2014",5101,85
23,1027,"Saturday, November 1, 2014",158,64
23,1027,"Saturday, November 1, 2014",501,88
23,1027,"Saturday, November 1, 2014",63005,74
23,1027,"Saturday, November 1, 2014",6001,79
23,1027,"Saturday, November 1, 2014",12,77
23,1027,"Saturday, November 1, 2014",64,72
23,1027,"Saturday, November 1, 2014",84,69
23,1027,"Saturday, November 1, 2014",66002,86
23,1027,"Saturday, November 1, 2014",12,63
23,1027,"Saturday, November 1, 2014",39813,75
23,1027,"Saturday, November 1, 2014",53001,61
23,1027,"Saturday, November 1, 2014",48001,79
23,1027,"Saturday, November 1, 2014",116,81
23,1027,"Saturday, November 1, 2014",3033,82
23,1027,"Saturday, November 1, 2014",116,88
23,1027,"Saturday, November 1, 2014",48001,84
23,1027,"Saturday, November 1, 2014",43001,65
23,1027,"Saturday, November 1, 2014",12,84
23,1027,"Saturday, November 1, 2014",63005,85
23,1027,"Saturday, November 1, 2014",6001,62
23,1027,"Saturday, November 1, 2014",1,73
23,1027,"Saturday, November 1, 2014",59,67
23,1027,"Saturday, November 1, 2014",62356,83
23,1027,"Saturday, November 1, 2014",1,76
23,1027,"Saturday, November 1, 2014",63,82
23,1027,"Saturday, November 1, 2014",15937,74
23,1027,"Saturday, November 1, 2014",158,72
23,1027,"Saturday, November 1, 2014",188,82
23,1027,"Saturday, November 1, 2014",1,66
23,1027,"Saturday, November 1, 2014",29001,86
23,1027,"Saturday, November 1, 2014",20001,89
15,1027,"Saturday, March 1, 2014",158,71
15,1027,"Saturday, March 1, 2014",7001,60
15,1027,"Saturday, March 1, 2014",58001,76
15,1027,"Saturday, March 1, 2014",82001,86
15,1027,"Saturday, March 1, 2014",82001,69
15,1027,"Saturday, March 1, 2014",58001,83
15,1027,"Saturday, March 1, 2014",84,88
15,1027,"Saturday, March 1, 2014",84,66
15,1027,"Saturday, March 1, 2014",88901,68
15,1027,"Saturday, March 1, 2014",15937,65
15,1027,"Saturday, March 1, 2014",19701,90
15,1027,"Saturday, March 1, 2014",188,77
15,1027,"Saturday, March 1, 2014",20058,90
15,1027,"Saturday, March 1, 2014",71601,70
15,1027,"Saturday, March 1, 2014",7001,64
15,1027,"Saturday, March 1, 2014",35004,84
15,1027,"Saturday, March 1, 2014",2801,89
15,1027,"Saturday, March 1, 2014",82001,72
15,1027,"Saturday, March 1, 2014",2801,75
15,1027,"Saturday, March 1, 2014",66002,69
15,1027,"Saturday, March 1, 2014",82001,67
15,1027,"Saturday, March 1, 2014",20001,68
15,1027,"Saturday, March 1, 2014",59,87
15,1027,"Saturday, March 1, 2014",116,79
15,1027,"Saturday, March 1, 2014",38848,83
15,1027,"Saturday, March 1, 2014",1,77
15,1027,"Saturday, March 1, 2014",20041,80
15,1027,"Saturday, March 1, 2014",71601,74
15,1027,"Saturday, March 1, 2014",57001,88
15,1027,"Saturday, March 1, 2014",20041,86
15,1027,"Saturday, March 1, 2014",71,68
15,1027,"Saturday, March 1, 2014",20058,82
15,1027,"Saturday, March 1, 2014",46001,71
15,1027,"Saturday, March 1, 2014",62356,64
15,1027,"Saturday, March 1, 2014",71601,89
15,1027,"Saturday, March 1, 2014",56,69
15,1027,"Saturday, March 1, 2014",67,80
15,1027,"Saturday, March 1, 2014",3033,89
15,1027,"Saturday, March 1, 2014",43001,88
15,1027,"Saturday, March 1, 2014",39813,64
15,1027,"Saturday, March 1, 2014",7001,71
15,1027,"Saturday, March 1, 2014",35004,62
15,1027,"Saturday, March 1, 2014",63005,71
15,1027,"Saturday, March 1, 2014",14,85
15,1027,"Saturday, March 1, 2014",68,87
15,1027,"Saturday, March 1, 2014",68,78
15,1027,"Saturday, March 1, 2014",42223,88
15,1027,"Saturday, March 1, 2014",88901,63
15,1027,"Saturday, March 1, 2014",35004,60
15,1027,"Saturday, March 1, 2014",1,74
15,1027,"Saturday, March 1, 2014",84,79
15,1027,"Saturday, March 1, 2014",7001,84
15,1027,"Saturday, March 1, 2014",29001,84
15,1027,"Saturday, March 1, 2014",63005,71
15,1027,"Saturday, March 1, 2014",43001,68
15,1027,"Saturday, March 1, 2014",188,76
15,1027,"Saturday, March 1, 2014",62356,82
15,1027,"Saturday, March 1, 2014",62356,68
15,1027,"Saturday, March 1, 2014",63005,84
15,1027,"Saturday, March 1, 2014",24701,70
15,1027,"Saturday, March 1, 2014",20058,83
15,1027,"Saturday, March 1, 2014",67,64
15,1027,"Saturday, March 1, 2014",1,67
15,1027,"Saturday, March 1, 2014",38848,68
15,1027,"Saturday, March 1, 2014",5101,88
15,1027,"Saturday, March 1, 2014",72,88
15,1027,"Saturday, March 1, 2014",29001,82
15,1027,"Saturday, March 1, 2014",82001,80
15,1027,"Saturday, March 1, 2014",3033,62
15,1027,"Saturday, March 1, 2014",38848,74
15,1027,"Saturday, March 1, 2014",71,65
15,1027,"Saturday, March 1, 2014",71601,73
15,1027,"Saturday, March 1, 2014",29001,70
15,1027,"Saturday, March 1, 2014",63,79
15,1027,"Saturday, March 1, 2014",24701,89
15,1027,"Saturday, March 1, 2014",56,60
15,1027,"Saturday, March 1, 2014",64,61
15,1027,"Saturday, March 1, 2014",72,85
15,1027,"Saturday, March 1, 2014",2801,77
15,1027,"Saturday, March 1, 2014",46001,90
15,1027,"Saturday, March 1, 2014",63,76
15,1027,"Saturday, March 1, 2014",6001,65
15,1027,"Saturday, March 1, 2014",19701,63
15,1027,"Saturday, March 1, 2014",71601,63
15,1027,"Saturday, March 1, 2014",46001,89
15,1027,"Saturday, March 1, 2014",63,83
12,1027,"Sunday, December 1, 2013",63,61
12,1027,"Sunday, December 1, 2013",40003,89
12,1027,"Sunday, December 1, 2013",19701,85
12,1027,"Sunday, December 1, 2013",24701,84
12,1027,"Sunday, December 1, 2013",14,67
12,1027,"Sunday, December 1, 2013",50001,69
12,1027,"Sunday, December 1, 2013",50001,89
12,1027,"Sunday, December 1, 2013",68001,60
12,1027,"Sunday, December 1, 2013",71601,73
12,1027,"Sunday, December 1, 2013",88901,72
12,1027,"Sunday, December 1, 2013",20001,61
12,1027,"Sunday, December 1, 2013",57001,69
12,1027,"Sunday, December 1, 2013",38848,77
12,1027,"Sunday, December 1, 2013",66002,86
12,1027,"Sunday, December 1, 2013",62356,84
12,1027,"Sunday, December 1, 2013",71601,90
12,1027,"Sunday, December 1, 2013",40003,76
12,1027,"Sunday, December 1, 2013",66002,71
12,1027,"Sunday, December 1, 2013",12,88
12,1027,"Sunday, December 1, 2013",1,66
12,1027,"Sunday, December 1, 2013",501,76
12,1027,"Sunday, December 1, 2013",59,87
12,1027,"Sunday, December 1, 2013",29001,79
12,1027,"Sunday, December 1, 2013",5101,87
12,1027,"Sunday, December 1, 2013",5101,62
12,1027,"Sunday, December 1, 2013",15937,83
12,1027,"Sunday, December 1, 2013",1,74
12,1027,"Sunday, December 1, 2013",66002,81
12,1027,"Sunday, December 1, 2013",46001,71
12,1027,"Sunday, December 1, 2013",42223,88
12,1027,"Sunday, December 1, 2013",71,83
12,1027,"Sunday, December 1, 2013",19701,68
12,1027,"Sunday, December 1, 2013",84,88
12,1027,"Sunday, December 1, 2013",2801,60
12,1027,"Sunday, December 1, 2013",501,83
12,1027,"Sunday, December 1, 2013",27,81
12,1027,"Sunday, December 1, 2013",20041,68
12,1027,"Sunday, December 1, 2013",42223,72
12,1027,"Sunday, December 1, 2013",20058,77
12,1027,"Sunday, December 1, 2013",42223,85
12,1027,"Sunday, December 1, 2013",64,72
12,1027,"Sunday, December 1, 2013",88901,90
12,1027,"Sunday, December 1, 2013",48001,85
12,1027,"Sunday, December 1, 2013",66002,83
12,1027,"Sunday, December 1, 2013",20041,70
12,1027,"Sunday, December 1, 2013",116,87
12,1027,"Sunday, December 1, 2013",38848,61
12,1027,"Sunday, December 1, 2013",14,68
12,1027,"Sunday, December 1, 2013",7001,89
12,1027,"Sunday, December 1, 2013",72,81
12,1027,"Sunday, December 1, 2013",20058,70
12,1027,"Sunday, December 1, 2013",14,81
12,1027,"Sunday, December 1, 2013",84,71
12,1027,"Sunday, December 1, 2013",1,73
12,1027,"Sunday, December 1, 2013",57001,90
12,1027,"Sunday, December 1, 2013",24701,68
12,1027,"Sunday, December 1, 2013",56,81
12,1027,"Sunday, December 1, 2013",58001,69
12,1027,"Sunday, December 1, 2013",56,67
12,1027,"Sunday, December 1, 2013",501,68
12,1027,"Sunday, December 1, 2013",20001,87
12,1027,"Sunday, December 1, 2013",88901,71
12,1027,"Sunday, December 1, 2013",501,67
12,1027,"Sunday, December 1, 2013",14,77
12,1027,"Sunday, December 1, 2013",68001,68
12,1027,"Sunday, December 1, 2013",58001,90
12,1027,"Sunday, December 1, 2013",19701,67
12,1027,"Sunday, December 1, 2013",46001,73
12,1027,"Sunday, December 1, 2013",20001,63
12,1027,"Sunday, December 1, 2013",3033,72
12,1027,"Sunday, December 1, 2013",27,85
12,1027,"Sunday, December 1, 2013",6001,82
12,1027,"Sunday, December 1, 2013",14,76
12,1027,"Sunday, December 1, 2013",20041,73
12,1027,"Sunday, December 1, 2013",67,77
12,1027,"Sunday, December 1, 2013",27,70
12,1027,"Sunday, December 1, 2013",6001,84
12,1027,"Sunday, December 1, 2013",29001,61
12,1027,"Sunday, December 1, 2013",88901,76
12,1027,"Sunday, December 1, 2013",41,78
12,1027,"Sunday, December 1, 2013",158,86
12,1027,"Sunday, December 1, 2013",64,67
12,1027,"Sunday, December 1, 2013",38848,63
12,1027,"Sunday, December 1, 2013",71,65
12,1027,"Sunday, December 1, 2013",6001,82
12,1027,"Sunday, December 1, 2013",7001,78
16,1027,"Tuesday, April 1, 2014",48001,68
16,1027,"Tuesday, April 1, 2014",53001,83
16,1027,"Tuesday, April 1, 2014",38848,67
16,1027,"Tuesday, April 1, 2014",72,88
16,1027,"Tuesday, April 1, 2014",6001,62
16,1027,"Tuesday, April 1, 2014",24701,67
16,1027,"Tuesday, April 1, 2014",88901,69
16,1027,"Tuesday, April 1, 2014",20001,65
16,1027,"Tuesday, April 1, 2014",20041,82
16,1027,"Tuesday, April 1, 2014",71,77
16,1027,"Tuesday, April 1, 2014",116,88
16,1027,"Tuesday, April 1, 2014",27,69
16,1027,"Tuesday, April 1, 2014",15937,88
16,1027,"Tuesday, April 1, 2014",42223,86
16,1027,"Tuesday, April 1, 2014",63,80
16,1027,"Tuesday, April 1, 2014",41,73
16,1027,"Tuesday, April 1, 2014",14,74
16,1027,"Tuesday, April 1, 2014",2801,69
16,1027,"Tuesday, April 1, 2014",71,71
16,1027,"Tuesday, April 1, 2014",3033,85
16,1027,"Tuesday, April 1, 2014",50001,69
16,1027,"Tuesday, April 1, 2014",68001,82
16,1027,"Tuesday, April 1, 2014",42223,84
16,1027,"Tuesday, April 1, 2014",56,66
16,1027,"Tuesday, April 1, 2014",64,88
16,1027,"Tuesday, April 1, 2014",116,71
16,1027,"Tuesday, April 1, 2014",41,84
16,1027,"Tuesday, April 1, 2014",35004,89
16,1027,"Tuesday, April 1, 2014",71,87
16,1027,"Tuesday, April 1, 2014",71601,65
16,1027,"Tuesday, April 1, 2014",24701,64
16,1027,"Tuesday, April 1, 2014",43001,90
16,1027,"Tuesday, April 1, 2014",48001,73
16,1027,"Tuesday, April 1, 2014",72,75
16,1027,"Tuesday, April 1, 2014",20041,62
16,1027,"Tuesday, April 1, 2014",67,66
16,1027,"Tuesday, April 1, 2014",188,79
16,1027,"Tuesday, April 1, 2014",27,60
16,1027,"Tuesday, April 1, 2014",71601,69
16,1027,"Tuesday, April 1, 2014",3033,84
16,1027,"Tuesday, April 1, 2014",38848,73
16,1027,"Tuesday, April 1, 2014",2801,64
16,1027,"Tuesday, April 1, 2014",20001,79
16,1027,"Tuesday, April 1, 2014",6001,81
16,1027,"Tuesday, April 1, 2014",158,90
16,1027,"Tuesday, April 1, 2014",56,68
16,1027,"Tuesday, April 1, 2014",20058,69
16,1027,"Tuesday, April 1, 2014",6001,75
16,1027,"Tuesday, April 1, 2014",5101,85
16,1027,"Tuesday, April 1, 2014",71,86
16,1027,"Tuesday, April 1, 2014",84,79
16,1027,"Tuesday, April 1, 2014",84,78
16,1027,"Tuesday, April 1, 2014",38848,74
16,1027,"Tuesday, April 1, 2014",58001,69
16,1027,"Tuesday, April 1, 2014",63005,70
16,1027,"Tuesday, April 1, 2014",67,79
16,1027,"Tuesday, April 1, 2014",71,79
16,1027,"Tuesday, April 1, 2014",71,74
16,1027,"Tuesday, April 1, 2014",58001,88
16,1027,"Tuesday, April 1, 2014",82001,75
16,1027,"Tuesday, April 1, 2014",12,84
16,1027,"Tuesday, April 1, 2014",71601,69
16,1027,"Tuesday, April 1, 2014",63005,74
16,1027,"Tuesday, April 1, 2014",41,83
16,1027,"Tuesday, April 1, 2014",27,79
16,1027,"Tuesday, April 1, 2014",6001,85
16,1027,"Tuesday, April 1, 2014",57001,83
16,1027,"Tuesday, April 1, 2014",39813,67
16,1027,"Tuesday, April 1, 2014",1,78
16,1027,"Tuesday, April 1, 2014",1,73
16,1027,"Tuesday, April 1, 2014",38848,83
16,1027,"Tuesday, April 1, 2014",20041,88
16,1027,"Tuesday, April 1, 2014",63,64
16,1027,"Tuesday, April 1, 2014",72,85
16,1027,"Tuesday, April 1, 2014",35004,90
16,1027,"Tuesday, April 1, 2014",62356,81
16,1027,"Tuesday, April 1, 2014",158,79
16,1027,"Tuesday, April 1, 2014",27,67
16,1027,"Tuesday, April 1, 2014",501,68
16,1027,"Tuesday, April 1, 2014",72,67
16,1027,"Tuesday, April 1, 2014",158,87
16,1027,"Tuesday, April 1, 2014",38848,81
16,1027,"Tuesday, April 1, 2014",2801,87
22,1027,"Wednesday, October 1, 2014",29001,87
22,1027,"Wednesday, October 1, 2014",116,71
22,1027,"Wednesday, October 1, 2014",12,71
22,1027,"Wednesday, October 1, 2014",71601,60
22,1027,"Wednesday, October 1, 2014",67,77
22,1027,"Wednesday, October 1, 2014",42223,88
22,1027,"Wednesday, October 1, 2014",24701,63
22,1027,"Wednesday, October 1, 2014",19701,82
22,1027,"Wednesday, October 1, 2014",71601,64
22,1027,"Wednesday, October 1, 2014",501,60
22,1027,"Wednesday, October 1, 2014",188,87
22,1027,"Wednesday, October 1, 2014",40003,86
22,1027,"Wednesday, October 1, 2014",14,72
22,1027,"Wednesday, October 1, 2014",501,61
22,1027,"Wednesday, October 1, 2014",41,82
22,1027,"Wednesday, October 1, 2014",20001,80
22,1027,"Wednesday, October 1, 2014",29001,80
22,1027,"Wednesday, October 1, 2014",20058,64
22,1027,"Wednesday, October 1, 2014",82001,90
22,1027,"Wednesday, October 1, 2014",62356,90
22,1027,"Wednesday, October 1, 2014",501,82
22,1027,"Wednesday, October 1, 2014",84,68
22,1027,"Wednesday, October 1, 2014",40003,67
22,1027,"Wednesday, October 1, 2014",63005,76
22,1027,"Wednesday, October 1, 2014",6001,62
22,1027,"Wednesday, October 1, 2014",29001,85
22,1027,"Wednesday, October 1, 2014",62356,66
22,1027,"Wednesday, October 1, 2014",29001,88
22,1027,"Wednesday, October 1, 2014",43001,86
22,1027,"Wednesday, October 1, 2014",41,73
22,1027,"Wednesday, October 1, 2014",2801,85
22,1027,"Wednesday, October 1, 2014",116,73
22,1027,"Wednesday, October 1, 2014",56,76
22,1027,"Wednesday, October 1, 2014",38848,71
22,1027,"Wednesday, October 1, 2014",2801,86
22,1027,"Wednesday, October 1, 2014",46001,90
22,1027,"Wednesday, October 1, 2014",72,62
22,1027,"Wednesday, October 1, 2014",41,79
22,1027,"Wednesday, October 1, 2014",57001,75
22,1027,"Wednesday, October 1, 2014",50001,87
22,1027,"Wednesday, October 1, 2014",14,66
22,1027,"Wednesday, October 1, 2014",5101,83
22,1027,"Wednesday, October 1, 2014",71601,77
22,1027,"Wednesday, October 1, 2014",63,73
22,1027,"Wednesday, October 1, 2014",2801,80
22,1027,"Wednesday, October 1, 2014",66002,63
22,1027,"Wednesday, October 1, 2014",35004,74
22,1027,"Wednesday, October 1, 2014",14,71
22,1027,"Wednesday, October 1, 2014",58001,85
22,1027,"Wednesday, October 1, 2014",7001,63
22,1027,"Wednesday, October 1, 2014",72,63
22,1027,"Wednesday, October 1, 2014",29001,66
22,1027,"Wednesday, October 1, 2014",40003,83
22,1027,"Wednesday, October 1, 2014",1,63
22,1027,"Wednesday, October 1, 2014",501,81
22,1027,"Wednesday, October 1, 2014",35004,78
22,1027,"Wednesday, October 1, 2014",53001,66
22,1027,"Wednesday, October 1, 2014",64,67
22,1027,"Wednesday, October 1, 2014",15937,86
22,1027,"Wednesday, October 1, 2014",19701,82
22,1027,"Wednesday, October 1, 2014",71601,70
22,1027,"Wednesday, October 1, 2014",1,85
22,1027,"Wednesday, October 1, 2014",19701,73
22,1027,"Wednesday, October 1, 2014",56,68
22,1027,"Wednesday, October 1, 2014",7001,64
22,1027,"Wednesday, October 1, 2014",15937,67
22,1027,"Wednesday, October 1, 2014",20001,60
22,1027,"Wednesday, October 1, 2014",67,81
22,1027,"Wednesday, October 1, 2014",3033,64
22,1027,"Wednesday, October 1, 2014",3033,74
22,1027,"Wednesday, October 1, 2014",27,82
22,1027,"Wednesday, October 1, 2014",15937,78
22,1027,"Wednesday, October 1, 2014",66002,66
22,1027,"Wednesday, October 1, 2014",71601,75
22,1027,"Wednesday, October 1, 2014",2801,67
22,1027,"Wednesday, October 1, 2014",501,79
22,1027,"Wednesday, October 1, 2014",71601,72
22,1027,"Wednesday, October 1, 2014",6001,90
22,1027,"Wednesday, October 1, 2014",20001,88
22,1027,"Wednesday, October 1, 2014",20001,70
9,1027,"Sunday, September 1, 2013",15937,72
9,1027,"Sunday, September 1, 2013",58001,78
9,1027,"Sunday, September 1, 2013",188,71
9,1027,"Sunday, September 1, 2013",188,80
9,1027,"Sunday, September 1, 2013",188,85
9,1027,"Sunday, September 1, 2013",56,67
9,1027,"Sunday, September 1, 2013",56,86
9,1027,"Sunday, September 1, 2013",3033,83
9,1027,"Sunday, September 1, 2013",50001,78
9,1027,"Sunday, September 1, 2013",35004,64
9,1027,"Sunday, September 1, 2013",63005,70
9,1027,"Sunday, September 1, 2013",57001,83
9,1027,"Sunday, September 1, 2013",48001,65
9,1027,"Sunday, September 1, 2013",48001,73
9,1027,"Sunday, September 1, 2013",68001,63
9,1027,"Sunday, September 1, 2013",63,86
9,1027,"Sunday, September 1, 2013",24701,67
9,1027,"Sunday, September 1, 2013",24701,79
9,1027,"Sunday, September 1, 2013",57001,88
9,1027,"Sunday, September 1, 2013",64,68
9,1027,"Sunday, September 1, 2013",62356,69
9,1027,"Sunday, September 1, 2013",71,70
9,1027,"Sunday, September 1, 2013",41,76
9,1027,"Sunday, September 1, 2013",62356,80
9,1027,"Sunday, September 1, 2013",6001,66
9,1027,"Sunday, September 1, 2013",57001,68
9,1027,"Sunday, September 1, 2013",66002,76
9,1027,"Sunday, September 1, 2013",38848,63
9,1027,"Sunday, September 1, 2013",63,83
9,1027,"Sunday, September 1, 2013",29001,67
9,1027,"Sunday, September 1, 2013",24701,85
9,1027,"Sunday, September 1, 2013",46001,83
9,1027,"Sunday, September 1, 2013",68,78
9,1027,"Sunday, September 1, 2013",72,83
9,1027,"Sunday, September 1, 2013",56,70
9,1027,"Sunday, September 1, 2013",20041,80
9,1027,"Sunday, September 1, 2013",2801,61
9,1027,"Sunday, September 1, 2013",71,67
9,1027,"Sunday, September 1, 2013",48001,63
9,1027,"Sunday, September 1, 2013",43001,61
9,1027,"Sunday, September 1, 2013",12,67
9,1027,"Sunday, September 1, 2013",42223,60
9,1027,"Sunday, September 1, 2013",63005,69
9,1027,"Sunday, September 1, 2013",84,82
9,1027,"Sunday, September 1, 2013",5101,90
9,1027,"Sunday, September 1, 2013",53001,63
9,1027,"Sunday, September 1, 2013",14,87
9,1027,"Sunday, September 1, 2013",41,64
9,1027,"Sunday, September 1, 2013",20058,79
9,1027,"Sunday, September 1, 2013",35004,70
9,1027,"Sunday, September 1, 2013",68001,82
9,1027,"Sunday, September 1, 2013",3033,65
9,1027,"Sunday, September 1, 2013",7001,77
9,1027,"Sunday, September 1, 2013",71601,75
9,1027,"Sunday, September 1, 2013",14,82
9,1027,"Sunday, September 1, 2013",63005,79
9,1027,"Sunday, September 1, 2013",66002,76
9,1027,"Sunday, September 1, 2013",40003,83
9,1027,"Sunday, September 1, 2013",71601,60
9,1027,"Sunday, September 1, 2013",35004,89
9,1027,"Sunday, September 1, 2013",57001,80
9,1027,"Sunday, September 1, 2013",29001,62
9,1027,"Sunday, September 1, 2013",46001,85
9,1027,"Sunday, September 1, 2013",42223,69
9,1027,"Sunday, September 1, 2013",39813,72
9,1027,"Sunday, September 1, 2013",63,82
9,1027,"Sunday, September 1, 2013",19701,90
9,1027,"Sunday, September 1, 2013",63005,81
9,1027,"Sunday, September 1, 2013",68001,90
9,1027,"Sunday, September 1, 2013",57001,90
9,1027,"Sunday, September 1, 2013",19701,60
9,1027,"Sunday, September 1, 2013",35004,83
9,1027,"Sunday, September 1, 2013",88901,76
9,1027,"Sunday, September 1, 2013",42223,76
9,1027,"Sunday, September 1, 2013",35004,63
9,1027,"Sunday, September 1, 2013",24701,87
9,1027,"Sunday, September 1, 2013",2801,72
9,1027,"Sunday, September 1, 2013",40003,88
9,1027,"Sunday, September 1, 2013",38848,71
9,1027,"Sunday, September 1, 2013",68001,86
21,1027,"Monday, September 1, 2014",64,78
21,1027,"Monday, September 1, 2014",24701,90
21,1027,"Monday, September 1, 2014",57001,64
21,1027,"Monday, September 1, 2014",68001,86
21,1027,"Monday, September 1, 2014",50001,89
21,1027,"Monday, September 1, 2014",67,76
21,1027,"Monday, September 1, 2014",15937,83
21,1027,"Monday, September 1, 2014",59,77
21,1027,"Monday, September 1, 2014",58001,87
21,1027,"Monday, September 1, 2014",56,80
21,1027,"Monday, September 1, 2014",29001,62
21,1027,"Monday, September 1, 2014",1,60
21,1027,"Monday, September 1, 2014",20001,63
21,1027,"Monday, September 1, 2014",20058,90
21,1027,"Monday, September 1, 2014",53001,83
21,1027,"Monday, September 1, 2014",188,80
21,1027,"Monday, September 1, 2014",48001,79
21,1027,"Monday, September 1, 2014",14,88
21,1027,"Monday, September 1, 2014",62356,84
21,1027,"Monday, September 1, 2014",53001,73
21,1027,"Monday, September 1, 2014",68,60
21,1027,"Monday, September 1, 2014",40003,65
21,1027,"Monday, September 1, 2014",68,63
21,1027,"Monday, September 1, 2014",501,74
21,1027,"Monday, September 1, 2014",14,72
21,1027,"Monday, September 1, 2014",68,82
21,1027,"Monday, September 1, 2014",84,81
21,1027,"Monday, September 1, 2014",59,66
21,1027,"Monday, September 1, 2014",20058,69
21,1027,"Monday, September 1, 2014",501,69
21,1027,"Monday, September 1, 2014",15937,81
21,1027,"Monday, September 1, 2014",67,75
21,1027,"Monday, September 1, 2014",39813,71
21,1027,"Monday, September 1, 2014",50001,73
21,1027,"Monday, September 1, 2014",35004,81
21,1027,"Monday, September 1, 2014",41,82
21,1027,"Monday, September 1, 2014",62356,83
21,1027,"Monday, September 1, 2014",68001,68
21,1027,"Monday, September 1, 2014",1,80
21,1027,"Monday, September 1, 2014",82001,80
21,1027,"Monday, September 1, 2014",48001,82
21,1027,"Monday, September 1, 2014",67,79
21,1027,"Monday, September 1, 2014",20001,86
21,1027,"Monday, September 1, 2014",57001,74
21,1027,"Monday, September 1, 2014",188,83
21,1027,"Monday, September 1, 2014",66002,73
21,1027,"Monday, September 1, 2014",1,90
21,1027,"Monday, September 1, 2014",3033,75
21,1027,"Monday, September 1, 2014",58001,79
21,1027,"Monday, September 1, 2014",2801,62
21,1027,"Monday, September 1, 2014",43001,80
21,1027,"Monday, September 1, 2014",71601,80
21,1027,"Monday, September 1, 2014",68,61
21,1027,"Monday, September 1, 2014",64,69
21,1027,"Monday, September 1, 2014",50001,60
21,1027,"Monday, September 1, 2014",158,88
21,1027,"Monday, September 1, 2014",20058,60
21,1027,"Monday, September 1, 2014",84,83
21,1027,"Monday, September 1, 2014",38848,60
21,1027,"Monday, September 1, 2014",42223,87
21,1027,"Monday, September 1, 2014",84,62
21,1027,"Monday, September 1, 2014",24701,70
21,1027,"Monday, September 1, 2014",40003,74
21,1027,"Monday, September 1, 2014",57001,77
21,1027,"Monday, September 1, 2014",3033,63
21,1027,"Monday, September 1, 2014",27,86
21,1027,"Monday, September 1, 2014",43001,71
21,1027,"Monday, September 1, 2014",71601,71
21,1027,"Monday, September 1, 2014",43001,77
21,1027,"Monday, September 1, 2014",501,76
21,1027,"Monday, September 1, 2014",6001,83
21,1027,"Monday, September 1, 2014",14,78
21,1027,"Monday, September 1, 2014",27,86
21,1027,"Monday, September 1, 2014",68,86
21,1027,"Monday, September 1, 2014",27,88
21,1027,"Monday, September 1, 2014",35004,70
21,1027,"Monday, September 1, 2014",62356,67
21,1027,"Monday, September 1, 2014",38848,71
21,1027,"Monday, September 1, 2014",20001,64
21,1027,"Monday, September 1, 2014",50001,86
21,1027,"Monday, September 1, 2014",64,61
20,1027,"Friday, August 1, 2014",71601,77
20,1027,"Friday, August 1, 2014",53001,88
20,1027,"Friday, August 1, 2014",68,84
20,1027,"Friday, August 1, 2014",6001,84
20,1027,"Friday, August 1, 2014",59,86
20,1027,"Friday, August 1, 2014",20041,87
20,1027,"Friday, August 1, 2014",1,86
20,1027,"Friday, August 1, 2014",63005,65
20,1027,"Friday, August 1, 2014",88901,70
20,1027,"Friday, August 1, 2014",84,76
20,1027,"Friday, August 1, 2014",88901,88
20,1027,"Friday, August 1, 2014",116,79
20,1027,"Friday, August 1, 2014",116,86
20,1027,"Friday, August 1, 2014",63,71
20,1027,"Friday, August 1, 2014",71,90
20,1027,"Friday, August 1, 2014",24701,64
20,1027,"Friday, August 1, 2014",59,61
20,1027,"Friday, August 1, 2014",53001,88
20,1027,"Friday, August 1, 2014",48001,79
20,1027,"Friday, August 1, 2014",88901,62
20,1027,"Friday, August 1, 2014",64,86
20,1027,"Friday, August 1, 2014",68001,85
20,1027,"Friday, August 1, 2014",68001,73
20,1027,"Friday, August 1, 2014",20058,84
20,1027,"Friday, August 1, 2014",20058,86
20,1027,"Friday, August 1, 2014",50001,70
20,1027,"Friday, August 1, 2014",72,85
20,1027,"Friday, August 1, 2014",20058,67
20,1027,"Friday, August 1, 2014",35004,79
20,1027,"Friday, August 1, 2014",14,83
20,1027,"Friday, August 1, 2014",62356,81
20,1027,"Friday, August 1, 2014",35004,84
20,1027,"Friday, August 1, 2014",1,67
20,1027,"Friday, August 1, 2014",43001,81
20,1027,"Friday, August 1, 2014",46001,72
20,1027,"Friday, August 1, 2014",43001,89
20,1027,"Friday, August 1, 2014",7001,84
20,1027,"Friday, August 1, 2014",158,75
20,1027,"Friday, August 1, 2014",20041,86
20,1027,"Friday, August 1, 2014",20001,73
20,1027,"Friday, August 1, 2014",39813,80
20,1027,"Friday, August 1, 2014",64,72
20,1027,"Friday, August 1, 2014",63,81
20,1027,"Friday, August 1, 2014",15937,83
20,1027,"Friday, August 1, 2014",68001,70
20,1027,"Friday, August 1, 2014",1,69
20,1027,"Friday, August 1, 2014",7001,81
20,1027,"Friday, August 1, 2014",15937,88
20,1027,"Friday, August 1, 2014",188,62
20,1027,"Friday, August 1, 2014",56,83
20,1027,"Friday, August 1, 2014",42223,72
20,1027,"Friday, August 1, 2014",5101,80
20,1027,"Friday, August 1, 2014",38848,73
20,1027,"Friday, August 1, 2014",84,78
20,1027,"Friday, August 1, 2014",3033,74
20,1027,"Friday, August 1, 2014",5101,74
20,1027,"Friday, August 1, 2014",40003,86
20,1027,"Friday, August 1, 2014",3033,60
20,1027,"Friday, August 1, 2014",6001,69
20,1027,"Friday, August 1, 2014",43001,89
20,1027,"Friday, August 1, 2014",29001,87
20,1027,"Friday, August 1, 2014",43001,82
10,1027,"Tuesday, October 1, 2013",48001,81
10,1027,"Tuesday, October 1, 2013",158,88
10,1027,"Tuesday, October 1, 2013",5101,85
10,1027,"Tuesday, October 1, 2013",158,84
10,1027,"Tuesday, October 1, 2013",24701,76
10,1027,"Tuesday, October 1, 2013",116,79
10,1027,"Tuesday, October 1, 2013",38848,85
10,1027,"Tuesday, October 1, 2013",64,84
10,1027,"Tuesday, October 1, 2013",3033,70
10,1027,"Tuesday, October 1, 2013",6001,65
10,1027,"Tuesday, October 1, 2013",3033,63
10,1027,"Tuesday, October 1, 2013",15937,86
10,1027,"Tuesday, October 1, 2013",14,83
10,1027,"Tuesday, October 1, 2013",64,86
10,1027,"Tuesday, October 1, 2013",7001,74
10,1027,"Tuesday, October 1, 2013",57001,78
10,1027,"Tuesday, October 1, 2013",1,79
10,1027,"Tuesday, October 1, 2013",20058,87
10,1027,"Tuesday, October 1, 2013",19701,69
10,1027,"Tuesday, October 1, 2013",19701,60
10,1027,"Tuesday, October 1, 2013",82001,77
10,1027,"Tuesday, October 1, 2013",46001,81
10,1027,"Tuesday, October 1, 2013",158,68
10,1027,"Tuesday, October 1, 2013",5101,88
10,1027,"Tuesday, October 1, 2013",56,88
10,1027,"Tuesday, October 1, 2013",63005,75
10,1027,"Tuesday, October 1, 2013",7001,77
10,1027,"Tuesday, October 1, 2013",29001,81
10,1027,"Tuesday, October 1, 2013",116,85
10,1027,"Tuesday, October 1, 2013",12,81
10,1027,"Tuesday, October 1, 2013",35004,68
10,1027,"Tuesday, October 1, 2013",64,87
10,1027,"Tuesday, October 1, 2013",63,60
10,1027,"Tuesday, October 1, 2013",19701,72
10,1027,"Tuesday, October 1, 2013",66002,79
10,1027,"Tuesday, October 1, 2013",62356,75
10,1027,"Tuesday, October 1, 2013",12,72
10,1027,"Tuesday, October 1, 2013",188,70
10,1027,"Tuesday, October 1, 2013",64,85
10,1027,"Tuesday, October 1, 2013",6001,80
10,1027,"Tuesday, October 1, 2013",24701,75
10,1027,"Tuesday, October 1, 2013",20041,63
10,1027,"Tuesday, October 1, 2013",50001,77
10,1027,"Tuesday, October 1, 2013",56,86
10,1027,"Tuesday, October 1, 2013",29001,70
10,1027,"Tuesday, October 1, 2013",71,71
10,1027,"Tuesday, October 1, 2013",68001,76
10,1027,"Tuesday, October 1, 2013",15937,88
10,1027,"Tuesday, October 1, 2013",40003,74
10,1027,"Tuesday, October 1, 2013",71601,78
10,1027,"Tuesday, October 1, 2013",19701,84
10,1027,"Tuesday, October 1, 2013",15937,76
10,1027,"Tuesday, October 1, 2013",66002,81
10,1027,"Tuesday, October 1, 2013",64,72
10,1027,"Tuesday, October 1, 2013",62356,63
10,1027,"Tuesday, October 1, 2013",6001,86
10,1027,"Tuesday, October 1, 2013",40003,68
10,1027,"Tuesday, October 1, 2013",24701,88
10,1027,"Tuesday, October 1, 2013",27,78
10,1027,"Tuesday, October 1, 2013",63005,90
10,1027,"Tuesday, October 1, 2013",71,60
10,1027,"Tuesday, October 1, 2013",39813,70
10,1027,"Tuesday, October 1, 2013",40003,88
10,1027,"Tuesday, October 1, 2013",43001,75
10,1027,"Tuesday, October 1, 2013",38848,68
10,1027,"Tuesday, October 1, 2013",48001,83
10,1027,"Tuesday, October 1, 2013",64,88
10,1027,"Tuesday, October 1, 2013",46001,60
10,1027,"Tuesday, October 1, 2013",5101,79
10,1027,"Tuesday, October 1, 2013",29001,66
7,1027,"Monday, July 1, 2013",57001,62
7,1027,"Monday, July 1, 2013",116,77
7,1027,"Monday, July 1, 2013",53001,90
7,1027,"Monday, July 1, 2013",3033,63
7,1027,"Monday, July 1, 2013",68001,62
7,1027,"Monday, July 1, 2013",158,86
7,1027,"Monday, July 1, 2013",46001,82
7,1027,"Monday, July 1, 2013",82001,64
7,1027,"Monday, July 1, 2013",66002,62
7,1027,"Monday, July 1, 2013",57001,66
7,1027,"Monday, July 1, 2013",68001,74
7,1027,"Monday, July 1, 2013",6001,79
7,1027,"Monday, July 1, 2013",67,80
7,1027,"Monday, July 1, 2013",20001,69
7,1027,"Monday, July 1, 2013",43001,61
7,1027,"Monday, July 1, 2013",158,68
7,1027,"Monday, July 1, 2013",14,63
7,1027,"Monday, July 1, 2013",56,74
7,1027,"Monday, July 1, 2013",41,75
7,1027,"Monday, July 1, 2013",46001,81
7,1027,"Monday, July 1, 2013",67,72
7,1027,"Monday, July 1, 2013",71,77
7,1027,"Monday, July 1, 2013",20058,73
7,1027,"Monday, July 1, 2013",27,68
7,1027,"Monday, July 1, 2013",88901,87
7,1027,"Monday, July 1, 2013",57001,66
7,1027,"Monday, July 1, 2013",68001,77
7,1027,"Monday, July 1, 2013",188,83
7,1027,"Monday, July 1, 2013",63005,72
7,1027,"Monday, July 1, 2013",158,66
7,1027,"Monday, July 1, 2013",35004,67
7,1027,"Monday, July 1, 2013",24701,90
7,1027,"Monday, July 1, 2013",50001,70
7,1027,"Monday, July 1, 2013",46001,68
7,1027,"Monday, July 1, 2013",20001,60
7,1027,"Monday, July 1, 2013",41,89
7,1027,"Monday, July 1, 2013",42223,71
7,1027,"Monday, July 1, 2013",68,82
7,1027,"Monday, July 1, 2013",15937,75
7,1027,"Monday, July 1, 2013",71,88
7,1027,"Monday, July 1, 2013",63005,89
7,1027,"Monday, July 1, 2013",38848,60
7,1027,"Monday, July 1, 2013",68001,67
7,1027,"Monday, July 1, 2013",40003,63
7,1027,"Monday, July 1, 2013",53001,75
7,1027,"Monday, July 1, 2013",24701,85
7,1027,"Monday, July 1, 2013",38848,71
7,1027,"Monday, July 1, 2013",6001,65
7,1027,"Monday, July 1, 2013",68,89
7,1027,"Monday, July 1, 2013",14,82
7,1027,"Monday, July 1, 2013",27,67
7,1027,"Monday, July 1, 2013",19701,84
7,1027,"Monday, July 1, 2013",29001,83
7,1027,"Monday, July 1, 2013",20001,71
7,1027,"Monday, July 1, 2013",63,80
7,1027,"Monday, July 1, 2013",42223,88
7,1027,"Monday, July 1, 2013",3033,67
7,1027,"Monday, July 1, 2013",501,70
7,1027,"Monday, July 1, 2013",12,69
7,1027,"Monday, July 1, 2013",15937,80
7,1027,"Monday, July 1, 2013",53001,61
7,1027,"Monday, July 1, 2013",116,76
7,1027,"Monday, July 1, 2013",64,64
7,1027,"Monday, July 1, 2013",67,82
7,1027,"Monday, July 1, 2013",20058,65
7,1027,"Monday, July 1, 2013",56,87
7,1027,"Monday, July 1, 2013",42223,72
7,1027,"Monday, July 1, 2013",19701,64
7,1027,"Monday, July 1, 2013",68001,79
7,1027,"Monday, July 1, 2013",58001,71
7,1027,"Monday, July 1, 2013",20058,82
7,1027,"Monday, July 1, 2013",188,80
7,1027,"Monday, July 1, 2013",158,85
7,1027,"Monday, July 1, 2013",14,66
7,1027,"Monday, July 1, 2013",501,71
19,2102,"Tuesday, July 1, 2014",20041,64
19,2102,"Tuesday, July 1, 2014",67,77
19,2102,"Tuesday, July 1, 2014",88901,63
19,2102,"Tuesday, July 1, 2014",59,65
19,2102,"Tuesday, July 1, 2014",20058,70
19,2102,"Tuesday, July 1, 2014",68,64
19,2102,"Tuesday, July 1, 2014",71601,89
19,2102,"Tuesday, July 1, 2014",3033,69
19,2102,"Tuesday, July 1, 2014",12,70
19,2102,"Tuesday, July 1, 2014",71,86
19,2102,"Tuesday, July 1, 2014",71,74
19,2102,"Tuesday, July 1, 2014",5101,89
19,2102,"Tuesday, July 1, 2014",29001,69
19,2102,"Tuesday, July 1, 2014",24701,71
19,2102,"Tuesday, July 1, 2014",5101,86
19,2102,"Tuesday, July 1, 2014",56,63
19,2102,"Tuesday, July 1, 2014",63005,62
19,2102,"Tuesday, July 1, 2014",24701,69
19,2102,"Tuesday, July 1, 2014",53001,86
19,2102,"Tuesday, July 1, 2014",57001,68
19,2102,"Tuesday, July 1, 2014",19701,79
19,2102,"Tuesday, July 1, 2014",3033,90
19,2102,"Tuesday, July 1, 2014",5101,63
19,2102,"Tuesday, July 1, 2014",42223,83
19,2102,"Tuesday, July 1, 2014",24701,62
19,2102,"Tuesday, July 1, 2014",24701,71
19,2102,"Tuesday, July 1, 2014",1,90
19,2102,"Tuesday, July 1, 2014",158,77
19,2102,"Tuesday, July 1, 2014",7001,74
19,2102,"Tuesday, July 1, 2014",39813,63
19,2102,"Tuesday, July 1, 2014",71601,84
19,2102,"Tuesday, July 1, 2014",42223,83
19,2102,"Tuesday, July 1, 2014",58001,89
19,2102,"Tuesday, July 1, 2014",20041,72
19,2102,"Tuesday, July 1, 2014",12,90
19,2102,"Tuesday, July 1, 2014",40003,85
19,2102,"Tuesday, July 1, 2014",50001,75
19,2102,"Tuesday, July 1, 2014",501,89
19,2102,"Tuesday, July 1, 2014",67,71
19,2102,"Tuesday, July 1, 2014",57001,63
19,2102,"Tuesday, July 1, 2014",27,82
19,2102,"Tuesday, July 1, 2014",40003,72
19,2102,"Tuesday, July 1, 2014",2801,88
19,2102,"Tuesday, July 1, 2014",63,69
19,2102,"Tuesday, July 1, 2014",48001,66
19,2102,"Tuesday, July 1, 2014",64,85
19,2102,"Tuesday, July 1, 2014",6001,74
19,2102,"Tuesday, July 1, 2014",2801,68
19,2102,"Tuesday, July 1, 2014",501,74
19,2102,"Tuesday, July 1, 2014",57001,73
19,2102,"Tuesday, July 1, 2014",67,75
19,2102,"Tuesday, July 1, 2014",59,84
19,2102,"Tuesday, July 1, 2014",84,64
19,2102,"Tuesday, July 1, 2014",20058,81
19,2102,"Tuesday, July 1, 2014",20058,72
19,2102,"Tuesday, July 1, 2014",62356,87
19,2102,"Tuesday, July 1, 2014",116,69
19,2102,"Tuesday, July 1, 2014",57001,83
19,2102,"Tuesday, July 1, 2014",63,77
19,2102,"Tuesday, July 1, 2014",72,76
19,2102,"Tuesday, July 1, 2014",14,73
19,2102,"Tuesday, July 1, 2014",72,79
19,2102,"Tuesday, July 1, 2014",43001,80
19,2102,"Tuesday, July 1, 2014",27,61
19,2102,"Tuesday, July 1, 2014",15937,77
19,2102,"Tuesday, July 1, 2014",35004,88
19,2102,"Tuesday, July 1, 2014",48001,89
19,2102,"Tuesday, July 1, 2014",46001,86
19,2102,"Tuesday, July 1, 2014",39813,86
19,2102,"Tuesday, July 1, 2014",14,74
19,2102,"Tuesday, July 1, 2014",6001,76
19,2102,"Tuesday, July 1, 2014",38848,75
19,2102,"Tuesday, July 1, 2014",68001,76
21,2102,"Monday, September 1, 2014",1,86
21,2102,"Monday, September 1, 2014",88901,68
21,2102,"Monday, September 1, 2014",56,66
21,2102,"Monday, September 1, 2014",41,82
21,2102,"Monday, September 1, 2014",38848,90
21,2102,"Monday, September 1, 2014",82001,65
21,2102,"Monday, September 1, 2014",24701,71
21,2102,"Monday, September 1, 2014",29001,72
21,2102,"Monday, September 1, 2014",59,83
21,2102,"Monday, September 1, 2014",42223,74
21,2102,"Monday, September 1, 2014",20001,65
21,2102,"Monday, September 1, 2014",72,87
21,2102,"Monday, September 1, 2014",63,89
21,2102,"Monday, September 1, 2014",24701,87
21,2102,"Monday, September 1, 2014",67,87
21,2102,"Monday, September 1, 2014",50001,68
21,2102,"Monday, September 1, 2014",59,89
21,2102,"Monday, September 1, 2014",42223,78
21,2102,"Monday, September 1, 2014",42223,66
21,2102,"Monday, September 1, 2014",29001,85
21,2102,"Monday, September 1, 2014",66002,79
21,2102,"Monday, September 1, 2014",6001,81
21,2102,"Monday, September 1, 2014",88901,87
21,2102,"Monday, September 1, 2014",64,86
21,2102,"Monday, September 1, 2014",57001,64
21,2102,"Monday, September 1, 2014",24701,90
21,2102,"Monday, September 1, 2014",158,83
21,2102,"Monday, September 1, 2014",63,77
21,2102,"Monday, September 1, 2014",68001,90
21,2102,"Monday, September 1, 2014",71601,87
21,2102,"Monday, September 1, 2014",64,64
21,2102,"Monday, September 1, 2014",116,83
21,2102,"Monday, September 1, 2014",7001,60
21,2102,"Monday, September 1, 2014",35004,61
21,2102,"Monday, September 1, 2014",59,75
21,2102,"Monday, September 1, 2014",2801,65
21,2102,"Monday, September 1, 2014",5101,76
21,2102,"Monday, September 1, 2014",20001,77
21,2102,"Monday, September 1, 2014",63005,87
21,2102,"Monday, September 1, 2014",67,84
21,2102,"Monday, September 1, 2014",501,66
21,2102,"Monday, September 1, 2014",50001,74
21,2102,"Monday, September 1, 2014",20058,82
21,2102,"Monday, September 1, 2014",82001,74
21,2102,"Monday, September 1, 2014",12,67
21,2102,"Monday, September 1, 2014",63,74
21,2102,"Monday, September 1, 2014",24701,78
21,2102,"Monday, September 1, 2014",24701,84
21,2102,"Monday, September 1, 2014",71,78
21,2102,"Monday, September 1, 2014",82001,71
21,2102,"Monday, September 1, 2014",38848,80
21,2102,"Monday, September 1, 2014",5101,80
21,2102,"Monday, September 1, 2014",46001,88
21,2102,"Monday, September 1, 2014",116,62
21,2102,"Monday, September 1, 2014",84,73
21,2102,"Monday, September 1, 2014",35004,67
21,2102,"Monday, September 1, 2014",40003,69
21,2102,"Monday, September 1, 2014",158,65
21,2102,"Monday, September 1, 2014",72,79
21,2102,"Monday, September 1, 2014",68,72
21,2102,"Monday, September 1, 2014",71,72
21,2102,"Monday, September 1, 2014",66002,72
21,2102,"Monday, September 1, 2014",63005,66
21,2102,"Monday, September 1, 2014",39813,81
21,2102,"Monday, September 1, 2014",29001,65
21,2102,"Monday, September 1, 2014",71601,87
21,2102,"Monday, September 1, 2014",3033,61
21,2102,"Monday, September 1, 2014",5101,72
21,2102,"Monday, September 1, 2014",7001,70
21,2102,"Monday, September 1, 2014",20001,78
21,2102,"Monday, September 1, 2014",43001,82
7,2102,"Monday, July 1, 2013",12,72
7,2102,"Monday, July 1, 2013",62356,76
7,2102,"Monday, July 1, 2013",64,74
7,2102,"Monday, July 1, 2013",62356,85
7,2102,"Monday, July 1, 2013",59,67
7,2102,"Monday, July 1, 2013",71601,61
7,2102,"Monday, July 1, 2013",62356,62
7,2102,"Monday, July 1, 2013",7001,63
7,2102,"Monday, July 1, 2013",501,79
7,2102,"Monday, July 1, 2013",27,87
7,2102,"Monday, July 1, 2013",20058,66
7,2102,"Monday, July 1, 2013",27,74
7,2102,"Monday, July 1, 2013",7001,62
7,2102,"Monday, July 1, 2013",3033,74
7,2102,"Monday, July 1, 2013",62356,60
7,2102,"Monday, July 1, 2013",116,84
7,2102,"Monday, July 1, 2013",63,60
7,2102,"Monday, July 1, 2013",48001,76
7,2102,"Monday, July 1, 2013",43001,72
7,2102,"Monday, July 1, 2013",6001,72
7,2102,"Monday, July 1, 2013",68,81
7,2102,"Monday, July 1, 2013",67,87
7,2102,"Monday, July 1, 2013",15937,61
7,2102,"Monday, July 1, 2013",3033,80
7,2102,"Monday, July 1, 2013",3033,66
7,2102,"Monday, July 1, 2013",41,67
7,2102,"Monday, July 1, 2013",66002,74
7,2102,"Monday, July 1, 2013",5101,88
7,2102,"Monday, July 1, 2013",29001,62
7,2102,"Monday, July 1, 2013",67,63
7,2102,"Monday, July 1, 2013",59,89
7,2102,"Monday, July 1, 2013",63,88
7,2102,"Monday, July 1, 2013",188,64
7,2102,"Monday, July 1, 2013",57001,73
7,2102,"Monday, July 1, 2013",46001,76
7,2102,"Monday, July 1, 2013",59,77
7,2102,"Monday, July 1, 2013",40003,88
7,2102,"Monday, July 1, 2013",62356,70
7,2102,"Monday, July 1, 2013",41,74
7,2102,"Monday, July 1, 2013",63,80
7,2102,"Monday, July 1, 2013",56,60
7,2102,"Monday, July 1, 2013",3033,89
7,2102,"Monday, July 1, 2013",58001,71
7,2102,"Monday, July 1, 2013",41,79
7,2102,"Monday, July 1, 2013",2801,71
7,2102,"Monday, July 1, 2013",66002,82
7,2102,"Monday, July 1, 2013",72,71
7,2102,"Monday, July 1, 2013",84,66
7,2102,"Monday, July 1, 2013",57001,69
7,2102,"Monday, July 1, 2013",35004,62
7,2102,"Monday, July 1, 2013",63,75
7,2102,"Monday, July 1, 2013",71,86
7,2102,"Monday, July 1, 2013",39813,88
7,2102,"Monday, July 1, 2013",72,76
7,2102,"Monday, July 1, 2013",71,89
7,2102,"Monday, July 1, 2013",1,76
7,2102,"Monday, July 1, 2013",57001,88
7,2102,"Monday, July 1, 2013",188,82
7,2102,"Monday, July 1, 2013",58001,61
7,2102,"Monday, July 1, 2013",53001,60
7,2102,"Monday, July 1, 2013",82001,67
7,2102,"Monday, July 1, 2013",27,88
7,2102,"Monday, July 1, 2013",5101,85
7,2102,"Monday, July 1, 2013",40003,86
7,2102,"Monday, July 1, 2013",501,78
7,2102,"Monday, July 1, 2013",50001,72
7,2102,"Monday, July 1, 2013",24701,82
7,2102,"Monday, July 1, 2013",19701,85
7,2102,"Monday, July 1, 2013",48001,83
7,2102,"Monday, July 1, 2013",88901,75
7,2102,"Monday, July 1, 2013",57001,67
7,2102,"Monday, July 1, 2013",116,74
7,2102,"Monday, July 1, 2013",57001,76
15,2102,"Saturday, March 1, 2014",71601,63
15,2102,"Saturday, March 1, 2014",68001,67
15,2102,"Saturday, March 1, 2014",19701,74
15,2102,"Saturday, March 1, 2014",501,90
15,2102,"Saturday, March 1, 2014",63,75
15,2102,"Saturday, March 1, 2014",64,90
15,2102,"Saturday, March 1, 2014",59,78
15,2102,"Saturday, March 1, 2014",20058,86
15,2102,"Saturday, March 1, 2014",24701,86
15,2102,"Saturday, March 1, 2014",58001,70
15,2102,"Saturday, March 1, 2014",19701,71
15,2102,"Saturday, March 1, 2014",71,76
15,2102,"Saturday, March 1, 2014",20058,60
15,2102,"Saturday, March 1, 2014",53001,78
15,2102,"Saturday, March 1, 2014",71,86
15,2102,"Saturday, March 1, 2014",84,79
15,2102,"Saturday, March 1, 2014",68,81
15,2102,"Saturday, March 1, 2014",1,66
15,2102,"Saturday, March 1, 2014",24701,70
15,2102,"Saturday, March 1, 2014",20058,65
15,2102,"Saturday, March 1, 2014",42223,90
15,2102,"Saturday, March 1, 2014",12,60
15,2102,"Saturday, March 1, 2014",42223,89
15,2102,"Saturday, March 1, 2014",40003,81
15,2102,"Saturday, March 1, 2014",20058,79
15,2102,"Saturday, March 1, 2014",1,67
15,2102,"Saturday, March 1, 2014",64,63
15,2102,"Saturday, March 1, 2014",20058,70
15,2102,"Saturday, March 1, 2014",27,60
15,2102,"Saturday, March 1, 2014",20001,75
15,2102,"Saturday, March 1, 2014",14,76
15,2102,"Saturday, March 1, 2014",38848,74
15,2102,"Saturday, March 1, 2014",42223,77
15,2102,"Saturday, March 1, 2014",46001,77
15,2102,"Saturday, March 1, 2014",41,78
15,2102,"Saturday, March 1, 2014",188,85
15,2102,"Saturday, March 1, 2014",67,69
15,2102,"Saturday, March 1, 2014",63,60
15,2102,"Saturday, March 1, 2014",82001,63
15,2102,"Saturday, March 1, 2014",35004,69
15,2102,"Saturday, March 1, 2014",39813,84
15,2102,"Saturday, March 1, 2014",15937,67
15,2102,"Saturday, March 1, 2014",501,75
15,2102,"Saturday, March 1, 2014",40003,84
15,2102,"Saturday, March 1, 2014",59,67
15,2102,"Saturday, March 1, 2014",20001,68
15,2102,"Saturday, March 1, 2014",63005,90
15,2102,"Saturday, March 1, 2014",188,82
15,2102,"Saturday, March 1, 2014",158,62
15,2102,"Saturday, March 1, 2014",68,79
15,2102,"Saturday, March 1, 2014",15937,72
15,2102,"Saturday, March 1, 2014",35004,63
15,2102,"Saturday, March 1, 2014",5101,75
15,2102,"Saturday, March 1, 2014",39813,85
15,2102,"Saturday, March 1, 2014",5101,63
15,2102,"Saturday, March 1, 2014",158,73
15,2102,"Saturday, March 1, 2014",43001,70
15,2102,"Saturday, March 1, 2014",57001,61
15,2102,"Saturday, March 1, 2014",3033,66
15,2102,"Saturday, March 1, 2014",501,60
15,2102,"Saturday, March 1, 2014",2801,72
15,2102,"Saturday, March 1, 2014",62356,61
15,2102,"Saturday, March 1, 2014",53001,72
15,2102,"Saturday, March 1, 2014",20058,73
15,2102,"Saturday, March 1, 2014",43001,74
15,2102,"Saturday, March 1, 2014",72,67
15,2102,"Saturday, March 1, 2014",42223,87
15,2102,"Saturday, March 1, 2014",56,69
15,2102,"Saturday, March 1, 2014",48001,72
15,2102,"Saturday, March 1, 2014",53001,63
15,2102,"Saturday, March 1, 2014",71601,84
15,2102,"Saturday, March 1, 2014",1,70
15,2102,"Saturday, March 1, 2014",5101,60
15,2102,"Saturday, March 1, 2014",64,63
15,2102,"Saturday, March 1, 2014",82001,71
15,2102,"Saturday, March 1, 2014",188,76
15,2102,"Saturday, March 1, 2014",88901,74
15,2102,"Saturday, March 1, 2014",64,72
15,2102,"Saturday, March 1, 2014",63005,88
23,2102,"Saturday, November 1, 2014",68001,82
23,2102,"Saturday, November 1, 2014",43001,81
23,2102,"Saturday, November 1, 2014",57001,78
23,2102,"Saturday, November 1, 2014",20001,76
23,2102,"Saturday, November 1, 2014",84,67
23,2102,"Saturday, November 1, 2014",501,86
23,2102,"Saturday, November 1, 2014",19701,61
23,2102,"Saturday, November 1, 2014",84,81
23,2102,"Saturday, November 1, 2014",15937,60
23,2102,"Saturday, November 1, 2014",41,79
23,2102,"Saturday, November 1, 2014",42223,69
23,2102,"Saturday, November 1, 2014",27,89
23,2102,"Saturday, November 1, 2014",66002,86
23,2102,"Saturday, November 1, 2014",1,70
23,2102,"Saturday, November 1, 2014",64,61
23,2102,"Saturday, November 1, 2014",1,79
23,2102,"Saturday, November 1, 2014",88901,90
23,2102,"Saturday, November 1, 2014",20058,61
23,2102,"Saturday, November 1, 2014",82001,72
23,2102,"Saturday, November 1, 2014",24701,67
23,2102,"Saturday, November 1, 2014",29001,72
23,2102,"Saturday, November 1, 2014",20058,61
23,2102,"Saturday, November 1, 2014",19701,81
23,2102,"Saturday, November 1, 2014",39813,83
23,2102,"Saturday, November 1, 2014",58001,80
23,2102,"Saturday, November 1, 2014",5101,69
23,2102,"Saturday, November 1, 2014",20041,76
23,2102,"Saturday, November 1, 2014",14,87
23,2102,"Saturday, November 1, 2014",7001,60
23,2102,"Saturday, November 1, 2014",68,74
23,2102,"Saturday, November 1, 2014",116,63
23,2102,"Saturday, November 1, 2014",64,71
23,2102,"Saturday, November 1, 2014",501,78
23,2102,"Saturday, November 1, 2014",71601,64
23,2102,"Saturday, November 1, 2014",15937,75
23,2102,"Saturday, November 1, 2014",58001,80
23,2102,"Saturday, November 1, 2014",56,68
23,2102,"Saturday, November 1, 2014",66002,67
23,2102,"Saturday, November 1, 2014",20001,63
23,2102,"Saturday, November 1, 2014",20041,65
23,2102,"Saturday, November 1, 2014",67,69
23,2102,"Saturday, November 1, 2014",35004,72
23,2102,"Saturday, November 1, 2014",72,81
23,2102,"Saturday, November 1, 2014",3033,80
23,2102,"Saturday, November 1, 2014",43001,85
23,2102,"Saturday, November 1, 2014",63,77
23,2102,"Saturday, November 1, 2014",7001,61
23,2102,"Saturday, November 1, 2014",71,64
23,2102,"Saturday, November 1, 2014",42223,60
23,2102,"Saturday, November 1, 2014",56,60
23,2102,"Saturday, November 1, 2014",501,87
23,2102,"Saturday, November 1, 2014",3033,89
23,2102,"Saturday, November 1, 2014",5101,82
23,2102,"Saturday, November 1, 2014",15937,61
23,2102,"Saturday, November 1, 2014",66002,84
23,2102,"Saturday, November 1, 2014",27,72
23,2102,"Saturday, November 1, 2014",35004,78
23,2102,"Saturday, November 1, 2014",62356,80
23,2102,"Saturday, November 1, 2014",19701,65
23,2102,"Saturday, November 1, 2014",24701,68
23,2102,"Saturday, November 1, 2014",71,77
23,2102,"Saturday, November 1, 2014",62356,85
23,2102,"Saturday, November 1, 2014",68,77
23,2102,"Saturday, November 1, 2014",116,65
23,2102,"Saturday, November 1, 2014",35004,78
23,2102,"Saturday, November 1, 2014",35004,60
23,2102,"Saturday, November 1, 2014",12,78
23,2102,"Saturday, November 1, 2014",116,64
23,2102,"Saturday, November 1, 2014",53001,79
23,2102,"Saturday, November 1, 2014",38848,70
23,2102,"Saturday, November 1, 2014",41,83
23,2102,"Saturday, November 1, 2014",24701,63
23,2102,"Saturday, November 1, 2014",20058,90
23,2102,"Saturday, November 1, 2014",15937,81
23,2102,"Saturday, November 1, 2014",7001,83
23,2102,"Saturday, November 1, 2014",58001,72
23,2102,"Saturday, November 1, 2014",63005,61
23,2102,"Saturday, November 1, 2014",27,83
23,2102,"Saturday, November 1, 2014",188,81
23,2102,"Saturday, November 1, 2014",15937,66
8,2102,"Thursday, August 1, 2013",5101,62
8,2102,"Thursday, August 1, 2013",62356,63
8,2102,"Thursday, August 1, 2013",40003,82
8,2102,"Thursday, August 1, 2013",29001,61
8,2102,"Thursday, August 1, 2013",19701,66
8,2102,"Thursday, August 1, 2013",1,68
8,2102,"Thursday, August 1, 2013",12,79
8,2102,"Thursday, August 1, 2013",116,81
8,2102,"Thursday, August 1, 2013",6001,62
8,2102,"Thursday, August 1, 2013",48001,85
8,2102,"Thursday, August 1, 2013",158,73
8,2102,"Thursday, August 1, 2013",68,68
8,2102,"Thursday, August 1, 2013",7001,69
8,2102,"Thursday, August 1, 2013",53001,86
8,2102,"Thursday, August 1, 2013",19701,66
8,2102,"Thursday, August 1, 2013",40003,76
8,2102,"Thursday, August 1, 2013",15937,76
8,2102,"Thursday, August 1, 2013",68,77
8,2102,"Thursday, August 1, 2013",43001,82
8,2102,"Thursday, August 1, 2013",63,82
8,2102,"Thursday, August 1, 2013",20041,70
8,2102,"Thursday, August 1, 2013",68001,61
8,2102,"Thursday, August 1, 2013",63,75
8,2102,"Thursday, August 1, 2013",12,64
8,2102,"Thursday, August 1, 2013",88901,89
8,2102,"Thursday, August 1, 2013",20041,81
8,2102,"Thursday, August 1, 2013",84,69
8,2102,"Thursday, August 1, 2013",35004,79
8,2102,"Thursday, August 1, 2013",14,76
8,2102,"Thursday, August 1, 2013",24701,85
8,2102,"Thursday, August 1, 2013",43001,60
8,2102,"Thursday, August 1, 2013",71601,72
8,2102,"Thursday, August 1, 2013",5101,62
8,2102,"Thursday, August 1, 2013",66002,67
8,2102,"Thursday, August 1, 2013",3033,86
8,2102,"Thursday, August 1, 2013",501,73
8,2102,"Thursday, August 1, 2013",84,85
8,2102,"Thursday, August 1, 2013",59,77
8,2102,"Thursday, August 1, 2013",72,83
8,2102,"Thursday, August 1, 2013",158,65
8,2102,"Thursday, August 1, 2013",7001,81
8,2102,"Thursday, August 1, 2013",158,84
8,2102,"Thursday, August 1, 2013",58001,61
8,2102,"Thursday, August 1, 2013",82001,84
8,2102,"Thursday, August 1, 2013",40003,67
8,2102,"Thursday, August 1, 2013",501,80
8,2102,"Thursday, August 1, 2013",5101,78
8,2102,"Thursday, August 1, 2013",1,86
8,2102,"Thursday, August 1, 2013",56,87
8,2102,"Thursday, August 1, 2013",88901,72
8,2102,"Thursday, August 1, 2013",12,89
8,2102,"Thursday, August 1, 2013",67,61
8,2102,"Thursday, August 1, 2013",41,64
8,2102,"Thursday, August 1, 2013",1,67
8,2102,"Thursday, August 1, 2013",62356,78
8,2102,"Thursday, August 1, 2013",63005,83
8,2102,"Thursday, August 1, 2013",62356,72
8,2102,"Thursday, August 1, 2013",56,86
8,2102,"Thursday, August 1, 2013",68001,78
8,2102,"Thursday, August 1, 2013",82001,85
8,2102,"Thursday, August 1, 2013",58001,62
8,2102,"Thursday, August 1, 2013",50001,69
8,2102,"Thursday, August 1, 2013",43001,90
8,2102,"Thursday, August 1, 2013",62356,88
8,2102,"Thursday, August 1, 2013",24701,80
8,2102,"Thursday, August 1, 2013",56,87
8,2102,"Thursday, August 1, 2013",84,81
8,2102,"Thursday, August 1, 2013",57001,85
8,2102,"Thursday, August 1, 2013",35004,90
8,2102,"Thursday, August 1, 2013",20041,63
8,2102,"Thursday, August 1, 2013",48001,81
8,2102,"Thursday, August 1, 2013",20041,63
8,2102,"Thursday, August 1, 2013",88901,67
8,2102,"Thursday, August 1, 2013",3033,77
8,2102,"Thursday, August 1, 2013",40003,80
8,2102,"Thursday, August 1, 2013",71601,77
8,2102,"Thursday, August 1, 2013",7001,66
8,2102,"Thursday, August 1, 2013",56,64
8,2102,"Thursday, August 1, 2013",188,74
8,2102,"Thursday, August 1, 2013",71601,67
8,2102,"Thursday, August 1, 2013",58001,80
12,2102,"Sunday, December 1, 2013",5101,74
12,2102,"Sunday, December 1, 2013",41,74
12,2102,"Sunday, December 1, 2013",72,77
12,2102,"Sunday, December 1, 2013",50001,89
12,2102,"Sunday, December 1, 2013",64,64
12,2102,"Sunday, December 1, 2013",43001,84
12,2102,"Sunday, December 1, 2013",24701,89
12,2102,"Sunday, December 1, 2013",12,83
12,2102,"Sunday, December 1, 2013",66002,83
12,2102,"Sunday, December 1, 2013",14,71
12,2102,"Sunday, December 1, 2013",27,81
12,2102,"Sunday, December 1, 2013",20041,63
12,2102,"Sunday, December 1, 2013",1,67
12,2102,"Sunday, December 1, 2013",20041,75
12,2102,"Sunday, December 1, 2013",56,77
12,2102,"Sunday, December 1, 2013",88901,74
12,2102,"Sunday, December 1, 2013",15937,74
12,2102,"Sunday, December 1, 2013",6001,79
12,2102,"Sunday, December 1, 2013",58001,62
12,2102,"Sunday, December 1, 2013",116,68
12,2102,"Sunday, December 1, 2013",72,68
12,2102,"Sunday, December 1, 2013",7001,71
12,2102,"Sunday, December 1, 2013",63,73
12,2102,"Sunday, December 1, 2013",38848,69
12,2102,"Sunday, December 1, 2013",88901,60
12,2102,"Sunday, December 1, 2013",88901,75
12,2102,"Sunday, December 1, 2013",50001,86
12,2102,"Sunday, December 1, 2013",20058,80
12,2102,"Sunday, December 1, 2013",7001,64
12,2102,"Sunday, December 1, 2013",48001,68
12,2102,"Sunday, December 1, 2013",62356,83
12,2102,"Sunday, December 1, 2013",50001,64
12,2102,"Sunday, December 1, 2013",63,87
12,2102,"Sunday, December 1, 2013",82001,79
12,2102,"Sunday, December 1, 2013",15937,61
12,2102,"Sunday, December 1, 2013",64,89
12,2102,"Sunday, December 1, 2013",158,73
12,2102,"Sunday, December 1, 2013",63,90
12,2102,"Sunday, December 1, 2013",71601,88
12,2102,"Sunday, December 1, 2013",53001,77
12,2102,"Sunday, December 1, 2013",63,69
12,2102,"Sunday, December 1, 2013",3033,89
12,2102,"Sunday, December 1, 2013",64,80
12,2102,"Sunday, December 1, 2013",6001,79
12,2102,"Sunday, December 1, 2013",38848,75
12,2102,"Sunday, December 1, 2013",88901,64
12,2102,"Sunday, December 1, 2013",5101,64
12,2102,"Sunday, December 1, 2013",501,74
12,2102,"Sunday, December 1, 2013",40003,87
12,2102,"Sunday, December 1, 2013",71601,64
12,2102,"Sunday, December 1, 2013",66002,77
12,2102,"Sunday, December 1, 2013",14,84
12,2102,"Sunday, December 1, 2013",48001,74
12,2102,"Sunday, December 1, 2013",35004,75
12,2102,"Sunday, December 1, 2013",42223,75
12,2102,"Sunday, December 1, 2013",66002,76
12,2102,"Sunday, December 1, 2013",56,84
12,2102,"Sunday, December 1, 2013",88901,74
12,2102,"Sunday, December 1, 2013",67,71
12,2102,"Sunday, December 1, 2013",72,90
12,2102,"Sunday, December 1, 2013",116,72
12,2102,"Sunday, December 1, 2013",88901,73
12,2102,"Sunday, December 1, 2013",1,65
12,2102,"Sunday, December 1, 2013",501,87
12,2102,"Sunday, December 1, 2013",56,66
12,2102,"Sunday, December 1, 2013",84,72
12,2102,"Sunday, December 1, 2013",501,71
12,2102,"Sunday, December 1, 2013",53001,80
12,2102,"Sunday, December 1, 2013",20058,83
12,2102,"Sunday, December 1, 2013",58001,66
12,2102,"Sunday, December 1, 2013",24701,78
12,2102,"Sunday, December 1, 2013",27,85
12,2102,"Sunday, December 1, 2013",27,78
12,2102,"Sunday, December 1, 2013",3033,79
12,2102,"Sunday, December 1, 2013",71,84
12,2102,"Sunday, December 1, 2013",12,65
12,2102,"Sunday, December 1, 2013",3033,79
12,2102,"Sunday, December 1, 2013",59,65
12,2102,"Sunday, December 1, 2013",188,70
12,2102,"Sunday, December 1, 2013",62356,62
12,2102,"Sunday, December 1, 2013",59,82
11,2102,"Friday, November 1, 2013",3033,66
11,2102,"Friday, November 1, 2013",46001,70
11,2102,"Friday, November 1, 2013",53001,69
11,2102,"Friday, November 1, 2013",20058,90
11,2102,"Friday, November 1, 2013",43001,66
11,2102,"Friday, November 1, 2013",68001,72
11,2102,"Friday, November 1, 2013",50001,79
11,2102,"Friday, November 1, 2013",501,90
11,2102,"Friday, November 1, 2013",72,73
11,2102,"Friday, November 1, 2013",71,66
11,2102,"Friday, November 1, 2013",19701,60
11,2102,"Friday, November 1, 2013",56,64
11,2102,"Friday, November 1, 2013",501,66
11,2102,"Friday, November 1, 2013",20041,65
11,2102,"Friday, November 1, 2013",66002,69
11,2102,"Friday, November 1, 2013",48001,60
11,2102,"Friday, November 1, 2013",40003,71
11,2102,"Friday, November 1, 2013",68001,75
11,2102,"Friday, November 1, 2013",3033,76
11,2102,"Friday, November 1, 2013",40003,74
11,2102,"Friday, November 1, 2013",27,77
11,2102,"Friday, November 1, 2013",3033,65
11,2102,"Friday, November 1, 2013",39813,64
11,2102,"Friday, November 1, 2013",50001,85
11,2102,"Friday, November 1, 2013",40003,75
11,2102,"Friday, November 1, 2013",40003,63
11,2102,"Friday, November 1, 2013",58001,78
11,2102,"Friday, November 1, 2013",188,79
11,2102,"Friday, November 1, 2013",63,77
11,2102,"Friday, November 1, 2013",71601,78
11,2102,"Friday, November 1, 2013",15937,65
11,2102,"Friday, November 1, 2013",29001,82
11,2102,"Friday, November 1, 2013",84,64
11,2102,"Friday, November 1, 2013",64,76
11,2102,"Friday, November 1, 2013",48001,63
11,2102,"Friday, November 1, 2013",84,69
11,2102,"Friday, November 1, 2013",501,90
11,2102,"Friday, November 1, 2013",14,70
11,2102,"Friday, November 1, 2013",71601,87
11,2102,"Friday, November 1, 2013",88901,63
11,2102,"Friday, November 1, 2013",48001,71
11,2102,"Friday, November 1, 2013",71601,87
11,2102,"Friday, November 1, 2013",43001,89
11,2102,"Friday, November 1, 2013",50001,82
11,2102,"Friday, November 1, 2013",71601,71
11,2102,"Friday, November 1, 2013",15937,88
11,2102,"Friday, November 1, 2013",71,82
11,2102,"Friday, November 1, 2013",71,88
11,2102,"Friday, November 1, 2013",57001,74
11,2102,"Friday, November 1, 2013",24701,84
11,2102,"Friday, November 1, 2013",63,83
11,2102,"Friday, November 1, 2013",39813,67
11,2102,"Friday, November 1, 2013",12,88
11,2102,"Friday, November 1, 2013",6001,80
11,2102,"Friday, November 1, 2013",57001,87
11,2102,"Friday, November 1, 2013",6001,86
11,2102,"Friday, November 1, 2013",5101,67
11,2102,"Friday, November 1, 2013",62356,83
11,2102,"Friday, November 1, 2013",71601,76
11,2102,"Friday, November 1, 2013",158,83
11,2102,"Friday, November 1, 2013",2801,89
11,2102,"Friday, November 1, 2013",20041,77
11,2102,"Friday, November 1, 2013",63,75
11,2102,"Friday, November 1, 2013",15937,77
11,2102,"Friday, November 1, 2013",7001,60
11,2102,"Friday, November 1, 2013",5101,72
11,2102,"Friday, November 1, 2013",42223,68
11,2102,"Friday, November 1, 2013",62356,84
11,2102,"Friday, November 1, 2013",7001,71
11,2102,"Friday, November 1, 2013",68,83
11,2102,"Friday, November 1, 2013",82001,80
11,2102,"Friday, November 1, 2013",27,80
11,2102,"Friday, November 1, 2013",12,65
11,2102,"Friday, November 1, 2013",29001,78
11,2102,"Friday, November 1, 2013",40003,67
11,2102,"Friday, November 1, 2013",67,69
11,2102,"Friday, November 1, 2013",158,83
11,2102,"Friday, November 1, 2013",6001,64
11,2102,"Friday, November 1, 2013",50001,71
11,2102,"Friday, November 1, 2013",68,85
11,2102,"Friday, November 1, 2013",71601,84
22,2102,"Wednesday, October 1, 2014",19701,68
22,2102,"Wednesday, October 1, 2014",29001,82
22,2102,"Wednesday, October 1, 2014",29001,77
22,2102,"Wednesday, October 1, 2014",15937,65
22,2102,"Wednesday, October 1, 2014",62356,77
22,2102,"Wednesday, October 1, 2014",50001,81
22,2102,"Wednesday, October 1, 2014",53001,82
22,2102,"Wednesday, October 1, 2014",15937,71
22,2102,"Wednesday, October 1, 2014",64,68
22,2102,"Wednesday, October 1, 2014",88901,72
22,2102,"Wednesday, October 1, 2014",63005,90
22,2102,"Wednesday, October 1, 2014",6001,73
22,2102,"Wednesday, October 1, 2014",66002,72
22,2102,"Wednesday, October 1, 2014",48001,71
22,2102,"Wednesday, October 1, 2014",56,74
22,2102,"Wednesday, October 1, 2014",58001,81
22,2102,"Wednesday, October 1, 2014",20041,71
22,2102,"Wednesday, October 1, 2014",63005,74
22,2102,"Wednesday, October 1, 2014",64,62
22,2102,"Wednesday, October 1, 2014",39813,74
22,2102,"Wednesday, October 1, 2014",39813,72
22,2102,"Wednesday, October 1, 2014",68,72
22,2102,"Wednesday, October 1, 2014",64,87
22,2102,"Wednesday, October 1, 2014",27,64
22,2102,"Wednesday, October 1, 2014",43001,60
22,2102,"Wednesday, October 1, 2014",50001,85
22,2102,"Wednesday, October 1, 2014",20001,78
22,2102,"Wednesday, October 1, 2014",68,73
22,2102,"Wednesday, October 1, 2014",14,86
22,2102,"Wednesday, October 1, 2014",41,78
22,2102,"Wednesday, October 1, 2014",41,63
22,2102,"Wednesday, October 1, 2014",39813,62
22,2102,"Wednesday, October 1, 2014",38848,81
22,2102,"Wednesday, October 1, 2014",1,85
22,2102,"Wednesday, October 1, 2014",40003,79
22,2102,"Wednesday, October 1, 2014",35004,84
22,2102,"Wednesday, October 1, 2014",6001,61
22,2102,"Wednesday, October 1, 2014",39813,89
22,2102,"Wednesday, October 1, 2014",20001,79
22,2102,"Wednesday, October 1, 2014",43001,84
22,2102,"Wednesday, October 1, 2014",71,64
22,2102,"Wednesday, October 1, 2014",5101,87
22,2102,"Wednesday, October 1, 2014",68,73
22,2102,"Wednesday, October 1, 2014",19701,77
22,2102,"Wednesday, October 1, 2014",82001,71
22,2102,"Wednesday, October 1, 2014",59,63
22,2102,"Wednesday, October 1, 2014",116,85
22,2102,"Wednesday, October 1, 2014",84,63
22,2102,"Wednesday, October 1, 2014",71,70
22,2102,"Wednesday, October 1, 2014",50001,80
22,2102,"Wednesday, October 1, 2014",39813,76
22,2102,"Wednesday, October 1, 2014",88901,90
22,2102,"Wednesday, October 1, 2014",20001,65
22,2102,"Wednesday, October 1, 2014",20001,81
22,2102,"Wednesday, October 1, 2014",82001,65
22,2102,"Wednesday, October 1, 2014",14,72
22,2102,"Wednesday, October 1, 2014",48001,61
22,2102,"Wednesday, October 1, 2014",50001,81
22,2102,"Wednesday, October 1, 2014",56,74
22,2102,"Wednesday, October 1, 2014",48001,89
22,2102,"Wednesday, October 1, 2014",67,76
22,2102,"Wednesday, October 1, 2014",63005,83
22,2102,"Wednesday, October 1, 2014",1,88
22,2102,"Wednesday, October 1, 2014",15937,61
22,2102,"Wednesday, October 1, 2014",59,71
22,2102,"Wednesday, October 1, 2014",27,60
22,2102,"Wednesday, October 1, 2014",66002,81
22,2102,"Wednesday, October 1, 2014",5101,88
22,2102,"Wednesday, October 1, 2014",39813,89
22,2102,"Wednesday, October 1, 2014",57001,61
22,2102,"Wednesday, October 1, 2014",72,68
22,2102,"Wednesday, October 1, 2014",68001,62
22,2102,"Wednesday, October 1, 2014",71601,81
22,2102,"Wednesday, October 1, 2014",27,82
22,2102,"Wednesday, October 1, 2014",41,72
22,2102,"Wednesday, October 1, 2014",88901,82
22,2102,"Wednesday, October 1, 2014",27,68
22,2102,"Wednesday, October 1, 2014",72,67
22,2102,"Wednesday, October 1, 2014",58001,67
22,2102,"Wednesday, October 1, 2014",66002,60
22,2102,"Wednesday, October 1, 2014",43001,73
22,2102,"Wednesday, October 1, 2014",15937,76
22,2102,"Wednesday, October 1, 2014",5101,66
14,2102,"Saturday, February 1, 2014",29001,90
14,2102,"Saturday, February 1, 2014",58001,75
14,2102,"Saturday, February 1, 2014",59,63
14,2102,"Saturday, February 1, 2014",116,69
14,2102,"Saturday, February 1, 2014",59,62
14,2102,"Saturday, February 1, 2014",46001,72
14,2102,"Saturday, February 1, 2014",64,68
14,2102,"Saturday, February 1, 2014",6001,72
14,2102,"Saturday, February 1, 2014",64,80
14,2102,"Saturday, February 1, 2014",64,79
14,2102,"Saturday, February 1, 2014",6001,60
14,2102,"Saturday, February 1, 2014",59,70
14,2102,"Saturday, February 1, 2014",58001,67
14,2102,"Saturday, February 1, 2014",15937,67
14,2102,"Saturday, February 1, 2014",68,66
14,2102,"Saturday, February 1, 2014",6001,83
14,2102,"Saturday, February 1, 2014",68001,75
14,2102,"Saturday, February 1, 2014",66002,64
14,2102,"Saturday, February 1, 2014",82001,63
14,2102,"Saturday, February 1, 2014",56,89
14,2102,"Saturday, February 1, 2014",20041,62
14,2102,"Saturday, February 1, 2014",6001,65
14,2102,"Saturday, February 1, 2014",5101,88
14,2102,"Saturday, February 1, 2014",62356,60
14,2102,"Saturday, February 1, 2014",2801,81
14,2102,"Saturday, February 1, 2014",67,65
14,2102,"Saturday, February 1, 2014",3033,63
14,2102,"Saturday, February 1, 2014",5101,63
14,2102,"Saturday, February 1, 2014",15937,63
14,2102,"Saturday, February 1, 2014",58001,67
14,2102,"Saturday, February 1, 2014",68001,83
14,2102,"Saturday, February 1, 2014",116,87
14,2102,"Saturday, February 1, 2014",62356,88
14,2102,"Saturday, February 1, 2014",48001,81
14,2102,"Saturday, February 1, 2014",19701,82
14,2102,"Saturday, February 1, 2014",56,69
14,2102,"Saturday, February 1, 2014",58001,75
14,2102,"Saturday, February 1, 2014",7001,81
14,2102,"Saturday, February 1, 2014",57001,87
14,2102,"Saturday, February 1, 2014",39813,84
14,2102,"Saturday, February 1, 2014",72,87
14,2102,"Saturday, February 1, 2014",27,68
14,2102,"Saturday, February 1, 2014",41,82
14,2102,"Saturday, February 1, 2014",62356,66
14,2102,"Saturday, February 1, 2014",501,69
14,2102,"Saturday, February 1, 2014",53001,78
14,2102,"Saturday, February 1, 2014",64,76
14,2102,"Saturday, February 1, 2014",27,71
14,2102,"Saturday, February 1, 2014",6001,62
14,2102,"Saturday, February 1, 2014",53001,64
14,2102,"Saturday, February 1, 2014",46001,85
14,2102,"Saturday, February 1, 2014",63,60
14,2102,"Saturday, February 1, 2014",20058,66
14,2102,"Saturday, February 1, 2014",46001,62
14,2102,"Saturday, February 1, 2014",88901,61
14,2102,"Saturday, February 1, 2014",27,90
14,2102,"Saturday, February 1, 2014",53001,85
14,2102,"Saturday, February 1, 2014",59,65
14,2102,"Saturday, February 1, 2014",71,74
14,2102,"Saturday, February 1, 2014",41,62
14,2102,"Saturday, February 1, 2014",38848,62
14,2102,"Saturday, February 1, 2014",84,85
14,2102,"Saturday, February 1, 2014",53001,66
14,2102,"Saturday, February 1, 2014",48001,63
14,2102,"Saturday, February 1, 2014",1,70
14,2102,"Saturday, February 1, 2014",84,74
14,2102,"Saturday, February 1, 2014",20001,85
14,2102,"Saturday, February 1, 2014",57001,78
14,2102,"Saturday, February 1, 2014",1,79
14,2102,"Saturday, February 1, 2014",50001,86
14,2102,"Saturday, February 1, 2014",501,81
14,2102,"Saturday, February 1, 2014",66002,67
14,2102,"Saturday, February 1, 2014",72,82
14,2102,"Saturday, February 1, 2014",1,72
14,2102,"Saturday, February 1, 2014",48001,86
14,2102,"Saturday, February 1, 2014",19701,77
14,2102,"Saturday, February 1, 2014",68001,67
14,2102,"Saturday, February 1, 2014",71,64
14,2102,"Saturday, February 1, 2014",50001,73
14,2102,"Saturday, February 1, 2014",72,61
14,2102,"Saturday, February 1, 2014",88901,63
14,2102,"Saturday, February 1, 2014",53001,74
14,2102,"Saturday, February 1, 2014",35004,66
14,2102,"Saturday, February 1, 2014",20058,82
16,2102,"Tuesday, April 1, 2014",58001,67
16,2102,"Tuesday, April 1, 2014",19701,85
16,2102,"Tuesday, April 1, 2014",56,67
16,2102,"Tuesday, April 1, 2014",63,88
16,2102,"Tuesday, April 1, 2014",15937,60
16,2102,"Tuesday, April 1, 2014",20058,64
16,2102,"Tuesday, April 1, 2014",39813,68
16,2102,"Tuesday, April 1, 2014",84,77
16,2102,"Tuesday, April 1, 2014",88901,60
16,2102,"Tuesday, April 1, 2014",71,89
16,2102,"Tuesday, April 1, 2014",63,65
16,2102,"Tuesday, April 1, 2014",2801,70
16,2102,"Tuesday, April 1, 2014",62356,90
16,2102,"Tuesday, April 1, 2014",6001,61
16,2102,"Tuesday, April 1, 2014",66002,75
16,2102,"Tuesday, April 1, 2014",71,79
16,2102,"Tuesday, April 1, 2014",12,62
16,2102,"Tuesday, April 1, 2014",158,84
16,2102,"Tuesday, April 1, 2014",43001,77
16,2102,"Tuesday, April 1, 2014",84,81
16,2102,"Tuesday, April 1, 2014",40003,61
16,2102,"Tuesday, April 1, 2014",68,74
16,2102,"Tuesday, April 1, 2014",188,81
16,2102,"Tuesday, April 1, 2014",38848,70
16,2102,"Tuesday, April 1, 2014",14,84
16,2102,"Tuesday, April 1, 2014",43001,69
16,2102,"Tuesday, April 1, 2014",50001,62
16,2102,"Tuesday, April 1, 2014",24701,84
16,2102,"Tuesday, April 1, 2014",116,79
16,2102,"Tuesday, April 1, 2014",71601,67
16,2102,"Tuesday, April 1, 2014",20058,80
16,2102,"Tuesday, April 1, 2014",2801,67
16,2102,"Tuesday, April 1, 2014",501,69
16,2102,"Tuesday, April 1, 2014",42223,73
16,2102,"Tuesday, April 1, 2014",20058,65
16,2102,"Tuesday, April 1, 2014",2801,71
16,2102,"Tuesday, April 1, 2014",62356,84
16,2102,"Tuesday, April 1, 2014",39813,75
16,2102,"Tuesday, April 1, 2014",58001,76
16,2102,"Tuesday, April 1, 2014",20041,78
16,2102,"Tuesday, April 1, 2014",188,89
16,2102,"Tuesday, April 1, 2014",64,88
16,2102,"Tuesday, April 1, 2014",501,66
16,2102,"Tuesday, April 1, 2014",42223,77
16,2102,"Tuesday, April 1, 2014",40003,68
16,2102,"Tuesday, April 1, 2014",48001,73
16,2102,"Tuesday, April 1, 2014",19701,73
16,2102,"Tuesday, April 1, 2014",501,67
16,2102,"Tuesday, April 1, 2014",84,85
16,2102,"Tuesday, April 1, 2014",12,62
16,2102,"Tuesday, April 1, 2014",20041,87
16,2102,"Tuesday, April 1, 2014",56,86
16,2102,"Tuesday, April 1, 2014",88901,83
16,2102,"Tuesday, April 1, 2014",2801,81
16,2102,"Tuesday, April 1, 2014",39813,64
16,2102,"Tuesday, April 1, 2014",27,87
16,2102,"Tuesday, April 1, 2014",20001,82
16,2102,"Tuesday, April 1, 2014",20041,60
16,2102,"Tuesday, April 1, 2014",71601,62
16,2102,"Tuesday, April 1, 2014",1,71
16,2102,"Tuesday, April 1, 2014",24701,76
16,2102,"Tuesday, April 1, 2014",50001,61
16,2102,"Tuesday, April 1, 2014",84,78
16,2102,"Tuesday, April 1, 2014",59,84
16,2102,"Tuesday, April 1, 2014",15937,67
16,2102,"Tuesday, April 1, 2014",50001,87
16,2102,"Tuesday, April 1, 2014",20041,71
16,2102,"Tuesday, April 1, 2014",59,85
16,2102,"Tuesday, April 1, 2014",63,84
16,2102,"Tuesday, April 1, 2014",71,88
16,2102,"Tuesday, April 1, 2014",35004,64
16,2102,"Tuesday, April 1, 2014",67,76
16,2102,"Tuesday, April 1, 2014",7001,73
16,2102,"Tuesday, April 1, 2014",56,81
16,2102,"Tuesday, April 1, 2014",40003,62
16,2102,"Tuesday, April 1, 2014",501,89
16,2102,"Tuesday, April 1, 2014",63,65
16,2102,"Tuesday, April 1, 2014",66002,62
16,2102,"Tuesday, April 1, 2014",2801,60
16,2102,"Tuesday, April 1, 2014",15937,68
16,2102,"Tuesday, April 1, 2014",68,82
16,2102,"Tuesday, April 1, 2014",71,82
16,2102,"Tuesday, April 1, 2014",43001,71
16,2102,"Tuesday, April 1, 2014",501,84
16,2102,"Tuesday, April 1, 2014",50001,61
16,2102,"Tuesday, April 1, 2014",38848,73
18,2102,"Sunday, June 1, 2014",24701,75
18,2102,"Sunday, June 1, 2014",3033,65
18,2102,"Sunday, June 1, 2014",39813,67
18,2102,"Sunday, June 1, 2014",84,89
18,2102,"Sunday, June 1, 2014",3033,61
18,2102,"Sunday, June 1, 2014",1,88
18,2102,"Sunday, June 1, 2014",62356,62
18,2102,"Sunday, June 1, 2014",63,88
18,2102,"Sunday, June 1, 2014",40003,64
18,2102,"Sunday, June 1, 2014",7001,82
18,2102,"Sunday, June 1, 2014",68,61
18,2102,"Sunday, June 1, 2014",46001,69
18,2102,"Sunday, June 1, 2014",82001,83
18,2102,"Sunday, June 1, 2014",41,70
18,2102,"Sunday, June 1, 2014",50001,68
18,2102,"Sunday, June 1, 2014",59,85
18,2102,"Sunday, June 1, 2014",40003,88
18,2102,"Sunday, June 1, 2014",58001,74
18,2102,"Sunday, June 1, 2014",20001,80
18,2102,"Sunday, June 1, 2014",43001,77
18,2102,"Sunday, June 1, 2014",15937,62
18,2102,"Sunday, June 1, 2014",1,65
18,2102,"Sunday, June 1, 2014",5101,68
18,2102,"Sunday, June 1, 2014",20058,87
18,2102,"Sunday, June 1, 2014",62356,65
18,2102,"Sunday, June 1, 2014",82001,62
18,2102,"Sunday, June 1, 2014",35004,78
18,2102,"Sunday, June 1, 2014",58001,61
18,2102,"Sunday, June 1, 2014",71,87
18,2102,"Sunday, June 1, 2014",3033,88
18,2102,"Sunday, June 1, 2014",58001,68
18,2102,"Sunday, June 1, 2014",46001,60
18,2102,"Sunday, June 1, 2014",43001,65
18,2102,"Sunday, June 1, 2014",82001,61
18,2102,"Sunday, June 1, 2014",158,81
18,2102,"Sunday, June 1, 2014",42223,62
18,2102,"Sunday, June 1, 2014",5101,81
18,2102,"Sunday, June 1, 2014",62356,77
18,2102,"Sunday, June 1, 2014",35004,81
18,2102,"Sunday, June 1, 2014",59,68
18,2102,"Sunday, June 1, 2014",57001,62
18,2102,"Sunday, June 1, 2014",53001,73
18,2102,"Sunday, June 1, 2014",53001,88
18,2102,"Sunday, June 1, 2014",42223,60
18,2102,"Sunday, June 1, 2014",2801,65
18,2102,"Sunday, June 1, 2014",27,85
18,2102,"Sunday, June 1, 2014",63005,71
18,2102,"Sunday, June 1, 2014",62356,75
18,2102,"Sunday, June 1, 2014",53001,61
18,2102,"Sunday, June 1, 2014",57001,65
18,2102,"Sunday, June 1, 2014",84,61
18,2102,"Sunday, June 1, 2014",68001,89
18,2102,"Sunday, June 1, 2014",68001,81
18,2102,"Sunday, June 1, 2014",42223,66
18,2102,"Sunday, June 1, 2014",88901,74
18,2102,"Sunday, June 1, 2014",2801,67
18,2102,"Sunday, June 1, 2014",68,90
18,2102,"Sunday, June 1, 2014",35004,60
18,2102,"Sunday, June 1, 2014",501,82
18,2102,"Sunday, June 1, 2014",50001,72
18,2102,"Sunday, June 1, 2014",84,64
18,2102,"Sunday, June 1, 2014",6001,61
18,2102,"Sunday, June 1, 2014",501,66
18,2102,"Sunday, June 1, 2014",7001,74
18,2102,"Sunday, June 1, 2014",56,74
18,2102,"Sunday, June 1, 2014",116,90
18,2102,"Sunday, June 1, 2014",71601,66
18,2102,"Sunday, June 1, 2014",1,68
18,2102,"Sunday, June 1, 2014",1,90
18,2102,"Sunday, June 1, 2014",62356,62
18,2102,"Sunday, June 1, 2014",27,62
18,2102,"Sunday, June 1, 2014",6001,71
18,2102,"Sunday, June 1, 2014",158,85
18,2102,"Sunday, June 1, 2014",82001,88
18,2102,"Sunday, June 1, 2014",57001,65
18,2102,"Sunday, June 1, 2014",3033,76
18,2102,"Sunday, June 1, 2014",68001,75
18,2102,"Sunday, June 1, 2014",6001,62
18,2102,"Sunday, June 1, 2014",6001,81
18,2102,"Sunday, June 1, 2014",84,72
18,2102,"Sunday, June 1, 2014",56,76
18,2102,"Sunday, June 1, 2014",68,66
18,2102,"Sunday, June 1, 2014",50001,72
18,2102,"Sunday, June 1, 2014",84,85
18,2102,"Sunday, June 1, 2014",2801,63
18,2102,"Sunday, June 1, 2014",43001,89
18,2102,"Sunday, June 1, 2014",20001,70
20,2102,"Friday, August 1, 2014",82001,76
20,2102,"Friday, August 1, 2014",116,77
20,2102,"Friday, August 1, 2014",67,66
20,2102,"Friday, August 1, 2014",1,68
20,2102,"Friday, August 1, 2014",7001,90
20,2102,"Friday, August 1, 2014",3033,80
20,2102,"Friday, August 1, 2014",58001,75
20,2102,"Friday, August 1, 2014",41,66
20,2102,"Friday, August 1, 2014",116,60
20,2102,"Friday, August 1, 2014",88901,89
20,2102,"Friday, August 1, 2014",82001,68
20,2102,"Friday, August 1, 2014",20041,66
20,2102,"Friday, August 1, 2014",158,89
20,2102,"Friday, August 1, 2014",20058,60
20,2102,"Friday, August 1, 2014",48001,80
20,2102,"Friday, August 1, 2014",71601,83
20,2102,"Friday, August 1, 2014",116,66
20,2102,"Friday, August 1, 2014",188,89
20,2102,"Friday, August 1, 2014",67,90
20,2102,"Friday, August 1, 2014",20041,63
20,2102,"Friday, August 1, 2014",71,76
20,2102,"Friday, August 1, 2014",501,71
20,2102,"Friday, August 1, 2014",1,79
20,2102,"Friday, August 1, 2014",63005,67
20,2102,"Friday, August 1, 2014",20058,81
20,2102,"Friday, August 1, 2014",29001,74
20,2102,"Friday, August 1, 2014",68,74
20,2102,"Friday, August 1, 2014",48001,73
20,2102,"Friday, August 1, 2014",88901,63
20,2102,"Friday, August 1, 2014",20001,71
20,2102,"Friday, August 1, 2014",20041,88
20,2102,"Friday, August 1, 2014",7001,78
20,2102,"Friday, August 1, 2014",88901,81
20,2102,"Friday, August 1, 2014",15937,67
20,2102,"Friday, August 1, 2014",40003,83
20,2102,"Friday, August 1, 2014",15937,67
20,2102,"Friday, August 1, 2014",58001,61
20,2102,"Friday, August 1, 2014",40003,81
20,2102,"Friday, August 1, 2014",53001,83
20,2102,"Friday, August 1, 2014",20041,76
20,2102,"Friday, August 1, 2014",39813,63
20,2102,"Friday, August 1, 2014",20041,86
20,2102,"Friday, August 1, 2014",35004,87
20,2102,"Friday, August 1, 2014",158,82
20,2102,"Friday, August 1, 2014",188,80
20,2102,"Friday, August 1, 2014",57001,82
20,2102,"Friday, August 1, 2014",24701,70
20,2102,"Friday, August 1, 2014",46001,67
20,2102,"Friday, August 1, 2014",24701,68
20,2102,"Friday, August 1, 2014",42223,85
20,2102,"Friday, August 1, 2014",39813,80
20,2102,"Friday, August 1, 2014",5101,74
20,2102,"Friday, August 1, 2014",6001,88
20,2102,"Friday, August 1, 2014",41,74
20,2102,"Friday, August 1, 2014",29001,70
20,2102,"Friday, August 1, 2014",71,62
20,2102,"Friday, August 1, 2014",68,90
20,2102,"Friday, August 1, 2014",116,67
20,2102,"Friday, August 1, 2014",64,72
20,2102,"Friday, August 1, 2014",57001,68
20,2102,"Friday, August 1, 2014",53001,69
20,2102,"Friday, August 1, 2014",56,77
20,2102,"Friday, August 1, 2014",19701,64
20,2102,"Friday, August 1, 2014",6001,60
20,2102,"Friday, August 1, 2014",14,60
20,2102,"Friday, August 1, 2014",35004,74
20,2102,"Friday, August 1, 2014",50001,87
20,2102,"Friday, August 1, 2014",1,73
20,2102,"Friday, August 1, 2014",12,72
20,2102,"Friday, August 1, 2014",20058,67
20,2102,"Friday, August 1, 2014",84,82
20,2102,"Friday, August 1, 2014",6001,89
20,2102,"Friday, August 1, 2014",84,81
20,2102,"Friday, August 1, 2014",188,85
20,2102,"Friday, August 1, 2014",84,64
20,2102,"Friday, August 1, 2014",56,65
20,2102,"Friday, August 1, 2014",20041,72
20,2102,"Friday, August 1, 2014",88901,64
20,2102,"Friday, August 1, 2014",20041,62
20,2102,"Friday, August 1, 2014",15937,83
20,2102,"Friday, August 1, 2014",20041,60
20,2102,"Friday, August 1, 2014",59,74
20,2102,"Friday, August 1, 2014",27,75
20,2102,"Friday, August 1, 2014",63,87
20,2102,"Friday, August 1, 2014",43001,65
20,2102,"Friday, August 1, 2014",64,67
20,2102,"Friday, August 1, 2014",88901,75
20,2102,"Friday, August 1, 2014",46001,70
20,2102,"Friday, August 1, 2014",53001,66
10,2102,"Tuesday, October 1, 2013",15937,84
10,2102,"Tuesday, October 1, 2013",56,70
10,2102,"Tuesday, October 1, 2013",50001,69
10,2102,"Tuesday, October 1, 2013",7001,71
10,2102,"Tuesday, October 1, 2013",58001,89
10,2102,"Tuesday, October 1, 2013",40003,77
10,2102,"Tuesday, October 1, 2013",48001,86
10,2102,"Tuesday, October 1, 2013",39813,61
10,2102,"Tuesday, October 1, 2013",84,77
10,2102,"Tuesday, October 1, 2013",29001,85
10,2102,"Tuesday, October 1, 2013",84,68
10,2102,"Tuesday, October 1, 2013",38848,60
10,2102,"Tuesday, October 1, 2013",88901,69
10,2102,"Tuesday, October 1, 2013",40003,63
10,2102,"Tuesday, October 1, 2013",188,60
10,2102,"Tuesday, October 1, 2013",14,73
10,2102,"Tuesday, October 1, 2013",5101,65
10,2102,"Tuesday, October 1, 2013",188,67
10,2102,"Tuesday, October 1, 2013",48001,65
10,2102,"Tuesday, October 1, 2013",68001,80
10,2102,"Tuesday, October 1, 2013",58001,61
10,2102,"Tuesday, October 1, 2013",63005,77
10,2102,"Tuesday, October 1, 2013",2801,60
10,2102,"Tuesday, October 1, 2013",82001,86
10,2102,"Tuesday, October 1, 2013",59,60
10,2102,"Tuesday, October 1, 2013",2801,60
10,2102,"Tuesday, October 1, 2013",68,88
10,2102,"Tuesday, October 1, 2013",20041,85
10,2102,"Tuesday, October 1, 2013",20041,69
10,2102,"Tuesday, October 1, 2013",188,81
10,2102,"Tuesday, October 1, 2013",20041,72
10,2102,"Tuesday, October 1, 2013",67,67
10,2102,"Tuesday, October 1, 2013",501,82
10,2102,"Tuesday, October 1, 2013",50001,74
10,2102,"Tuesday, October 1, 2013",7001,69
10,2102,"Tuesday, October 1, 2013",29001,65
10,2102,"Tuesday, October 1, 2013",63005,73
10,2102,"Tuesday, October 1, 2013",15937,78
10,2102,"Tuesday, October 1, 2013",35004,86
10,2102,"Tuesday, October 1, 2013",20001,67
10,2102,"Tuesday, October 1, 2013",24701,84
10,2102,"Tuesday, October 1, 2013",88901,71
10,2102,"Tuesday, October 1, 2013",7001,80
10,2102,"Tuesday, October 1, 2013",2801,60
10,2102,"Tuesday, October 1, 2013",43001,85
10,2102,"Tuesday, October 1, 2013",88901,75
10,2102,"Tuesday, October 1, 2013",67,76
10,2102,"Tuesday, October 1, 2013",68,62
10,2102,"Tuesday, October 1, 2013",20001,78
10,2102,"Tuesday, October 1, 2013",20041,68
10,2102,"Tuesday, October 1, 2013",53001,82
10,2102,"Tuesday, October 1, 2013",19701,68
10,2102,"Tuesday, October 1, 2013",29001,86
10,2102,"Tuesday, October 1, 2013",41,68
10,2102,"Tuesday, October 1, 2013",116,67
10,2102,"Tuesday, October 1, 2013",14,77
10,2102,"Tuesday, October 1, 2013",48001,75
10,2102,"Tuesday, October 1, 2013",72,83
10,2102,"Tuesday, October 1, 2013",63005,81
10,2102,"Tuesday, October 1, 2013",41,65
10,2102,"Tuesday, October 1, 2013",63,64
10,2102,"Tuesday, October 1, 2013",40003,82
10,2102,"Tuesday, October 1, 2013",158,84
10,2102,"Tuesday, October 1, 2013",5101,77
10,2102,"Tuesday, October 1, 2013",501,84
10,2102,"Tuesday, October 1, 2013",38848,71
10,2102,"Tuesday, October 1, 2013",72,69
10,2102,"Tuesday, October 1, 2013",67,89
10,2102,"Tuesday, October 1, 2013",158,76
10,2102,"Tuesday, October 1, 2013",84,71
10,2102,"Tuesday, October 1, 2013",72,76
10,2102,"Tuesday, October 1, 2013",84,72
10,2102,"Tuesday, October 1, 2013",188,70
10,2102,"Tuesday, October 1, 2013",66002,85
10,2102,"Tuesday, October 1, 2013",50001,61
10,2102,"Tuesday, October 1, 2013",20058,60
10,2102,"Tuesday, October 1, 2013",158,88
10,2102,"Tuesday, October 1, 2013",19701,83
10,2102,"Tuesday, October 1, 2013",7001,81
10,2102,"Tuesday, October 1, 2013",188,69
10,2102,"Tuesday, October 1, 2013",53001,67
10,2102,"Tuesday, October 1, 2013",158,82
10,2102,"Tuesday, October 1, 2013",188,68
10,2102,"Tuesday, October 1, 2013",68001,84
10,2102,"Tuesday, October 1, 2013",71601,60
10,2102,"Tuesday, October 1, 2013",62356,81
10,2102,"Tuesday, October 1, 2013",20001,75
10,2102,"Tuesday, October 1, 2013",46001,78
10,2102,"Tuesday, October 1, 2013",63005,85
17,2102,"Thursday, May 1, 2014",43001,79
17,2102,"Thursday, May 1, 2014",41,80
17,2102,"Thursday, May 1, 2014",43001,68
17,2102,"Thursday, May 1, 2014",42223,77
17,2102,"Thursday, May 1, 2014",88901,72
17,2102,"Thursday, May 1, 2014",50001,64
17,2102,"Thursday, May 1, 2014",35004,63
17,2102,"Thursday, May 1, 2014",71601,80
17,2102,"Thursday, May 1, 2014",39813,71
17,2102,"Thursday, May 1, 2014",42223,76
17,2102,"Thursday, May 1, 2014",64,65
17,2102,"Thursday, May 1, 2014",24701,75
17,2102,"Thursday, May 1, 2014",6001,86
17,2102,"Thursday, May 1, 2014",56,76
17,2102,"Thursday, May 1, 2014",14,76
17,2102,"Thursday, May 1, 2014",58001,69
17,2102,"Thursday, May 1, 2014",50001,65
17,2102,"Thursday, May 1, 2014",29001,90
17,2102,"Thursday, May 1, 2014",20001,82
17,2102,"Thursday, May 1, 2014",3033,88
17,2102,"Thursday, May 1, 2014",1,70
17,2102,"Thursday, May 1, 2014",1,81
17,2102,"Thursday, May 1, 2014",12,65
17,2102,"Thursday, May 1, 2014",12,83
17,2102,"Thursday, May 1, 2014",15937,74
17,2102,"Thursday, May 1, 2014",188,65
17,2102,"Thursday, May 1, 2014",53001,87
17,2102,"Thursday, May 1, 2014",19701,78
17,2102,"Thursday, May 1, 2014",53001,66
17,2102,"Thursday, May 1, 2014",56,85
17,2102,"Thursday, May 1, 2014",63005,87
17,2102,"Thursday, May 1, 2014",68001,80
17,2102,"Thursday, May 1, 2014",46001,67
17,2102,"Thursday, May 1, 2014",2801,83
17,2102,"Thursday, May 1, 2014",41,67
17,2102,"Thursday, May 1, 2014",6001,88
17,2102,"Thursday, May 1, 2014",71601,63
17,2102,"Thursday, May 1, 2014",20001,66
17,2102,"Thursday, May 1, 2014",38848,73
17,2102,"Thursday, May 1, 2014",35004,62
17,2102,"Thursday, May 1, 2014",66002,88
17,2102,"Thursday, May 1, 2014",1,60
17,2102,"Thursday, May 1, 2014",58001,78
17,2102,"Thursday, May 1, 2014",58001,65
17,2102,"Thursday, May 1, 2014",88901,65
17,2102,"Thursday, May 1, 2014",53001,83
17,2102,"Thursday, May 1, 2014",29001,72
17,2102,"Thursday, May 1, 2014",46001,89
17,2102,"Thursday, May 1, 2014",67,69
17,2102,"Thursday, May 1, 2014",2801,65
17,2102,"Thursday, May 1, 2014",63,81
17,2102,"Thursday, May 1, 2014",41,84
17,2102,"Thursday, May 1, 2014",158,71
17,2102,"Thursday, May 1, 2014",19701,67
17,2102,"Thursday, May 1, 2014",43001,60
17,2102,"Thursday, May 1, 2014",5101,76
17,2102,"Thursday, May 1, 2014",29001,64
17,2102,"Thursday, May 1, 2014",24701,83
17,2102,"Thursday, May 1, 2014",62356,78
17,2102,"Thursday, May 1, 2014",20041,60
17,2102,"Thursday, May 1, 2014",88901,63
17,2102,"Thursday, May 1, 2014",88901,67
17,2102,"Thursday, May 1, 2014",41,89
17,2102,"Thursday, May 1, 2014",2801,66
17,2102,"Thursday, May 1, 2014",38848,64
17,2102,"Thursday, May 1, 2014",41,77
17,2102,"Thursday, May 1, 2014",39813,84
17,2102,"Thursday, May 1, 2014",43001,66
17,2102,"Thursday, May 1, 2014",27,89
17,2102,"Thursday, May 1, 2014",43001,60
17,2102,"Thursday, May 1, 2014",50001,67
17,2102,"Thursday, May 1, 2014",57001,69
17,2102,"Thursday, May 1, 2014",67,79
17,2102,"Thursday, May 1, 2014",5101,87
17,2102,"Thursday, May 1, 2014",1,69
17,2102,"Thursday, May 1, 2014",82001,62
17,2102,"Thursday, May 1, 2014",14,72
17,2102,"Thursday, May 1, 2014",7001,84
17,2102,"Thursday, May 1, 2014",43001,62
17,2102,"Thursday, May 1, 2014",68,68
17,2102,"Thursday, May 1, 2014",38848,84
17,2102,"Thursday, May 1, 2014",43001,68
17,2102,"Thursday, May 1, 2014",38848,67
17,2102,"Thursday, May 1, 2014",68001,73
17,2102,"Thursday, May 1, 2014",62356,78
17,2102,"Thursday, May 1, 2014",82001,64
17,2102,"Thursday, May 1, 2014",20058,67
17,2102,"Thursday, May 1, 2014",57001,88
17,2102,"Thursday, May 1, 2014",3033,81
17,2102,"Thursday, May 1, 2014",20041,90
17,2102,"Thursday, May 1, 2014",71,73
17,2102,"Thursday, May 1, 2014",27,70
17,2102,"Thursday, May 1, 2014",41,89
17,2102,"Thursday, May 1, 2014",42223,72
9,2102,"Sunday, September 1, 2013",50001,69
9,2102,"Sunday, September 1, 2013",501,79
9,2102,"Sunday, September 1, 2013",43001,73
9,2102,"Sunday, September 1, 2013",58001,70
9,2102,"Sunday, September 1, 2013",12,74
9,2102,"Sunday, September 1, 2013",40003,89
9,2102,"Sunday, September 1, 2013",2801,81
9,2102,"Sunday, September 1, 2013",40003,68
9,2102,"Sunday, September 1, 2013",3033,69
9,2102,"Sunday, September 1, 2013",5101,62
9,2102,"Sunday, September 1, 2013",53001,70
9,2102,"Sunday, September 1, 2013",27,90
9,2102,"Sunday, September 1, 2013",71,74
9,2102,"Sunday, September 1, 2013",40003,71
9,2102,"Sunday, September 1, 2013",27,67
9,2102,"Sunday, September 1, 2013",63,78
9,2102,"Sunday, September 1, 2013",71601,69
9,2102,"Sunday, September 1, 2013",67,85
9,2102,"Sunday, September 1, 2013",88901,68
9,2102,"Sunday, September 1, 2013",19701,88
9,2102,"Sunday, September 1, 2013",38848,82
9,2102,"Sunday, September 1, 2013",68001,61
9,2102,"Sunday, September 1, 2013",3033,87
9,2102,"Sunday, September 1, 2013",6001,72
9,2102,"Sunday, September 1, 2013",72,89
9,2102,"Sunday, September 1, 2013",12,86
9,2102,"Sunday, September 1, 2013",48001,83
9,2102,"Sunday, September 1, 2013",2801,79
9,2102,"Sunday, September 1, 2013",63,86
9,2102,"Sunday, September 1, 2013",84,70
9,2102,"Sunday, September 1, 2013",501,72
9,2102,"Sunday, September 1, 2013",64,77
9,2102,"Sunday, September 1, 2013",188,67
9,2102,"Sunday, September 1, 2013",38848,77
9,2102,"Sunday, September 1, 2013",67,84
9,2102,"Sunday, September 1, 2013",42223,76
9,2102,"Sunday, September 1, 2013",2801,69
9,2102,"Sunday, September 1, 2013",6001,67
9,2102,"Sunday, September 1, 2013",501,61
9,2102,"Sunday, September 1, 2013",43001,63
9,2102,"Sunday, September 1, 2013",20041,75
9,2102,"Sunday, September 1, 2013",68001,73
9,2102,"Sunday, September 1, 2013",63005,72
9,2102,"Sunday, September 1, 2013",68,85
9,2102,"Sunday, September 1, 2013",14,87
9,2102,"Sunday, September 1, 2013",7001,83
9,2102,"Sunday, September 1, 2013",63,82
9,2102,"Sunday, September 1, 2013",40003,61
9,2102,"Sunday, September 1, 2013",66002,77
9,2102,"Sunday, September 1, 2013",14,83
9,2102,"Sunday, September 1, 2013",38848,70
9,2102,"Sunday, September 1, 2013",71601,60
9,2102,"Sunday, September 1, 2013",63005,86
9,2102,"Sunday, September 1, 2013",59,84
9,2102,"Sunday, September 1, 2013",53001,69
9,2102,"Sunday, September 1, 2013",53001,73
9,2102,"Sunday, September 1, 2013",116,76
9,2102,"Sunday, September 1, 2013",14,66
9,2102,"Sunday, September 1, 2013",12,61
9,2102,"Sunday, September 1, 2013",7001,89
9,2102,"Sunday, September 1, 2013",27,73
9,2102,"Sunday, September 1, 2013",88901,84
9,2102,"Sunday, September 1, 2013",40003,84
9,2102,"Sunday, September 1, 2013",72,84
9,2102,"Sunday, September 1, 2013",68,82
9,2102,"Sunday, September 1, 2013",158,67
9,2102,"Sunday, September 1, 2013",29001,68
9,2102,"Sunday, September 1, 2013",43001,78
9,2102,"Sunday, September 1, 2013",20058,83
9,2102,"Sunday, September 1, 2013",66002,63
9,2102,"Sunday, September 1, 2013",27,64
9,2102,"Sunday, September 1, 2013",20041,60
9,2102,"Sunday, September 1, 2013",82001,70
9,2102,"Sunday, September 1, 2013",1,73
9,2102,"Sunday, September 1, 2013",88901,83
9,2102,"Sunday, September 1, 2013",29001,86
9,2102,"Sunday, September 1, 2013",6001,72
9,2102,"Sunday, September 1, 2013",64,75
9,2102,"Sunday, September 1, 2013",24701,87
9,2102,"Sunday, September 1, 2013",27,72
9,2102,"Sunday, September 1, 2013",43001,90
9,2102,"Sunday, September 1, 2013",43001,77
9,2102,"Sunday, September 1, 2013",63,79
9,2102,"Sunday, September 1, 2013",1,72
9,2102,"Sunday, September 1, 2013",53001,74
9,2102,"Sunday, September 1, 2013",188,87
9,2102,"Sunday, September 1, 2013",38848,65
9,2102,"Sunday, September 1, 2013",68,82
9,2102,"Sunday, September 1, 2013",71601,66
9,2102,"Sunday, September 1, 2013",66002,83
9,2102,"Sunday, September 1, 2013",158,65
9,2102,"Sunday, September 1, 2013",71,60
9,2102,"Sunday, September 1, 2013",48001,79
9,2102,"Sunday, September 1, 2013",57001,76
9,2102,"Sunday, September 1, 2013",68,75
9,2102,"Sunday, September 1, 2013",20058,74
9,2102,"Sunday, September 1, 2013",41,77
13,2102,"Wednesday, January 1, 2014",3033,63
13,2102,"Wednesday, January 1, 2014",66002,73
13,2102,"Wednesday, January 1, 2014",40003,69
13,2102,"Wednesday, January 1, 2014",2801,83
13,2102,"Wednesday, January 1, 2014",84,60
13,2102,"Wednesday, January 1, 2014",46001,70
13,2102,"Wednesday, January 1, 2014",48001,81
13,2102,"Wednesday, January 1, 2014",20058,62
13,2102,"Wednesday, January 1, 2014",1,78
13,2102,"Wednesday, January 1, 2014",88901,74
13,2102,"Wednesday, January 1, 2014",63005,83
13,2102,"Wednesday, January 1, 2014",3033,77
13,2102,"Wednesday, January 1, 2014",15937,61
13,2102,"Wednesday, January 1, 2014",38848,63
13,2102,"Wednesday, January 1, 2014",84,68
13,2102,"Wednesday, January 1, 2014",56,88
13,2102,"Wednesday, January 1, 2014",188,69
13,2102,"Wednesday, January 1, 2014",14,60
13,2102,"Wednesday, January 1, 2014",62356,84
13,2102,"Wednesday, January 1, 2014",82001,90
13,2102,"Wednesday, January 1, 2014",35004,85
13,2102,"Wednesday, January 1, 2014",46001,74
13,2102,"Wednesday, January 1, 2014",27,73
13,2102,"Wednesday, January 1, 2014",116,84
13,2102,"Wednesday, January 1, 2014",2801,64
13,2102,"Wednesday, January 1, 2014",46001,64
13,2102,"Wednesday, January 1, 2014",67,66
13,2102,"Wednesday, January 1, 2014",40003,90
13,2102,"Wednesday, January 1, 2014",67,65
13,2102,"Wednesday, January 1, 2014",20001,88
13,2102,"Wednesday, January 1, 2014",20001,71
13,2102,"Wednesday, January 1, 2014",46001,73
13,2102,"Wednesday, January 1, 2014",66002,84
13,2102,"Wednesday, January 1, 2014",41,76
13,2102,"Wednesday, January 1, 2014",56,68
13,2102,"Wednesday, January 1, 2014",7001,71
13,2102,"Wednesday, January 1, 2014",35004,82
13,2102,"Wednesday, January 1, 2014",24701,86
13,2102,"Wednesday, January 1, 2014",7001,72
13,2102,"Wednesday, January 1, 2014",48001,89
13,2102,"Wednesday, January 1, 2014",39813,79
13,2102,"Wednesday, January 1, 2014",66002,89
13,2102,"Wednesday, January 1, 2014",41,82
13,2102,"Wednesday, January 1, 2014",88901,81
13,2102,"Wednesday, January 1, 2014",501,85
13,2102,"Wednesday, January 1, 2014",29001,68
13,2102,"Wednesday, January 1, 2014",67,89
13,2102,"Wednesday, January 1, 2014",66002,89
13,2102,"Wednesday, January 1, 2014",63005,66
13,2102,"Wednesday, January 1, 2014",27,69
13,2102,"Wednesday, January 1, 2014",6001,87
13,2102,"Wednesday, January 1, 2014",56,64
13,2102,"Wednesday, January 1, 2014",64,61
13,2102,"Wednesday, January 1, 2014",35004,68
13,2102,"Wednesday, January 1, 2014",2801,78
13,2102,"Wednesday, January 1, 2014",20058,71
13,2102,"Wednesday, January 1, 2014",43001,89
13,2102,"Wednesday, January 1, 2014",19701,70
13,2102,"Wednesday, January 1, 2014",53001,83
13,2102,"Wednesday, January 1, 2014",39813,81
13,2102,"Wednesday, January 1, 2014",71,90
13,2102,"Wednesday, January 1, 2014",188,88
13,2102,"Wednesday, January 1, 2014",48001,63
13,2102,"Wednesday, January 1, 2014",88901,65
13,2102,"Wednesday, January 1, 2014",62356,66
13,2102,"Wednesday, January 1, 2014",50001,63
13,2102,"Wednesday, January 1, 2014",41,82
13,2102,"Wednesday, January 1, 2014",39813,90
13,2102,"Wednesday, January 1, 2014",7001,64
13,2102,"Wednesday, January 1, 2014",71601,73
13,2102,"Wednesday, January 1, 2014",82001,66
13,2102,"Wednesday, January 1, 2014",6001,75
13,2102,"Wednesday, January 1, 2014",42223,84
13,2102,"Wednesday, January 1, 2014",39813,60
13,2102,"Wednesday, January 1, 2014",48001,89
13,2102,"Wednesday, January 1, 2014",7001,90
13,2102,"Wednesday, January 1, 2014",40003,83
13,2102,"Wednesday, January 1, 2014",5101,60
13,2102,"Wednesday, January 1, 2014",72,88
13,2102,"Wednesday, January 1, 2014",72,66
13,2102,"Wednesday, January 1, 2014",48001,88
13,2102,"Wednesday, January 1, 2014",35004,85
13,2102,"Wednesday, January 1, 2014",82001,74
13,2102,"Wednesday, January 1, 2014",29001,70
13,2102,"Wednesday, January 1, 2014",20041,88
13,2102,"Wednesday, January 1, 2014",88901,72
13,2102,"Wednesday, January 1, 2014",5101,60
13,2102,"Wednesday, January 1, 2014",68,84
13,2102,"Wednesday, January 1, 2014",57001,83
13,2102,"Wednesday, January 1, 2014",71601,79
13,2102,"Wednesday, January 1, 2014",63005,63
13,2102,"Wednesday, January 1, 2014",71601,61
13,2102,"Wednesday, January 1, 2014",7001,62
13,2102,"Wednesday, January 1, 2014",29001,67
13,2102,"Wednesday, January 1, 2014",88901,90
13,2102,"Wednesday, January 1, 2014",63,87
13,2102,"Wednesday, January 1, 2014",46001,89
13,2102,"Wednesday, January 1, 2014",64,88
24,2102,"Monday, December 1, 2014",41,84
24,2102,"Monday, December 1, 2014",53001,73
24,2102,"Monday, December 1, 2014",1,66
24,2102,"Monday, December 1, 2014",5101,90
24,2102,"Monday, December 1, 2014",56,63
24,2102,"Monday, December 1, 2014",1,81
24,2102,"Monday, December 1, 2014",5101,87
24,2102,"Monday, December 1, 2014",41,68
24,2102,"Monday, December 1, 2014",14,68
24,2102,"Monday, December 1, 2014",1,69
24,2102,"Monday, December 1, 2014",68,75
24,2102,"Monday, December 1, 2014",82001,89
24,2102,"Monday, December 1, 2014",158,80
24,2102,"Monday, December 1, 2014",68,62
24,2102,"Monday, December 1, 2014",63,87
24,2102,"Monday, December 1, 2014",116,84
24,2102,"Monday, December 1, 2014",158,79
24,2102,"Monday, December 1, 2014",71,87
24,2102,"Monday, December 1, 2014",158,74
24,2102,"Monday, December 1, 2014",20001,72
24,2102,"Monday, December 1, 2014",27,80
24,2102,"Monday, December 1, 2014",56,60
24,2102,"Monday, December 1, 2014",6001,85
24,2102,"Monday, December 1, 2014",53001,67
24,2102,"Monday, December 1, 2014",71,83
24,2102,"Monday, December 1, 2014",12,69
24,2102,"Monday, December 1, 2014",39813,90
24,2102,"Monday, December 1, 2014",35004,81
24,2102,"Monday, December 1, 2014",5101,75
24,2102,"Monday, December 1, 2014",12,74
24,2102,"Monday, December 1, 2014",41,74
24,2102,"Monday, December 1, 2014",63005,83
24,2102,"Monday, December 1, 2014",188,90
24,2102,"Monday, December 1, 2014",59,90
24,2102,"Monday, December 1, 2014",66002,60
24,2102,"Monday, December 1, 2014",66002,75
24,2102,"Monday, December 1, 2014",46001,68
24,2102,"Monday, December 1, 2014",41,76
24,2102,"Monday, December 1, 2014",20001,75
24,2102,"Monday, December 1, 2014",2801,69
24,2102,"Monday, December 1, 2014",82001,67
24,2102,"Monday, December 1, 2014",41,63
24,2102,"Monday, December 1, 2014",72,64
24,2102,"Monday, December 1, 2014",43001,84
24,2102,"Monday, December 1, 2014",20058,65
24,2102,"Monday, December 1, 2014",71601,64
24,2102,"Monday, December 1, 2014",20041,61
24,2102,"Monday, December 1, 2014",68001,74
24,2102,"Monday, December 1, 2014",14,80
24,2102,"Monday, December 1, 2014",501,71
24,2102,"Monday, December 1, 2014",82001,67
24,2102,"Monday, December 1, 2014",158,60
24,2102,"Monday, December 1, 2014",53001,70
24,2102,"Monday, December 1, 2014",41,81
24,2102,"Monday, December 1, 2014",20058,78
24,2102,"Monday, December 1, 2014",15937,75
24,2102,"Monday, December 1, 2014",71601,72
24,2102,"Monday, December 1, 2014",71601,76
24,2102,"Monday, December 1, 2014",7001,76
24,2102,"Monday, December 1, 2014",68,84
24,2102,"Monday, December 1, 2014",5101,89
24,2102,"Monday, December 1, 2014",67,90
24,2102,"Monday, December 1, 2014",116,80
24,2102,"Monday, December 1, 2014",38848,73
24,2102,"Monday, December 1, 2014",63,89
24,2102,"Monday, December 1, 2014",71,65
24,2102,"Monday, December 1, 2014",68,88
24,2102,"Monday, December 1, 2014",188,67
24,2102,"Monday, December 1, 2014",20058,69
24,2102,"Monday, December 1, 2014",53001,84
24,2102,"Monday, December 1, 2014",46001,82
24,2102,"Monday, December 1, 2014",50001,76
24,2102,"Monday, December 1, 2014",20058,73
24,2102,"Monday, December 1, 2014",27,61
24,2102,"Monday, December 1, 2014",50001,73
24,2102,"Monday, December 1, 2014",42223,68
24,2102,"Monday, December 1, 2014",64,87
24,2102,"Monday, December 1, 2014",27,75
24,2102,"Monday, December 1, 2014",5101,76
24,2102,"Monday, December 1, 2014",59,81
24,2102,"Monday, December 1, 2014",46001,71
24,2102,"Monday, December 1, 2014",27,90
24,2102,"Monday, December 1, 2014",2801,64
24,2102,"Monday, December 1, 2014",53001,86
24,2102,"Monday, December 1, 2014",14,89
24,2102,"Monday, December 1, 2014",82001,82
24,2102,"Monday, December 1, 2014",67,75
24,2102,"Monday, December 1, 2014",3033,72
24,2102,"Monday, December 1, 2014",71,82
24,2102,"Monday, December 1, 2014",39813,80
24,2102,"Monday, December 1, 2014",57001,88
24,2102,"Monday, December 1, 2014",20041,88
24,2102,"Monday, December 1, 2014",68,74
24,2102,"Monday, December 1, 2014",20001,73
24,2102,"Monday, December 1, 2014",20001,62
24,2102,"Monday, December 1, 2014",41,83
24,2102,"Monday, December 1, 2014",82001,72
24,2102,"Monday, December 1, 2014",58001,67
24,2102,"Monday, December 1, 2014",20058,88
24,2102,"Monday, December 1, 2014",59,65
24,2102,"Monday, December 1, 2014",20058,81
24,2102,"Monday, December 1, 2014",188,72
24,2102,"Monday, December 1, 2014",20001,61
24,2102,"Monday, December 1, 2014",3033,86
24,2102,"Monday, December 1, 2014",63,84
24,2102,"Monday, December 1, 2014",67,68
24,2102,"Monday, December 1, 2014",39813,69
24,2102,"Monday, December 1, 2014",188,83
24,2102,"Monday, December 1, 2014",38848,90
24,2102,"Monday, December 1, 2014",2801,84
24,2102,"Monday, December 1, 2014",42223,61
24,2102,"Monday, December 1, 2014",116,65
24,2102,"Monday, December 1, 2014",46001,71
24,2102,"Monday, December 1, 2014",188,77
24,2102,"Monday, December 1, 2014",29001,64
24,2102,"Monday, December 1, 2014",57001,71
12,2187,"Sunday, December 1, 2013",67,68
12,2187,"Sunday, December 1, 2013",41,38
12,2187,"Sunday, December 1, 2013",35004,35
12,2187,"Sunday, December 1, 2013",71601,18
12,2187,"Sunday, December 1, 2013",63005,80
12,2187,"Sunday, December 1, 2013",3033,82
12,2187,"Sunday, December 1, 2013",71,83
12,2187,"Sunday, December 1, 2013",188,89
12,2187,"Sunday, December 1, 2013",41,14
12,2187,"Sunday, December 1, 2013",29001,74
12,2187,"Sunday, December 1, 2013",6001,27
12,2187,"Sunday, December 1, 2013",68,76
12,2187,"Sunday, December 1, 2013",35004,46
12,2187,"Sunday, December 1, 2013",48001,89
12,2187,"Sunday, December 1, 2013",53001,72
12,2187,"Sunday, December 1, 2013",64,70
12,2187,"Sunday, December 1, 2013",12,40
12,2187,"Sunday, December 1, 2013",50001,45
12,2187,"Sunday, December 1, 2013",66002,11
12,2187,"Sunday, December 1, 2013",68,79
12,2187,"Sunday, December 1, 2013",46001,14
12,2187,"Sunday, December 1, 2013",62356,21
12,2187,"Sunday, December 1, 2013",2801,71
12,2187,"Sunday, December 1, 2013",2801,84
12,2187,"Sunday, December 1, 2013",20001,15
12,2187,"Sunday, December 1, 2013",39813,36
12,2187,"Sunday, December 1, 2013",3033,65
12,2187,"Sunday, December 1, 2013",188,88
12,2187,"Sunday, December 1, 2013",62356,23
12,2187,"Sunday, December 1, 2013",14,23
12,2187,"Sunday, December 1, 2013",43001,86
12,2187,"Sunday, December 1, 2013",2801,88
12,2187,"Sunday, December 1, 2013",5101,88
12,2187,"Sunday, December 1, 2013",84,67
12,2187,"Sunday, December 1, 2013",39813,37
12,2187,"Sunday, December 1, 2013",12,47
12,2187,"Sunday, December 1, 2013",67,83
12,2187,"Sunday, December 1, 2013",5101,73
12,2187,"Sunday, December 1, 2013",58001,73
12,2187,"Sunday, December 1, 2013",20041,76
12,2187,"Sunday, December 1, 2013",1,24
12,2187,"Sunday, December 1, 2013",57001,63
12,2187,"Sunday, December 1, 2013",3033,73
12,2187,"Sunday, December 1, 2013",39813,49
12,2187,"Sunday, December 1, 2013",68001,70
12,2187,"Sunday, December 1, 2013",41,41
12,2187,"Sunday, December 1, 2013",38848,61
12,2187,"Sunday, December 1, 2013",39813,42
12,2187,"Sunday, December 1, 2013",48001,72
12,2187,"Sunday, December 1, 2013",46001,50
12,2187,"Sunday, December 1, 2013",68001,80
12,2187,"Sunday, December 1, 2013",68001,78
12,2187,"Sunday, December 1, 2013",50001,34
12,2187,"Sunday, December 1, 2013",63005,62
12,2187,"Sunday, December 1, 2013",29001,82
12,2187,"Sunday, December 1, 2013",20001,31
12,2187,"Sunday, December 1, 2013",5101,80
12,2187,"Sunday, December 1, 2013",38848,73
12,2187,"Sunday, December 1, 2013",57001,69
12,2187,"Sunday, December 1, 2013",39813,17
12,2187,"Sunday, December 1, 2013",71,89
12,2187,"Sunday, December 1, 2013",63,60
12,2187,"Sunday, December 1, 2013",39813,29
12,2187,"Sunday, December 1, 2013",188,66
12,2187,"Sunday, December 1, 2013",56,21
12,2187,"Sunday, December 1, 2013",1,14
12,2187,"Sunday, December 1, 2013",64,66
12,2187,"Sunday, December 1, 2013",71,62
12,2187,"Sunday, December 1, 2013",88901,64
12,2187,"Sunday, December 1, 2013",501,65
12,2187,"Sunday, December 1, 2013",50001,35
12,2187,"Sunday, December 1, 2013",12,26
12,2187,"Sunday, December 1, 2013",88901,86
12,2187,"Sunday, December 1, 2013",5101,87
12,2187,"Sunday, December 1, 2013",64,65
12,2187,"Sunday, December 1, 2013",2801,78
12,2187,"Sunday, December 1, 2013",20001,32
12,2187,"Sunday, December 1, 2013",42223,79
12,2187,"Sunday, December 1, 2013",56,23
12,2187,"Sunday, December 1, 2013",58001,79
12,2187,"Sunday, December 1, 2013",63,69
12,2187,"Sunday, December 1, 2013",68,74
12,2187,"Sunday, December 1, 2013",58001,86
12,2187,"Sunday, December 1, 2013",88901,66
12,2187,"Sunday, December 1, 2013",19701,12
12,2187,"Sunday, December 1, 2013",43001,68
12,2187,"Sunday, December 1, 2013",84,87
12,2187,"Sunday, December 1, 2013",35004,11
12,2187,"Sunday, December 1, 2013",6001,42
12,2187,"Sunday, December 1, 2013",56,41
12,2187,"Sunday, December 1, 2013",501,65
12,2187,"Sunday, December 1, 2013",43001,81
12,2187,"Sunday, December 1, 2013",15937,85
12,2187,"Sunday, December 1, 2013",88901,80
12,2187,"Sunday, December 1, 2013",38848,89
12,2187,"Sunday, December 1, 2013",46001,34
12,2187,"Sunday, December 1, 2013",19701,39
12,2187,"Sunday, December 1, 2013",188,87
12,2187,"Sunday, December 1, 2013",501,86
12,2187,"Sunday, December 1, 2013",3033,72
12,2187,"Sunday, December 1, 2013",5101,77
12,2187,"Sunday, December 1, 2013",20041,60
12,2187,"Sunday, December 1, 2013",64,75
12,2187,"Sunday, December 1, 2013",29001,87
24,2187,"Monday, December 1, 2014",38848,89
24,2187,"Monday, December 1, 2014",3033,80
24,2187,"Monday, December 1, 2014",58001,85
24,2187,"Monday, December 1, 2014",6001,14
24,2187,"Monday, December 1, 2014",50001,32
24,2187,"Monday, December 1, 2014",3033,74
24,2187,"Monday, December 1, 2014",5101,60
24,2187,"Monday, December 1, 2014",43001,63
24,2187,"Monday, December 1, 2014",56,47
24,2187,"Monday, December 1, 2014",72,77
24,2187,"Monday, December 1, 2014",53001,63
24,2187,"Monday, December 1, 2014",35004,32
24,2187,"Monday, December 1, 2014",68,60
24,2187,"Monday, December 1, 2014",19701,25
24,2187,"Monday, December 1, 2014",72,80
24,2187,"Monday, December 1, 2014",1,19
24,2187,"Monday, December 1, 2014",88901,61
24,2187,"Monday, December 1, 2014",35004,26
24,2187,"Monday, December 1, 2014",19701,31
24,2187,"Monday, December 1, 2014",62356,31
24,2187,"Monday, December 1, 2014",58001,76
24,2187,"Monday, December 1, 2014",64,83
24,2187,"Monday, December 1, 2014",19701,21
24,2187,"Monday, December 1, 2014",48001,89
24,2187,"Monday, December 1, 2014",68001,60
24,2187,"Monday, December 1, 2014",53001,79
24,2187,"Monday, December 1, 2014",19701,42
24,2187,"Monday, December 1, 2014",41,21
24,2187,"Monday, December 1, 2014",43001,60
24,2187,"Monday, December 1, 2014",84,74
24,2187,"Monday, December 1, 2014",158,42
24,2187,"Monday, December 1, 2014",68001,85
24,2187,"Monday, December 1, 2014",82001,82
24,2187,"Monday, December 1, 2014",19701,38
24,2187,"Monday, December 1, 2014",82001,78
24,2187,"Monday, December 1, 2014",3033,79
24,2187,"Monday, December 1, 2014",48001,86
24,2187,"Monday, December 1, 2014",12,19
24,2187,"Monday, December 1, 2014",3033,83
24,2187,"Monday, December 1, 2014",20001,34
24,2187,"Monday, December 1, 2014",48001,71
24,2187,"Monday, December 1, 2014",501,85
24,2187,"Monday, December 1, 2014",7001,67
24,2187,"Monday, December 1, 2014",501,83
24,2187,"Monday, December 1, 2014",2801,70
24,2187,"Monday, December 1, 2014",62356,13
24,2187,"Monday, December 1, 2014",56,25
24,2187,"Monday, December 1, 2014",82001,81
24,2187,"Monday, December 1, 2014",43001,62
24,2187,"Monday, December 1, 2014",15937,74
24,2187,"Monday, December 1, 2014",46001,38
24,2187,"Monday, December 1, 2014",20041,82
24,2187,"Monday, December 1, 2014",39813,18
24,2187,"Monday, December 1, 2014",59,60
24,2187,"Monday, December 1, 2014",20058,73
24,2187,"Monday, December 1, 2014",43001,61
24,2187,"Monday, December 1, 2014",5101,74
24,2187,"Monday, December 1, 2014",43001,82
24,2187,"Monday, December 1, 2014",20041,87
24,2187,"Monday, December 1, 2014",35004,40
24,2187,"Monday, December 1, 2014",14,30
24,2187,"Monday, December 1, 2014",15937,64
24,2187,"Monday, December 1, 2014",66002,35
24,2187,"Monday, December 1, 2014",20058,69
24,2187,"Monday, December 1, 2014",116,18
24,2187,"Monday, December 1, 2014",40003,29
24,2187,"Monday, December 1, 2014",72,73
24,2187,"Monday, December 1, 2014",68001,88
24,2187,"Monday, December 1, 2014",68001,69
24,2187,"Monday, December 1, 2014",84,63
24,2187,"Monday, December 1, 2014",116,18
24,2187,"Monday, December 1, 2014",158,36
24,2187,"Monday, December 1, 2014",57001,78
24,2187,"Monday, December 1, 2014",14,47
24,2187,"Monday, December 1, 2014",50001,30
24,2187,"Monday, December 1, 2014",71601,34
24,2187,"Monday, December 1, 2014",59,68
24,2187,"Monday, December 1, 2014",88901,78
24,2187,"Monday, December 1, 2014",88901,72
24,2187,"Monday, December 1, 2014",40003,12
24,2187,"Monday, December 1, 2014",82001,79
24,2187,"Monday, December 1, 2014",68001,68
24,2187,"Monday, December 1, 2014",40003,13
24,2187,"Monday, December 1, 2014",41,40
24,2187,"Monday, December 1, 2014",116,15
24,2187,"Monday, December 1, 2014",84,73
24,2187,"Monday, December 1, 2014",71601,17
24,2187,"Monday, December 1, 2014",63,85
24,2187,"Monday, December 1, 2014",62356,18
24,2187,"Monday, December 1, 2014",2801,78
24,2187,"Monday, December 1, 2014",116,13
24,2187,"Monday, December 1, 2014",29001,85
24,2187,"Monday, December 1, 2014",2801,82
24,2187,"Monday, December 1, 2014",501,69
21,2187,"Monday, September 1, 2014",501,83
21,2187,"Monday, September 1, 2014",68001,82
21,2187,"Monday, September 1, 2014",66002,38
21,2187,"Monday, September 1, 2014",501,63
21,2187,"Monday, September 1, 2014",41,19
21,2187,"Monday, September 1, 2014",46001,18
21,2187,"Monday, September 1, 2014",43001,81
21,2187,"Monday, September 1, 2014",12,25
21,2187,"Monday, September 1, 2014",43001,76
21,2187,"Monday, September 1, 2014",39813,23
21,2187,"Monday, September 1, 2014",188,82
21,2187,"Monday, September 1, 2014",46001,17
21,2187,"Monday, September 1, 2014",39813,19
21,2187,"Monday, September 1, 2014",64,73
21,2187,"Monday, September 1, 2014",14,37
21,2187,"Monday, September 1, 2014",20041,67
21,2187,"Monday, September 1, 2014",188,89
21,2187,"Monday, September 1, 2014",72,66
21,2187,"Monday, September 1, 2014",24701,65
21,2187,"Monday, September 1, 2014",501,60
21,2187,"Monday, September 1, 2014",19701,36
21,2187,"Monday, September 1, 2014",43001,90
21,2187,"Monday, September 1, 2014",29001,69
21,2187,"Monday, September 1, 2014",63,70
21,2187,"Monday, September 1, 2014",64,65
21,2187,"Monday, September 1, 2014",59,89
21,2187,"Monday, September 1, 2014",63005,65
21,2187,"Monday, September 1, 2014",2801,63
21,2187,"Monday, September 1, 2014",188,87
21,2187,"Monday, September 1, 2014",158,50
21,2187,"Monday, September 1, 2014",42223,87
21,2187,"Monday, September 1, 2014",82001,65
21,2187,"Monday, September 1, 2014",5101,80
21,2187,"Monday, September 1, 2014",59,73
21,2187,"Monday, September 1, 2014",64,83
21,2187,"Monday, September 1, 2014",58001,67
21,2187,"Monday, September 1, 2014",188,78
21,2187,"Monday, September 1, 2014",15937,67
21,2187,"Monday, September 1, 2014",72,73
21,2187,"Monday, September 1, 2014",7001,66
21,2187,"Monday, September 1, 2014",7001,71
21,2187,"Monday, September 1, 2014",64,88
21,2187,"Monday, September 1, 2014",53001,88
21,2187,"Monday, September 1, 2014",63005,64
21,2187,"Monday, September 1, 2014",63005,73
21,2187,"Monday, September 1, 2014",63005,78
21,2187,"Monday, September 1, 2014",29001,65
21,2187,"Monday, September 1, 2014",57001,87
21,2187,"Monday, September 1, 2014",57001,81
21,2187,"Monday, September 1, 2014",56,39
21,2187,"Monday, September 1, 2014",71,79
21,2187,"Monday, September 1, 2014",68,77
21,2187,"Monday, September 1, 2014",20058,81
21,2187,"Monday, September 1, 2014",6001,39
21,2187,"Monday, September 1, 2014",43001,83
21,2187,"Monday, September 1, 2014",50001,47
21,2187,"Monday, September 1, 2014",12,34
21,2187,"Monday, September 1, 2014",39813,49
21,2187,"Monday, September 1, 2014",29001,67
21,2187,"Monday, September 1, 2014",62356,19
21,2187,"Monday, September 1, 2014",14,31
21,2187,"Monday, September 1, 2014",2801,79
21,2187,"Monday, September 1, 2014",59,61
21,2187,"Monday, September 1, 2014",15937,61
21,2187,"Monday, September 1, 2014",64,60
21,2187,"Monday, September 1, 2014",20001,38
21,2187,"Monday, September 1, 2014",38848,62
21,2187,"Monday, September 1, 2014",41,35
21,2187,"Monday, September 1, 2014",57001,88
21,2187,"Monday, September 1, 2014",39813,43
21,2187,"Monday, September 1, 2014",40003,50
21,2187,"Monday, September 1, 2014",68,74
21,2187,"Monday, September 1, 2014",72,66
21,2187,"Monday, September 1, 2014",116,14
21,2187,"Monday, September 1, 2014",39813,17
21,2187,"Monday, September 1, 2014",64,67
21,2187,"Monday, September 1, 2014",5101,63
21,2187,"Monday, September 1, 2014",59,88
21,2187,"Monday, September 1, 2014",68,88
21,2187,"Monday, September 1, 2014",19701,46
21,2187,"Monday, September 1, 2014",2801,61
21,2187,"Monday, September 1, 2014",1,17
21,2187,"Monday, September 1, 2014",71601,36
21,2187,"Monday, September 1, 2014",71601,41
21,2187,"Monday, September 1, 2014",62356,36
21,2187,"Monday, September 1, 2014",1,45
21,2187,"Monday, September 1, 2014",7001,82
21,2187,"Monday, September 1, 2014",20041,87
21,2187,"Monday, September 1, 2014",24701,70
21,2187,"Monday, September 1, 2014",35004,40
21,2187,"Monday, September 1, 2014",20041,84
21,2187,"Monday, September 1, 2014",14,43
21,2187,"Monday, September 1, 2014",68001,84
21,2187,"Monday, September 1, 2014",63005,68
21,2187,"Monday, September 1, 2014",27,26
16,2187,"Tuesday, April 1, 2014",71,82
16,2187,"Tuesday, April 1, 2014",82001,75
16,2187,"Tuesday, April 1, 2014",68,72
16,2187,"Tuesday, April 1, 2014",12,16
16,2187,"Tuesday, April 1, 2014",57001,84
16,2187,"Tuesday, April 1, 2014",116,31
16,2187,"Tuesday, April 1, 2014",29001,80
16,2187,"Tuesday, April 1, 2014",46001,45
16,2187,"Tuesday, April 1, 2014",39813,36
16,2187,"Tuesday, April 1, 2014",29001,83
16,2187,"Tuesday, April 1, 2014",56,11
16,2187,"Tuesday, April 1, 2014",1,16
16,2187,"Tuesday, April 1, 2014",158,18
16,2187,"Tuesday, April 1, 2014",84,74
16,2187,"Tuesday, April 1, 2014",48001,69
16,2187,"Tuesday, April 1, 2014",6001,29
16,2187,"Tuesday, April 1, 2014",27,18
16,2187,"Tuesday, April 1, 2014",42223,90
16,2187,"Tuesday, April 1, 2014",71,64
16,2187,"Tuesday, April 1, 2014",56,43
16,2187,"Tuesday, April 1, 2014",24701,84
16,2187,"Tuesday, April 1, 2014",14,26
16,2187,"Tuesday, April 1, 2014",12,36
16,2187,"Tuesday, April 1, 2014",82001,75
16,2187,"Tuesday, April 1, 2014",2801,83
16,2187,"Tuesday, April 1, 2014",59,90
16,2187,"Tuesday, April 1, 2014",40003,13
16,2187,"Tuesday, April 1, 2014",71,76
16,2187,"Tuesday, April 1, 2014",35004,36
16,2187,"Tuesday, April 1, 2014",84,70
16,2187,"Tuesday, April 1, 2014",39813,17
16,2187,"Tuesday, April 1, 2014",14,24
16,2187,"Tuesday, April 1, 2014",64,85
16,2187,"Tuesday, April 1, 2014",41,42
16,2187,"Tuesday, April 1, 2014",12,45
16,2187,"Tuesday, April 1, 2014",42223,85
16,2187,"Tuesday, April 1, 2014",68,90
16,2187,"Tuesday, April 1, 2014",20041,65
16,2187,"Tuesday, April 1, 2014",24701,76
16,2187,"Tuesday, April 1, 2014",71601,23
16,2187,"Tuesday, April 1, 2014",72,85
16,2187,"Tuesday, April 1, 2014",41,26
16,2187,"Tuesday, April 1, 2014",7001,88
16,2187,"Tuesday, April 1, 2014",7001,76
16,2187,"Tuesday, April 1, 2014",53001,90
16,2187,"Tuesday, April 1, 2014",88901,68
16,2187,"Tuesday, April 1, 2014",57001,71
16,2187,"Tuesday, April 1, 2014",501,70
16,2187,"Tuesday, April 1, 2014",116,40
16,2187,"Tuesday, April 1, 2014",116,32
16,2187,"Tuesday, April 1, 2014",50001,23
16,2187,"Tuesday, April 1, 2014",1,50
16,2187,"Tuesday, April 1, 2014",29001,86
16,2187,"Tuesday, April 1, 2014",14,18
16,2187,"Tuesday, April 1, 2014",40003,19
16,2187,"Tuesday, April 1, 2014",7001,83
16,2187,"Tuesday, April 1, 2014",1,34
16,2187,"Tuesday, April 1, 2014",27,33
16,2187,"Tuesday, April 1, 2014",20041,85
16,2187,"Tuesday, April 1, 2014",29001,64
16,2187,"Tuesday, April 1, 2014",501,62
16,2187,"Tuesday, April 1, 2014",3033,70
16,2187,"Tuesday, April 1, 2014",42223,73
16,2187,"Tuesday, April 1, 2014",66002,41
16,2187,"Tuesday, April 1, 2014",12,23
16,2187,"Tuesday, April 1, 2014",1,46
16,2187,"Tuesday, April 1, 2014",56,28
16,2187,"Tuesday, April 1, 2014",12,48
16,2187,"Tuesday, April 1, 2014",68001,79
16,2187,"Tuesday, April 1, 2014",20041,72
16,2187,"Tuesday, April 1, 2014",27,21
16,2187,"Tuesday, April 1, 2014",15937,86
16,2187,"Tuesday, April 1, 2014",66002,13
16,2187,"Tuesday, April 1, 2014",20001,47
16,2187,"Tuesday, April 1, 2014",63005,71
16,2187,"Tuesday, April 1, 2014",12,26
16,2187,"Tuesday, April 1, 2014",158,21
16,2187,"Tuesday, April 1, 2014",58001,75
16,2187,"Tuesday, April 1, 2014",116,47
16,2187,"Tuesday, April 1, 2014",62356,18
16,2187,"Tuesday, April 1, 2014",68,69
16,2187,"Tuesday, April 1, 2014",68,90
16,2187,"Tuesday, April 1, 2014",84,71
16,2187,"Tuesday, April 1, 2014",62356,18
16,2187,"Tuesday, April 1, 2014",2801,85
16,2187,"Tuesday, April 1, 2014",116,37
16,2187,"Tuesday, April 1, 2014",66002,19
16,2187,"Tuesday, April 1, 2014",1,46
16,2187,"Tuesday, April 1, 2014",20041,84
16,2187,"Tuesday, April 1, 2014",20001,13
16,2187,"Tuesday, April 1, 2014",158,43
18,2187,"Sunday, June 1, 2014",24701,81
18,2187,"Sunday, June 1, 2014",88901,67
18,2187,"Sunday, June 1, 2014",116,44
18,2187,"Sunday, June 1, 2014",20041,66
18,2187,"Sunday, June 1, 2014",12,10
18,2187,"Sunday, June 1, 2014",84,86
18,2187,"Sunday, June 1, 2014",116,21
18,2187,"Sunday, June 1, 2014",7001,75
18,2187,"Sunday, June 1, 2014",67,82
18,2187,"Sunday, June 1, 2014",68,60
18,2187,"Sunday, June 1, 2014",501,63
18,2187,"Sunday, June 1, 2014",68,90
18,2187,"Sunday, June 1, 2014",88901,73
18,2187,"Sunday, June 1, 2014",20041,89
18,2187,"Sunday, June 1, 2014",71,60
18,2187,"Sunday, June 1, 2014",42223,83
18,2187,"Sunday, June 1, 2014",59,81
18,2187,"Sunday, June 1, 2014",19701,30
18,2187,"Sunday, June 1, 2014",42223,70
18,2187,"Sunday, June 1, 2014",501,66
18,2187,"Sunday, June 1, 2014",5101,61
18,2187,"Sunday, June 1, 2014",42223,90
18,2187,"Sunday, June 1, 2014",27,29
18,2187,"Sunday, June 1, 2014",50001,46
18,2187,"Sunday, June 1, 2014",46001,18
18,2187,"Sunday, June 1, 2014",3033,74
18,2187,"Sunday, June 1, 2014",88901,73
18,2187,"Sunday, June 1, 2014",35004,48
18,2187,"Sunday, June 1, 2014",88901,74
18,2187,"Sunday, June 1, 2014",68001,68
18,2187,"Sunday, June 1, 2014",14,43
18,2187,"Sunday, June 1, 2014",68,83
18,2187,"Sunday, June 1, 2014",20058,76
18,2187,"Sunday, June 1, 2014",82001,63
18,2187,"Sunday, June 1, 2014",82001,63
18,2187,"Sunday, June 1, 2014",48001,79
18,2187,"Sunday, June 1, 2014",53001,61
18,2187,"Sunday, June 1, 2014",27,40
18,2187,"Sunday, June 1, 2014",24701,82
18,2187,"Sunday, June 1, 2014",20001,23
18,2187,"Sunday, June 1, 2014",5101,86
18,2187,"Sunday, June 1, 2014",188,69
18,2187,"Sunday, June 1, 2014",116,27
18,2187,"Sunday, June 1, 2014",39813,26
18,2187,"Sunday, June 1, 2014",158,23
18,2187,"Sunday, June 1, 2014",53001,77
18,2187,"Sunday, June 1, 2014",48001,84
18,2187,"Sunday, June 1, 2014",5101,69
18,2187,"Sunday, June 1, 2014",20058,87
18,2187,"Sunday, June 1, 2014",53001,73
18,2187,"Sunday, June 1, 2014",12,16
18,2187,"Sunday, June 1, 2014",38848,66
18,2187,"Sunday, June 1, 2014",63005,61
18,2187,"Sunday, June 1, 2014",35004,10
18,2187,"Sunday, June 1, 2014",15937,70
18,2187,"Sunday, June 1, 2014",42223,68
18,2187,"Sunday, June 1, 2014",6001,29
18,2187,"Sunday, June 1, 2014",24701,68
18,2187,"Sunday, June 1, 2014",88901,62
18,2187,"Sunday, June 1, 2014",53001,89
18,2187,"Sunday, June 1, 2014",71601,16
18,2187,"Sunday, June 1, 2014",56,16
18,2187,"Sunday, June 1, 2014",59,88
18,2187,"Sunday, June 1, 2014",40003,30
18,2187,"Sunday, June 1, 2014",43001,72
18,2187,"Sunday, June 1, 2014",71,81
18,2187,"Sunday, June 1, 2014",88901,82
18,2187,"Sunday, June 1, 2014",1,16
18,2187,"Sunday, June 1, 2014",82001,71
18,2187,"Sunday, June 1, 2014",24701,71
18,2187,"Sunday, June 1, 2014",72,79
18,2187,"Sunday, June 1, 2014",5101,84
18,2187,"Sunday, June 1, 2014",20001,18
18,2187,"Sunday, June 1, 2014",3033,85
18,2187,"Sunday, June 1, 2014",3033,90
18,2187,"Sunday, June 1, 2014",15937,78
18,2187,"Sunday, June 1, 2014",39813,29
18,2187,"Sunday, June 1, 2014",84,76
18,2187,"Sunday, June 1, 2014",38848,71
18,2187,"Sunday, June 1, 2014",84,73
18,2187,"Sunday, June 1, 2014",59,81
18,2187,"Sunday, June 1, 2014",72,90
18,2187,"Sunday, June 1, 2014",116,34
18,2187,"Sunday, June 1, 2014",14,43
18,2187,"Sunday, June 1, 2014",42223,61
18,2187,"Sunday, June 1, 2014",14,28
18,2187,"Sunday, June 1, 2014",20058,63
18,2187,"Sunday, June 1, 2014",84,89
22,2187,"Wednesday, October 1, 2014",88901,80
22,2187,"Wednesday, October 1, 2014",82001,78
22,2187,"Wednesday, October 1, 2014",12,38
22,2187,"Wednesday, October 1, 2014",15937,70
22,2187,"Wednesday, October 1, 2014",46001,50
22,2187,"Wednesday, October 1, 2014",27,17
22,2187,"Wednesday, October 1, 2014",39813,15
22,2187,"Wednesday, October 1, 2014",1,21
22,2187,"Wednesday, October 1, 2014",58001,60
22,2187,"Wednesday, October 1, 2014",38848,67
22,2187,"Wednesday, October 1, 2014",38848,72
22,2187,"Wednesday, October 1, 2014",68001,88
22,2187,"Wednesday, October 1, 2014",56,18
22,2187,"Wednesday, October 1, 2014",68001,77
22,2187,"Wednesday, October 1, 2014",14,48
22,2187,"Wednesday, October 1, 2014",68001,65
22,2187,"Wednesday, October 1, 2014",63005,73
22,2187,"Wednesday, October 1, 2014",59,75
22,2187,"Wednesday, October 1, 2014",116,26
22,2187,"Wednesday, October 1, 2014",20001,32
22,2187,"Wednesday, October 1, 2014",71601,42
22,2187,"Wednesday, October 1, 2014",41,24
22,2187,"Wednesday, October 1, 2014",48001,67
22,2187,"Wednesday, October 1, 2014",84,66
22,2187,"Wednesday, October 1, 2014",48001,71
22,2187,"Wednesday, October 1, 2014",20041,67
22,2187,"Wednesday, October 1, 2014",59,78
22,2187,"Wednesday, October 1, 2014",58001,78
22,2187,"Wednesday, October 1, 2014",1,46
22,2187,"Wednesday, October 1, 2014",19701,31
22,2187,"Wednesday, October 1, 2014",14,15
22,2187,"Wednesday, October 1, 2014",48001,90
22,2187,"Wednesday, October 1, 2014",58001,83
22,2187,"Wednesday, October 1, 2014",5101,79
22,2187,"Wednesday, October 1, 2014",7001,84
22,2187,"Wednesday, October 1, 2014",158,30
22,2187,"Wednesday, October 1, 2014",41,43
22,2187,"Wednesday, October 1, 2014",20001,31
22,2187,"Wednesday, October 1, 2014",20041,66
22,2187,"Wednesday, October 1, 2014",29001,78
22,2187,"Wednesday, October 1, 2014",188,81
22,2187,"Wednesday, October 1, 2014",43001,76
22,2187,"Wednesday, October 1, 2014",42223,64
22,2187,"Wednesday, October 1, 2014",67,65
22,2187,"Wednesday, October 1, 2014",188,66
22,2187,"Wednesday, October 1, 2014",12,45
22,2187,"Wednesday, October 1, 2014",56,38
22,2187,"Wednesday, October 1, 2014",66002,33
22,2187,"Wednesday, October 1, 2014",41,27
22,2187,"Wednesday, October 1, 2014",59,63
22,2187,"Wednesday, October 1, 2014",71601,22
22,2187,"Wednesday, October 1, 2014",40003,17
22,2187,"Wednesday, October 1, 2014",50001,43
22,2187,"Wednesday, October 1, 2014",68,63
22,2187,"Wednesday, October 1, 2014",68,80
22,2187,"Wednesday, October 1, 2014",6001,25
22,2187,"Wednesday, October 1, 2014",3033,71
22,2187,"Wednesday, October 1, 2014",82001,68
22,2187,"Wednesday, October 1, 2014",39813,33
22,2187,"Wednesday, October 1, 2014",68001,87
22,2187,"Wednesday, October 1, 2014",42223,73
22,2187,"Wednesday, October 1, 2014",63005,88
22,2187,"Wednesday, October 1, 2014",57001,72
22,2187,"Wednesday, October 1, 2014",29001,74
22,2187,"Wednesday, October 1, 2014",67,85
22,2187,"Wednesday, October 1, 2014",59,90
22,2187,"Wednesday, October 1, 2014",84,79
22,2187,"Wednesday, October 1, 2014",38848,77
22,2187,"Wednesday, October 1, 2014",63005,78
22,2187,"Wednesday, October 1, 2014",71601,22
22,2187,"Wednesday, October 1, 2014",62356,16
22,2187,"Wednesday, October 1, 2014",7001,66
22,2187,"Wednesday, October 1, 2014",57001,89
22,2187,"Wednesday, October 1, 2014",43001,76
22,2187,"Wednesday, October 1, 2014",41,12
22,2187,"Wednesday, October 1, 2014",64,89
22,2187,"Wednesday, October 1, 2014",71601,17
22,2187,"Wednesday, October 1, 2014",53001,74
22,2187,"Wednesday, October 1, 2014",39813,34
22,2187,"Wednesday, October 1, 2014",116,23
22,2187,"Wednesday, October 1, 2014",39813,35
22,2187,"Wednesday, October 1, 2014",48001,77
22,2187,"Wednesday, October 1, 2014",63005,79
22,2187,"Wednesday, October 1, 2014",68001,85
22,2187,"Wednesday, October 1, 2014",50001,37
22,2187,"Wednesday, October 1, 2014",188,70
22,2187,"Wednesday, October 1, 2014",39813,21
22,2187,"Wednesday, October 1, 2014",6001,34
22,2187,"Wednesday, October 1, 2014",20058,68
17,2187,"Thursday, May 1, 2014",56,40
17,2187,"Thursday, May 1, 2014",42223,85
17,2187,"Thursday, May 1, 2014",29001,71
17,2187,"Thursday, May 1, 2014",19701,10
17,2187,"Thursday, May 1, 2014",35004,46
17,2187,"Thursday, May 1, 2014",158,34
17,2187,"Thursday, May 1, 2014",158,37
17,2187,"Thursday, May 1, 2014",56,18
17,2187,"Thursday, May 1, 2014",66002,46
17,2187,"Thursday, May 1, 2014",35004,25
17,2187,"Thursday, May 1, 2014",29001,78
17,2187,"Thursday, May 1, 2014",19701,40
17,2187,"Thursday, May 1, 2014",7001,71
17,2187,"Thursday, May 1, 2014",59,90
17,2187,"Thursday, May 1, 2014",20041,90
17,2187,"Thursday, May 1, 2014",39813,11
17,2187,"Thursday, May 1, 2014",46001,15
17,2187,"Thursday, May 1, 2014",188,89
17,2187,"Thursday, May 1, 2014",40003,42
17,2187,"Thursday, May 1, 2014",7001,82
17,2187,"Thursday, May 1, 2014",88901,90
17,2187,"Thursday, May 1, 2014",84,70
17,2187,"Thursday, May 1, 2014",188,72
17,2187,"Thursday, May 1, 2014",42223,84
17,2187,"Thursday, May 1, 2014",68,68
17,2187,"Thursday, May 1, 2014",41,42
17,2187,"Thursday, May 1, 2014",40003,44
17,2187,"Thursday, May 1, 2014",84,68
17,2187,"Thursday, May 1, 2014",48001,90
17,2187,"Thursday, May 1, 2014",2801,85
17,2187,"Thursday, May 1, 2014",48001,88
17,2187,"Thursday, May 1, 2014",68,81
17,2187,"Thursday, May 1, 2014",7001,84
17,2187,"Thursday, May 1, 2014",14,49
17,2187,"Thursday, May 1, 2014",2801,76
17,2187,"Thursday, May 1, 2014",501,90
17,2187,"Thursday, May 1, 2014",20058,82
17,2187,"Thursday, May 1, 2014",501,82
17,2187,"Thursday, May 1, 2014",501,60
17,2187,"Thursday, May 1, 2014",71,82
17,2187,"Thursday, May 1, 2014",88901,72
17,2187,"Thursday, May 1, 2014",6001,21
17,2187,"Thursday, May 1, 2014",64,90
17,2187,"Thursday, May 1, 2014",19701,43
17,2187,"Thursday, May 1, 2014",20058,62
17,2187,"Thursday, May 1, 2014",57001,71
17,2187,"Thursday, May 1, 2014",188,69
17,2187,"Thursday, May 1, 2014",41,22
17,2187,"Thursday, May 1, 2014",158,39
17,2187,"Thursday, May 1, 2014",20001,43
17,2187,"Thursday, May 1, 2014",53001,61
17,2187,"Thursday, May 1, 2014",57001,72
17,2187,"Thursday, May 1, 2014",19701,23
17,2187,"Thursday, May 1, 2014",6001,19
17,2187,"Thursday, May 1, 2014",6001,26
17,2187,"Thursday, May 1, 2014",19701,36
17,2187,"Thursday, May 1, 2014",12,10
17,2187,"Thursday, May 1, 2014",2801,72
17,2187,"Thursday, May 1, 2014",71601,21
17,2187,"Thursday, May 1, 2014",116,16
17,2187,"Thursday, May 1, 2014",188,72
17,2187,"Thursday, May 1, 2014",53001,88
17,2187,"Thursday, May 1, 2014",40003,40
17,2187,"Thursday, May 1, 2014",68001,90
17,2187,"Thursday, May 1, 2014",20001,22
17,2187,"Thursday, May 1, 2014",41,32
17,2187,"Thursday, May 1, 2014",46001,42
17,2187,"Thursday, May 1, 2014",35004,29
17,2187,"Thursday, May 1, 2014",501,84
17,2187,"Thursday, May 1, 2014",88901,89
17,2187,"Thursday, May 1, 2014",48001,84
17,2187,"Thursday, May 1, 2014",14,37
17,2187,"Thursday, May 1, 2014",158,34
17,2187,"Thursday, May 1, 2014",35004,35
17,2187,"Thursday, May 1, 2014",88901,89
17,2187,"Thursday, May 1, 2014",20058,72
17,2187,"Thursday, May 1, 2014",27,24
17,2187,"Thursday, May 1, 2014",20058,82
17,2187,"Thursday, May 1, 2014",14,26
17,2187,"Thursday, May 1, 2014",68,82
17,2187,"Thursday, May 1, 2014",20001,46
17,2187,"Thursday, May 1, 2014",5101,69
17,2187,"Thursday, May 1, 2014",20058,87
17,2187,"Thursday, May 1, 2014",53001,80
17,2187,"Thursday, May 1, 2014",501,81
17,2187,"Thursday, May 1, 2014",71,64
17,2187,"Thursday, May 1, 2014",12,38
13,2187,"Wednesday, January 1, 2014",68,61
13,2187,"Wednesday, January 1, 2014",57001,83
13,2187,"Wednesday, January 1, 2014",64,61
13,2187,"Wednesday, January 1, 2014",39813,34
13,2187,"Wednesday, January 1, 2014",38848,61
13,2187,"Wednesday, January 1, 2014",82001,84
13,2187,"Wednesday, January 1, 2014",41,21
13,2187,"Wednesday, January 1, 2014",48001,70
13,2187,"Wednesday, January 1, 2014",6001,22
13,2187,"Wednesday, January 1, 2014",71,68
13,2187,"Wednesday, January 1, 2014",64,73
13,2187,"Wednesday, January 1, 2014",43001,62
13,2187,"Wednesday, January 1, 2014",12,30
13,2187,"Wednesday, January 1, 2014",62356,17
13,2187,"Wednesday, January 1, 2014",3033,87
13,2187,"Wednesday, January 1, 2014",42223,76
13,2187,"Wednesday, January 1, 2014",15937,86
13,2187,"Wednesday, January 1, 2014",56,35
13,2187,"Wednesday, January 1, 2014",56,21
13,2187,"Wednesday, January 1, 2014",6001,46
13,2187,"Wednesday, January 1, 2014",2801,64
13,2187,"Wednesday, January 1, 2014",63,65
13,2187,"Wednesday, January 1, 2014",2801,84
13,2187,"Wednesday, January 1, 2014",20001,31
13,2187,"Wednesday, January 1, 2014",2801,75
13,2187,"Wednesday, January 1, 2014",12,43
13,2187,"Wednesday, January 1, 2014",42223,74
13,2187,"Wednesday, January 1, 2014",57001,67
13,2187,"Wednesday, January 1, 2014",63005,82
13,2187,"Wednesday, January 1, 2014",48001,60
13,2187,"Wednesday, January 1, 2014",71601,33
13,2187,"Wednesday, January 1, 2014",53001,77
13,2187,"Wednesday, January 1, 2014",116,44
13,2187,"Wednesday, January 1, 2014",116,47
13,2187,"Wednesday, January 1, 2014",5101,71
13,2187,"Wednesday, January 1, 2014",27,24
13,2187,"Wednesday, January 1, 2014",1,21
13,2187,"Wednesday, January 1, 2014",19701,46
13,2187,"Wednesday, January 1, 2014",12,40
13,2187,"Wednesday, January 1, 2014",2801,80
13,2187,"Wednesday, January 1, 2014",88901,64
13,2187,"Wednesday, January 1, 2014",158,34
13,2187,"Wednesday, January 1, 2014",39813,25
13,2187,"Wednesday, January 1, 2014",68001,65
13,2187,"Wednesday, January 1, 2014",48001,65
13,2187,"Wednesday, January 1, 2014",5101,70
13,2187,"Wednesday, January 1, 2014",20041,90
13,2187,"Wednesday, January 1, 2014",29001,80
13,2187,"Wednesday, January 1, 2014",3033,65
13,2187,"Wednesday, January 1, 2014",64,81
13,2187,"Wednesday, January 1, 2014",6001,42
13,2187,"Wednesday, January 1, 2014",62356,44
13,2187,"Wednesday, January 1, 2014",188,67
13,2187,"Wednesday, January 1, 2014",58001,79
13,2187,"Wednesday, January 1, 2014",67,64
13,2187,"Wednesday, January 1, 2014",68,78
13,2187,"Wednesday, January 1, 2014",63005,83
13,2187,"Wednesday, January 1, 2014",20058,88
13,2187,"Wednesday, January 1, 2014",64,63
13,2187,"Wednesday, January 1, 2014",39813,39
13,2187,"Wednesday, January 1, 2014",48001,62
13,2187,"Wednesday, January 1, 2014",66002,45
13,2187,"Wednesday, January 1, 2014",12,39
13,2187,"Wednesday, January 1, 2014",38848,65
13,2187,"Wednesday, January 1, 2014",35004,35
13,2187,"Wednesday, January 1, 2014",20001,29
13,2187,"Wednesday, January 1, 2014",188,86
13,2187,"Wednesday, January 1, 2014",71601,12
13,2187,"Wednesday, January 1, 2014",158,16
13,2187,"Wednesday, January 1, 2014",116,42
13,2187,"Wednesday, January 1, 2014",71,82
13,2187,"Wednesday, January 1, 2014",38848,65
13,2187,"Wednesday, January 1, 2014",20058,61
13,2187,"Wednesday, January 1, 2014",43001,85
13,2187,"Wednesday, January 1, 2014",58001,68
13,2187,"Wednesday, January 1, 2014",5101,65
13,2187,"Wednesday, January 1, 2014",71601,23
13,2187,"Wednesday, January 1, 2014",29001,86
13,2187,"Wednesday, January 1, 2014",72,72
13,2187,"Wednesday, January 1, 2014",5101,80
13,2187,"Wednesday, January 1, 2014",58001,71
13,2187,"Wednesday, January 1, 2014",48001,85
13,2187,"Wednesday, January 1, 2014",68,75
13,2187,"Wednesday, January 1, 2014",39813,20
13,2187,"Wednesday, January 1, 2014",20001,47
13,2187,"Wednesday, January 1, 2014",58001,90
13,2187,"Wednesday, January 1, 2014",50001,42
7,2187,"Monday, July 1, 2013",41,43
7,2187,"Monday, July 1, 2013",62356,13
7,2187,"Monday, July 1, 2013",116,25
7,2187,"Monday, July 1, 2013",68001,83
7,2187,"Monday, July 1, 2013",67,85
7,2187,"Monday, July 1, 2013",67,73
7,2187,"Monday, July 1, 2013",58001,70
7,2187,"Monday, July 1, 2013",71,78
7,2187,"Monday, July 1, 2013",7001,73
7,2187,"Monday, July 1, 2013",66002,30
7,2187,"Monday, July 1, 2013",14,32
7,2187,"Monday, July 1, 2013",46001,35
7,2187,"Monday, July 1, 2013",19701,36
7,2187,"Monday, July 1, 2013",116,41
7,2187,"Monday, July 1, 2013",20041,70
7,2187,"Monday, July 1, 2013",12,37
7,2187,"Monday, July 1, 2013",20041,60
7,2187,"Monday, July 1, 2013",88901,77
7,2187,"Monday, July 1, 2013",56,19
7,2187,"Monday, July 1, 2013",84,61
7,2187,"Monday, July 1, 2013",50001,32
7,2187,"Monday, July 1, 2013",62356,27
7,2187,"Monday, July 1, 2013",53001,87
7,2187,"Monday, July 1, 2013",46001,42
7,2187,"Monday, July 1, 2013",20001,33
7,2187,"Monday, July 1, 2013",88901,64
7,2187,"Monday, July 1, 2013",84,90
7,2187,"Monday, July 1, 2013",15937,77
7,2187,"Monday, July 1, 2013",6001,32
7,2187,"Monday, July 1, 2013",71,64
7,2187,"Monday, July 1, 2013",501,67
7,2187,"Monday, July 1, 2013",63,78
7,2187,"Monday, July 1, 2013",84,67
7,2187,"Monday, July 1, 2013",20001,17
7,2187,"Monday, July 1, 2013",41,15
7,2187,"Monday, July 1, 2013",40003,36
7,2187,"Monday, July 1, 2013",59,83
7,2187,"Monday, July 1, 2013",19701,27
7,2187,"Monday, July 1, 2013",42223,82
7,2187,"Monday, July 1, 2013",2801,88
7,2187,"Monday, July 1, 2013",46001,24
7,2187,"Monday, July 1, 2013",71,70
7,2187,"Monday, July 1, 2013",82001,65
7,2187,"Monday, July 1, 2013",501,90
7,2187,"Monday, July 1, 2013",41,26
7,2187,"Monday, July 1, 2013",3033,72
7,2187,"Monday, July 1, 2013",6001,32
7,2187,"Monday, July 1, 2013",116,26
7,2187,"Monday, July 1, 2013",29001,77
7,2187,"Monday, July 1, 2013",88901,67
7,2187,"Monday, July 1, 2013",39813,43
7,2187,"Monday, July 1, 2013",88901,70
7,2187,"Monday, July 1, 2013",20041,84
7,2187,"Monday, July 1, 2013",12,43
7,2187,"Monday, July 1, 2013",188,61
7,2187,"Monday, July 1, 2013",71601,47
7,2187,"Monday, July 1, 2013",71,79
7,2187,"Monday, July 1, 2013",88901,73
7,2187,"Monday, July 1, 2013",48001,85
7,2187,"Monday, July 1, 2013",42223,82
7,2187,"Monday, July 1, 2013",1,23
7,2187,"Monday, July 1, 2013",1,12
7,2187,"Monday, July 1, 2013",5101,83
7,2187,"Monday, July 1, 2013",27,40
7,2187,"Monday, July 1, 2013",42223,81
7,2187,"Monday, July 1, 2013",68,88
7,2187,"Monday, July 1, 2013",56,27
7,2187,"Monday, July 1, 2013",3033,88
7,2187,"Monday, July 1, 2013",20001,31
7,2187,"Monday, July 1, 2013",64,78
7,2187,"Monday, July 1, 2013",15937,90
7,2187,"Monday, July 1, 2013",27,32
7,2187,"Monday, July 1, 2013",24701,64
7,2187,"Monday, July 1, 2013",7001,63
7,2187,"Monday, July 1, 2013",88901,90
7,2187,"Monday, July 1, 2013",20058,78
7,2187,"Monday, July 1, 2013",7001,77
7,2187,"Monday, July 1, 2013",188,82
7,2187,"Monday, July 1, 2013",63005,81
7,2187,"Monday, July 1, 2013",58001,63
7,2187,"Monday, July 1, 2013",59,81
7,2187,"Monday, July 1, 2013",14,46
7,2187,"Monday, July 1, 2013",24701,83
7,2187,"Monday, July 1, 2013",43001,88
19,2187,"Tuesday, July 1, 2014",82001,89
19,2187,"Tuesday, July 1, 2014",82001,72
19,2187,"Tuesday, July 1, 2014",68001,60
19,2187,"Tuesday, July 1, 2014",82001,62
19,2187,"Tuesday, July 1, 2014",56,42
19,2187,"Tuesday, July 1, 2014",46001,44
19,2187,"Tuesday, July 1, 2014",38848,66
19,2187,"Tuesday, July 1, 2014",41,26
19,2187,"Tuesday, July 1, 2014",68,72
19,2187,"Tuesday, July 1, 2014",62356,50
19,2187,"Tuesday, July 1, 2014",53001,81
19,2187,"Tuesday, July 1, 2014",68001,81
19,2187,"Tuesday, July 1, 2014",15937,76
19,2187,"Tuesday, July 1, 2014",12,43
19,2187,"Tuesday, July 1, 2014",20058,73
19,2187,"Tuesday, July 1, 2014",50001,14
19,2187,"Tuesday, July 1, 2014",42223,67
19,2187,"Tuesday, July 1, 2014",6001,12
19,2187,"Tuesday, July 1, 2014",56,32
19,2187,"Tuesday, July 1, 2014",158,47
19,2187,"Tuesday, July 1, 2014",68001,81
19,2187,"Tuesday, July 1, 2014",5101,69
19,2187,"Tuesday, July 1, 2014",71601,14
19,2187,"Tuesday, July 1, 2014",14,38
19,2187,"Tuesday, July 1, 2014",27,30
19,2187,"Tuesday, July 1, 2014",158,38
19,2187,"Tuesday, July 1, 2014",12,22
19,2187,"Tuesday, July 1, 2014",158,50
19,2187,"Tuesday, July 1, 2014",56,50
19,2187,"Tuesday, July 1, 2014",3033,84
19,2187,"Tuesday, July 1, 2014",20001,40
19,2187,"Tuesday, July 1, 2014",64,80
19,2187,"Tuesday, July 1, 2014",6001,15
19,2187,"Tuesday, July 1, 2014",72,62
19,2187,"Tuesday, July 1, 2014",42223,69
19,2187,"Tuesday, July 1, 2014",43001,73
19,2187,"Tuesday, July 1, 2014",66002,12
19,2187,"Tuesday, July 1, 2014",29001,88
19,2187,"Tuesday, July 1, 2014",62356,37
19,2187,"Tuesday, July 1, 2014",71601,50
19,2187,"Tuesday, July 1, 2014",84,87
19,2187,"Tuesday, July 1, 2014",5101,62
19,2187,"Tuesday, July 1, 2014",24701,78
19,2187,"Tuesday, July 1, 2014",158,20
19,2187,"Tuesday, July 1, 2014",38848,79
19,2187,"Tuesday, July 1, 2014",116,50
19,2187,"Tuesday, July 1, 2014",38848,67
19,2187,"Tuesday, July 1, 2014",12,12
19,2187,"Tuesday, July 1, 2014",64,81
19,2187,"Tuesday, July 1, 2014",3033,84
19,2187,"Tuesday, July 1, 2014",39813,15
19,2187,"Tuesday, July 1, 2014",43001,76
19,2187,"Tuesday, July 1, 2014",19701,11
19,2187,"Tuesday, July 1, 2014",158,38
19,2187,"Tuesday, July 1, 2014",57001,70
19,2187,"Tuesday, July 1, 2014",188,61
19,2187,"Tuesday, July 1, 2014",64,62
19,2187,"Tuesday, July 1, 2014",71,68
19,2187,"Tuesday, July 1, 2014",50001,37
19,2187,"Tuesday, July 1, 2014",20001,14
19,2187,"Tuesday, July 1, 2014",15937,69
19,2187,"Tuesday, July 1, 2014",38848,82
19,2187,"Tuesday, July 1, 2014",50001,33
19,2187,"Tuesday, July 1, 2014",35004,37
19,2187,"Tuesday, July 1, 2014",88901,67
19,2187,"Tuesday, July 1, 2014",20058,86
19,2187,"Tuesday, July 1, 2014",6001,25
19,2187,"Tuesday, July 1, 2014",7001,87
19,2187,"Tuesday, July 1, 2014",63005,81
19,2187,"Tuesday, July 1, 2014",116,41
19,2187,"Tuesday, July 1, 2014",64,78
19,2187,"Tuesday, July 1, 2014",53001,80
19,2187,"Tuesday, July 1, 2014",46001,42
19,2187,"Tuesday, July 1, 2014",82001,89
19,2187,"Tuesday, July 1, 2014",82001,76
19,2187,"Tuesday, July 1, 2014",2801,88
19,2187,"Tuesday, July 1, 2014",62356,11
19,2187,"Tuesday, July 1, 2014",82001,60
19,2187,"Tuesday, July 1, 2014",29001,66
19,2187,"Tuesday, July 1, 2014",35004,13
19,2187,"Tuesday, July 1, 2014",59,76
19,2187,"Tuesday, July 1, 2014",58001,79
19,2187,"Tuesday, July 1, 2014",12,46
19,2187,"Tuesday, July 1, 2014",62356,28
19,2187,"Tuesday, July 1, 2014",5101,71
10,2187,"Tuesday, October 1, 2013",39813,18
10,2187,"Tuesday, October 1, 2013",84,70
10,2187,"Tuesday, October 1, 2013",19701,20
10,2187,"Tuesday, October 1, 2013",68,70
10,2187,"Tuesday, October 1, 2013",48001,66
10,2187,"Tuesday, October 1, 2013",53001,72
10,2187,"Tuesday, October 1, 2013",56,19
10,2187,"Tuesday, October 1, 2013",20058,84
10,2187,"Tuesday, October 1, 2013",63,87
10,2187,"Tuesday, October 1, 2013",68001,65
10,2187,"Tuesday, October 1, 2013",42223,79
10,2187,"Tuesday, October 1, 2013",29001,89
10,2187,"Tuesday, October 1, 2013",67,60
10,2187,"Tuesday, October 1, 2013",71,61
10,2187,"Tuesday, October 1, 2013",40003,16
10,2187,"Tuesday, October 1, 2013",53001,64
10,2187,"Tuesday, October 1, 2013",12,43
10,2187,"Tuesday, October 1, 2013",48001,84
10,2187,"Tuesday, October 1, 2013",15937,62
10,2187,"Tuesday, October 1, 2013",84,86
10,2187,"Tuesday, October 1, 2013",58001,70
10,2187,"Tuesday, October 1, 2013",20001,13
10,2187,"Tuesday, October 1, 2013",24701,75
10,2187,"Tuesday, October 1, 2013",12,47
10,2187,"Tuesday, October 1, 2013",501,78
10,2187,"Tuesday, October 1, 2013",12,24
10,2187,"Tuesday, October 1, 2013",88901,88
10,2187,"Tuesday, October 1, 2013",48001,78
10,2187,"Tuesday, October 1, 2013",48001,73
10,2187,"Tuesday, October 1, 2013",1,13
10,2187,"Tuesday, October 1, 2013",62356,28
10,2187,"Tuesday, October 1, 2013",68,61
10,2187,"Tuesday, October 1, 2013",41,43
10,2187,"Tuesday, October 1, 2013",12,34
10,2187,"Tuesday, October 1, 2013",24701,66
10,2187,"Tuesday, October 1, 2013",68,81
10,2187,"Tuesday, October 1, 2013",42223,78
10,2187,"Tuesday, October 1, 2013",6001,22
10,2187,"Tuesday, October 1, 2013",116,39
10,2187,"Tuesday, October 1, 2013",56,45
10,2187,"Tuesday, October 1, 2013",14,31
10,2187,"Tuesday, October 1, 2013",63005,87
10,2187,"Tuesday, October 1, 2013",5101,60
10,2187,"Tuesday, October 1, 2013",63005,73
10,2187,"Tuesday, October 1, 2013",56,33
10,2187,"Tuesday, October 1, 2013",63005,75
10,2187,"Tuesday, October 1, 2013",188,61
10,2187,"Tuesday, October 1, 2013",188,75
10,2187,"Tuesday, October 1, 2013",39813,41
10,2187,"Tuesday, October 1, 2013",6001,18
10,2187,"Tuesday, October 1, 2013",42223,71
10,2187,"Tuesday, October 1, 2013",27,18
10,2187,"Tuesday, October 1, 2013",7001,60
10,2187,"Tuesday, October 1, 2013",2801,78
10,2187,"Tuesday, October 1, 2013",43001,60
10,2187,"Tuesday, October 1, 2013",38848,69
10,2187,"Tuesday, October 1, 2013",63005,67
10,2187,"Tuesday, October 1, 2013",35004,46
10,2187,"Tuesday, October 1, 2013",20041,62
10,2187,"Tuesday, October 1, 2013",15937,60
10,2187,"Tuesday, October 1, 2013",20041,88
10,2187,"Tuesday, October 1, 2013",35004,45
10,2187,"Tuesday, October 1, 2013",39813,43
10,2187,"Tuesday, October 1, 2013",58001,83
10,2187,"Tuesday, October 1, 2013",6001,47
10,2187,"Tuesday, October 1, 2013",58001,75
10,2187,"Tuesday, October 1, 2013",63005,79
10,2187,"Tuesday, October 1, 2013",68001,76
10,2187,"Tuesday, October 1, 2013",1,34
10,2187,"Tuesday, October 1, 2013",46001,44
10,2187,"Tuesday, October 1, 2013",42223,65
10,2187,"Tuesday, October 1, 2013",6001,43
10,2187,"Tuesday, October 1, 2013",116,34
10,2187,"Tuesday, October 1, 2013",82001,82
10,2187,"Tuesday, October 1, 2013",24701,66
10,2187,"Tuesday, October 1, 2013",71,87
10,2187,"Tuesday, October 1, 2013",27,21
10,2187,"Tuesday, October 1, 2013",20058,60
10,2187,"Tuesday, October 1, 2013",116,25
10,2187,"Tuesday, October 1, 2013",29001,85
10,2187,"Tuesday, October 1, 2013",72,84
10,2187,"Tuesday, October 1, 2013",5101,88
10,2187,"Tuesday, October 1, 2013",3033,71
20,2187,"Friday, August 1, 2014",501,83
20,2187,"Friday, August 1, 2014",2801,67
20,2187,"Friday, August 1, 2014",15937,68
20,2187,"Friday, August 1, 2014",501,82
20,2187,"Friday, August 1, 2014",42223,74
20,2187,"Friday, August 1, 2014",35004,16
20,2187,"Friday, August 1, 2014",71,69
20,2187,"Friday, August 1, 2014",46001,47
20,2187,"Friday, August 1, 2014",1,44
20,2187,"Friday, August 1, 2014",116,27
20,2187,"Friday, August 1, 2014",88901,67
20,2187,"Friday, August 1, 2014",84,76
20,2187,"Friday, August 1, 2014",6001,18
20,2187,"Friday, August 1, 2014",116,34
20,2187,"Friday, August 1, 2014",66002,19
20,2187,"Friday, August 1, 2014",57001,81
20,2187,"Friday, August 1, 2014",35004,10
20,2187,"Friday, August 1, 2014",7001,76
20,2187,"Friday, August 1, 2014",84,83
20,2187,"Friday, August 1, 2014",62356,35
20,2187,"Friday, August 1, 2014",40003,44
20,2187,"Friday, August 1, 2014",7001,89
20,2187,"Friday, August 1, 2014",38848,87
20,2187,"Friday, August 1, 2014",5101,83
20,2187,"Friday, August 1, 2014",41,15
20,2187,"Friday, August 1, 2014",39813,35
20,2187,"Friday, August 1, 2014",188,79
20,2187,"Friday, August 1, 2014",42223,73
20,2187,"Friday, August 1, 2014",24701,76
20,2187,"Friday, August 1, 2014",82001,66
20,2187,"Friday, August 1, 2014",46001,47
20,2187,"Friday, August 1, 2014",50001,20
20,2187,"Friday, August 1, 2014",6001,43
20,2187,"Friday, August 1, 2014",20001,25
20,2187,"Friday, August 1, 2014",20001,19
20,2187,"Friday, August 1, 2014",2801,60
20,2187,"Friday, August 1, 2014",72,61
20,2187,"Friday, August 1, 2014",29001,69
20,2187,"Friday, August 1, 2014",5101,69
20,2187,"Friday, August 1, 2014",24701,61
20,2187,"Friday, August 1, 2014",63005,88
20,2187,"Friday, August 1, 2014",82001,77
20,2187,"Friday, August 1, 2014",66002,41
20,2187,"Friday, August 1, 2014",56,46
20,2187,"Friday, August 1, 2014",15937,68
20,2187,"Friday, August 1, 2014",62356,42
20,2187,"Friday, August 1, 2014",27,44
20,2187,"Friday, August 1, 2014",35004,19
20,2187,"Friday, August 1, 2014",501,71
20,2187,"Friday, August 1, 2014",46001,37
20,2187,"Friday, August 1, 2014",82001,89
20,2187,"Friday, August 1, 2014",64,85
20,2187,"Friday, August 1, 2014",67,78
20,2187,"Friday, August 1, 2014",15937,76
20,2187,"Friday, August 1, 2014",27,15
20,2187,"Friday, August 1, 2014",5101,79
20,2187,"Friday, August 1, 2014",29001,82
20,2187,"Friday, August 1, 2014",88901,76
20,2187,"Friday, August 1, 2014",84,80
20,2187,"Friday, August 1, 2014",24701,74
20,2187,"Friday, August 1, 2014",59,84
20,2187,"Friday, August 1, 2014",29001,85
20,2187,"Friday, August 1, 2014",58001,69
20,2187,"Friday, August 1, 2014",82001,83
20,2187,"Friday, August 1, 2014",72,85
20,2187,"Friday, August 1, 2014",29001,89
20,2187,"Friday, August 1, 2014",53001,87
20,2187,"Friday, August 1, 2014",116,12
20,2187,"Friday, August 1, 2014",1,44
20,2187,"Friday, August 1, 2014",57001,88
20,2187,"Friday, August 1, 2014",42223,87
20,2187,"Friday, August 1, 2014",43001,82
20,2187,"Friday, August 1, 2014",71601,38
20,2187,"Friday, August 1, 2014",29001,76
20,2187,"Friday, August 1, 2014",57001,85
20,2187,"Friday, August 1, 2014",39813,41
20,2187,"Friday, August 1, 2014",35004,40
20,2187,"Friday, August 1, 2014",88901,82
20,2187,"Friday, August 1, 2014",64,66
20,2187,"Friday, August 1, 2014",40003,38
20,2187,"Friday, August 1, 2014",15937,74
9,2187,"Sunday, September 1, 2013",71,81
9,2187,"Sunday, September 1, 2013",46001,36
9,2187,"Sunday, September 1, 2013",116,44
9,2187,"Sunday, September 1, 2013",46001,28
9,2187,"Sunday, September 1, 2013",88901,85
9,2187,"Sunday, September 1, 2013",501,88
9,2187,"Sunday, September 1, 2013",15937,80
9,2187,"Sunday, September 1, 2013",14,34
9,2187,"Sunday, September 1, 2013",46001,18
9,2187,"Sunday, September 1, 2013",48001,87
9,2187,"Sunday, September 1, 2013",39813,23
9,2187,"Sunday, September 1, 2013",19701,23
9,2187,"Sunday, September 1, 2013",59,82
9,2187,"Sunday, September 1, 2013",14,41
9,2187,"Sunday, September 1, 2013",43001,78
9,2187,"Sunday, September 1, 2013",48001,85
9,2187,"Sunday, September 1, 2013",6001,39
9,2187,"Sunday, September 1, 2013",24701,88
9,2187,"Sunday, September 1, 2013",1,48
9,2187,"Sunday, September 1, 2013",48001,74
9,2187,"Sunday, September 1, 2013",71601,32
9,2187,"Sunday, September 1, 2013",63,64
9,2187,"Sunday, September 1, 2013",38848,86
9,2187,"Sunday, September 1, 2013",57001,76
9,2187,"Sunday, September 1, 2013",63005,81
9,2187,"Sunday, September 1, 2013",12,34
9,2187,"Sunday, September 1, 2013",63005,89
9,2187,"Sunday, September 1, 2013",58001,62
9,2187,"Sunday, September 1, 2013",46001,39
9,2187,"Sunday, September 1, 2013",88901,67
9,2187,"Sunday, September 1, 2013",63005,68
9,2187,"Sunday, September 1, 2013",29001,62
9,2187,"Sunday, September 1, 2013",63005,87
9,2187,"Sunday, September 1, 2013",35004,21
9,2187,"Sunday, September 1, 2013",64,82
9,2187,"Sunday, September 1, 2013",116,30
9,2187,"Sunday, September 1, 2013",19701,37
9,2187,"Sunday, September 1, 2013",42223,81
9,2187,"Sunday, September 1, 2013",2801,63
9,2187,"Sunday, September 1, 2013",48001,82
9,2187,"Sunday, September 1, 2013",42223,68
9,2187,"Sunday, September 1, 2013",3033,72
9,2187,"Sunday, September 1, 2013",68,86
9,2187,"Sunday, September 1, 2013",53001,85
9,2187,"Sunday, September 1, 2013",2801,61
9,2187,"Sunday, September 1, 2013",158,40
9,2187,"Sunday, September 1, 2013",50001,41
9,2187,"Sunday, September 1, 2013",40003,45
9,2187,"Sunday, September 1, 2013",20041,63
9,2187,"Sunday, September 1, 2013",68001,80
9,2187,"Sunday, September 1, 2013",62356,37
9,2187,"Sunday, September 1, 2013",68001,81
9,2187,"Sunday, September 1, 2013",35004,22
9,2187,"Sunday, September 1, 2013",35004,46
9,2187,"Sunday, September 1, 2013",66002,19
9,2187,"Sunday, September 1, 2013",38848,76
9,2187,"Sunday, September 1, 2013",5101,61
9,2187,"Sunday, September 1, 2013",43001,69
9,2187,"Sunday, September 1, 2013",63,63
9,2187,"Sunday, September 1, 2013",15937,90
9,2187,"Sunday, September 1, 2013",116,30
9,2187,"Sunday, September 1, 2013",158,36
9,2187,"Sunday, September 1, 2013",19701,27
9,2187,"Sunday, September 1, 2013",59,76
9,2187,"Sunday, September 1, 2013",57001,82
9,2187,"Sunday, September 1, 2013",71601,10
9,2187,"Sunday, September 1, 2013",501,70
9,2187,"Sunday, September 1, 2013",3033,60
9,2187,"Sunday, September 1, 2013",59,66
9,2187,"Sunday, September 1, 2013",3033,82
9,2187,"Sunday, September 1, 2013",1,46
9,2187,"Sunday, September 1, 2013",15937,71
9,2187,"Sunday, September 1, 2013",71,62
9,2187,"Sunday, September 1, 2013",1,12
9,2187,"Sunday, September 1, 2013",2801,62
9,2187,"Sunday, September 1, 2013",6001,16
9,2187,"Sunday, September 1, 2013",39813,12
9,2187,"Sunday, September 1, 2013",27,24
9,2187,"Sunday, September 1, 2013",82001,79
9,2187,"Sunday, September 1, 2013",39813,35
9,2187,"Sunday, September 1, 2013",20041,87
8,2187,"Thursday, August 1, 2013",7001,66
8,2187,"Thursday, August 1, 2013",48001,60
8,2187,"Thursday, August 1, 2013",20058,86
8,2187,"Thursday, August 1, 2013",1,10
8,2187,"Thursday, August 1, 2013",57001,65
8,2187,"Thursday, August 1, 2013",67,61
8,2187,"Thursday, August 1, 2013",59,76
8,2187,"Thursday, August 1, 2013",62356,27
8,2187,"Thursday, August 1, 2013",58001,65
8,2187,"Thursday, August 1, 2013",41,29
8,2187,"Thursday, August 1, 2013",56,47
8,2187,"Thursday, August 1, 2013",158,27
8,2187,"Thursday, August 1, 2013",48001,84
8,2187,"Thursday, August 1, 2013",27,42
8,2187,"Thursday, August 1, 2013",7001,67
8,2187,"Thursday, August 1, 2013",38848,60
8,2187,"Thursday, August 1, 2013",71601,18
8,2187,"Thursday, August 1, 2013",68,89
8,2187,"Thursday, August 1, 2013",56,46
8,2187,"Thursday, August 1, 2013",3033,85
8,2187,"Thursday, August 1, 2013",41,38
8,2187,"Thursday, August 1, 2013",2801,75
8,2187,"Thursday, August 1, 2013",12,49
8,2187,"Thursday, August 1, 2013",6001,12
8,2187,"Thursday, August 1, 2013",84,86
8,2187,"Thursday, August 1, 2013",71601,49
8,2187,"Thursday, August 1, 2013",1,23
8,2187,"Thursday, August 1, 2013",67,64
8,2187,"Thursday, August 1, 2013",72,66
8,2187,"Thursday, August 1, 2013",15937,60
8,2187,"Thursday, August 1, 2013",63,80
8,2187,"Thursday, August 1, 2013",56,32
8,2187,"Thursday, August 1, 2013",7001,76
8,2187,"Thursday, August 1, 2013",46001,39
8,2187,"Thursday, August 1, 2013",68,63
8,2187,"Thursday, August 1, 2013",501,74
8,2187,"Thursday, August 1, 2013",56,25
8,2187,"Thursday, August 1, 2013",50001,20
8,2187,"Thursday, August 1, 2013",71,84
8,2187,"Thursday, August 1, 2013",64,75
8,2187,"Thursday, August 1, 2013",35004,45
8,2187,"Thursday, August 1, 2013",57001,60
8,2187,"Thursday, August 1, 2013",88901,66
8,2187,"Thursday, August 1, 2013",59,66
8,2187,"Thursday, August 1, 2013",158,29
8,2187,"Thursday, August 1, 2013",20041,83
8,2187,"Thursday, August 1, 2013",40003,43
8,2187,"Thursday, August 1, 2013",42223,87
8,2187,"Thursday, August 1, 2013",88901,65
8,2187,"Thursday, August 1, 2013",14,39
8,2187,"Thursday, August 1, 2013",5101,80
8,2187,"Thursday, August 1, 2013",3033,87
8,2187,"Thursday, August 1, 2013",39813,50
8,2187,"Thursday, August 1, 2013",40003,36
8,2187,"Thursday, August 1, 2013",43001,60
8,2187,"Thursday, August 1, 2013",64,84
8,2187,"Thursday, August 1, 2013",64,62
8,2187,"Thursday, August 1, 2013",57001,73
8,2187,"Thursday, August 1, 2013",24701,60
8,2187,"Thursday, August 1, 2013",501,60
8,2187,"Thursday, August 1, 2013",158,20
8,2187,"Thursday, August 1, 2013",24701,66
8,2187,"Thursday, August 1, 2013",64,63
8,2187,"Thursday, August 1, 2013",20041,83
8,2187,"Thursday, August 1, 2013",41,25
8,2187,"Thursday, August 1, 2013",20041,70
8,2187,"Thursday, August 1, 2013",24701,80
8,2187,"Thursday, August 1, 2013",57001,66
8,2187,"Thursday, August 1, 2013",46001,46
8,2187,"Thursday, August 1, 2013",46001,14
8,2187,"Thursday, August 1, 2013",67,64
8,2187,"Thursday, August 1, 2013",50001,15
8,2187,"Thursday, August 1, 2013",38848,83
8,2187,"Thursday, August 1, 2013",20058,66
8,2187,"Thursday, August 1, 2013",53001,83
8,2187,"Thursday, August 1, 2013",20041,68
8,2187,"Thursday, August 1, 2013",38848,82
8,2187,"Thursday, August 1, 2013",62356,40
11,2187,"Friday, November 1, 2013",88901,76
11,2187,"Friday, November 1, 2013",27,44
11,2187,"Friday, November 1, 2013",48001,80
11,2187,"Friday, November 1, 2013",39813,21
11,2187,"Friday, November 1, 2013",2801,66
11,2187,"Friday, November 1, 2013",71,60
11,2187,"Friday, November 1, 2013",20041,74
11,2187,"Friday, November 1, 2013",35004,12
11,2187,"Friday, November 1, 2013",67,76
11,2187,"Friday, November 1, 2013",116,47
11,2187,"Friday, November 1, 2013",5101,86
11,2187,"Friday, November 1, 2013",67,73
11,2187,"Friday, November 1, 2013",56,25
11,2187,"Friday, November 1, 2013",3033,78
11,2187,"Friday, November 1, 2013",84,61
11,2187,"Friday, November 1, 2013",59,74
11,2187,"Friday, November 1, 2013",66002,30
11,2187,"Friday, November 1, 2013",5101,75
11,2187,"Friday, November 1, 2013",20001,36
11,2187,"Friday, November 1, 2013",59,77
11,2187,"Friday, November 1, 2013",57001,63
11,2187,"Friday, November 1, 2013",67,86
11,2187,"Friday, November 1, 2013",35004,18
11,2187,"Friday, November 1, 2013",62356,43
11,2187,"Friday, November 1, 2013",63,88
11,2187,"Friday, November 1, 2013",20041,71
11,2187,"Friday, November 1, 2013",188,81
11,2187,"Friday, November 1, 2013",57001,80
11,2187,"Friday, November 1, 2013",38848,87
11,2187,"Friday, November 1, 2013",42223,66
11,2187,"Friday, November 1, 2013",116,36
11,2187,"Friday, November 1, 2013",2801,90
11,2187,"Friday, November 1, 2013",24701,62
11,2187,"Friday, November 1, 2013",188,88
11,2187,"Friday, November 1, 2013",53001,85
11,2187,"Friday, November 1, 2013",66002,28
11,2187,"Friday, November 1, 2013",63,83
11,2187,"Friday, November 1, 2013",6001,22
11,2187,"Friday, November 1, 2013",64,90
11,2187,"Friday, November 1, 2013",158,17
11,2187,"Friday, November 1, 2013",42223,62
11,2187,"Friday, November 1, 2013",82001,74
11,2187,"Friday, November 1, 2013",6001,47
11,2187,"Friday, November 1, 2013",57001,83
11,2187,"Friday, November 1, 2013",1,25
11,2187,"Friday, November 1, 2013",71,61
11,2187,"Friday, November 1, 2013",72,83
11,2187,"Friday, November 1, 2013",59,63
11,2187,"Friday, November 1, 2013",59,90
11,2187,"Friday, November 1, 2013",46001,34
11,2187,"Friday, November 1, 2013",48001,73
11,2187,"Friday, November 1, 2013",82001,65
11,2187,"Friday, November 1, 2013",27,47
11,2187,"Friday, November 1, 2013",40003,50
11,2187,"Friday, November 1, 2013",57001,63
11,2187,"Friday, November 1, 2013",116,12
11,2187,"Friday, November 1, 2013",82001,64
11,2187,"Friday, November 1, 2013",5101,64
11,2187,"Friday, November 1, 2013",2801,83
11,2187,"Friday, November 1, 2013",68001,76
11,2187,"Friday, November 1, 2013",56,33
11,2187,"Friday, November 1, 2013",1,44
11,2187,"Friday, November 1, 2013",71,69
11,2187,"Friday, November 1, 2013",2801,69
11,2187,"Friday, November 1, 2013",501,64
11,2187,"Friday, November 1, 2013",29001,87
11,2187,"Friday, November 1, 2013",59,73
11,2187,"Friday, November 1, 2013",5101,74
11,2187,"Friday, November 1, 2013",12,28
11,2187,"Friday, November 1, 2013",2801,71
11,2187,"Friday, November 1, 2013",40003,27
11,2187,"Friday, November 1, 2013",63005,67
11,2187,"Friday, November 1, 2013",6001,20
11,2187,"Friday, November 1, 2013",39813,15
11,2187,"Friday, November 1, 2013",53001,61
11,2187,"Friday, November 1, 2013",53001,76
11,2187,"Friday, November 1, 2013",63005,83
11,2187,"Friday, November 1, 2013",29001,87
11,2187,"Friday, November 1, 2013",20001,35
14,2187,"Saturday, February 1, 2014",56,46
14,2187,"Saturday, February 1, 2014",58001,73
14,2187,"Saturday, February 1, 2014",56,50
14,2187,"Saturday, February 1, 2014",63,83
14,2187,"Saturday, February 1, 2014",19701,14
14,2187,"Saturday, February 1, 2014",15937,69
14,2187,"Saturday, February 1, 2014",68,67
14,2187,"Saturday, February 1, 2014",38848,73
14,2187,"Saturday, February 1, 2014",40003,35
14,2187,"Saturday, February 1, 2014",41,35
14,2187,"Saturday, February 1, 2014",19701,36
14,2187,"Saturday, February 1, 2014",188,75
14,2187,"Saturday, February 1, 2014",3033,79
14,2187,"Saturday, February 1, 2014",64,75
14,2187,"Saturday, February 1, 2014",12,44
14,2187,"Saturday, February 1, 2014",12,12
14,2187,"Saturday, February 1, 2014",158,29
14,2187,"Saturday, February 1, 2014",48001,82
14,2187,"Saturday, February 1, 2014",19701,31
14,2187,"Saturday, February 1, 2014",46001,39
14,2187,"Saturday, February 1, 2014",14,44
14,2187,"Saturday, February 1, 2014",19701,45
14,2187,"Saturday, February 1, 2014",501,64
14,2187,"Saturday, February 1, 2014",116,33
14,2187,"Saturday, February 1, 2014",5101,84
14,2187,"Saturday, February 1, 2014",72,65
14,2187,"Saturday, February 1, 2014",57001,69
14,2187,"Saturday, February 1, 2014",71601,10
14,2187,"Saturday, February 1, 2014",20041,74
14,2187,"Saturday, February 1, 2014",38848,67
14,2187,"Saturday, February 1, 2014",48001,62
14,2187,"Saturday, February 1, 2014",501,70
14,2187,"Saturday, February 1, 2014",12,46
14,2187,"Saturday, February 1, 2014",72,70
14,2187,"Saturday, February 1, 2014",72,69
14,2187,"Saturday, February 1, 2014",41,37
14,2187,"Saturday, February 1, 2014",71,74
14,2187,"Saturday, February 1, 2014",20041,80
14,2187,"Saturday, February 1, 2014",82001,79
14,2187,"Saturday, February 1, 2014",48001,64
14,2187,"Saturday, February 1, 2014",2801,90
14,2187,"Saturday, February 1, 2014",188,69
14,2187,"Saturday, February 1, 2014",62356,49
14,2187,"Saturday, February 1, 2014",12,20
14,2187,"Saturday, February 1, 2014",63,62
14,2187,"Saturday, February 1, 2014",7001,65
14,2187,"Saturday, February 1, 2014",188,83
14,2187,"Saturday, February 1, 2014",188,73
14,2187,"Saturday, February 1, 2014",1,16
14,2187,"Saturday, February 1, 2014",56,50
14,2187,"Saturday, February 1, 2014",53001,72
14,2187,"Saturday, February 1, 2014",20041,69
14,2187,"Saturday, February 1, 2014",39813,41
14,2187,"Saturday, February 1, 2014",71,87
14,2187,"Saturday, February 1, 2014",7001,62
14,2187,"Saturday, February 1, 2014",56,30
14,2187,"Saturday, February 1, 2014",24701,87
14,2187,"Saturday, February 1, 2014",12,38
14,2187,"Saturday, February 1, 2014",56,42
14,2187,"Saturday, February 1, 2014",19701,21
14,2187,"Saturday, February 1, 2014",14,49
14,2187,"Saturday, February 1, 2014",88901,80
14,2187,"Saturday, February 1, 2014",15937,85
14,2187,"Saturday, February 1, 2014",53001,70
14,2187,"Saturday, February 1, 2014",40003,49
14,2187,"Saturday, February 1, 2014",50001,48
14,2187,"Saturday, February 1, 2014",1,15
14,2187,"Saturday, February 1, 2014",68001,89
14,2187,"Saturday, February 1, 2014",14,26
14,2187,"Saturday, February 1, 2014",71,79
14,2187,"Saturday, February 1, 2014",63005,67
14,2187,"Saturday, February 1, 2014",48001,82
14,2187,"Saturday, February 1, 2014",63,70
14,2187,"Saturday, February 1, 2014",82001,87
14,2187,"Saturday, February 1, 2014",56,21
14,2187,"Saturday, February 1, 2014",12,17
14,2187,"Saturday, February 1, 2014",38848,64
15,2187,"Saturday, March 1, 2014",20001,35
15,2187,"Saturday, March 1, 2014",56,30
15,2187,"Saturday, March 1, 2014",15937,76
15,2187,"Saturday, March 1, 2014",2801,71
15,2187,"Saturday, March 1, 2014",188,63
15,2187,"Saturday, March 1, 2014",35004,49
15,2187,"Saturday, March 1, 2014",20001,32
15,2187,"Saturday, March 1, 2014",6001,47
15,2187,"Saturday, March 1, 2014",63005,89
15,2187,"Saturday, March 1, 2014",42223,89
15,2187,"Saturday, March 1, 2014",116,41
15,2187,"Saturday, March 1, 2014",68001,66
15,2187,"Saturday, March 1, 2014",71,65
15,2187,"Saturday, March 1, 2014",66002,14
15,2187,"Saturday, March 1, 2014",68001,89
15,2187,"Saturday, March 1, 2014",63005,78
15,2187,"Saturday, March 1, 2014",158,30
15,2187,"Saturday, March 1, 2014",84,73
15,2187,"Saturday, March 1, 2014",71,70
15,2187,"Saturday, March 1, 2014",59,69
15,2187,"Saturday, March 1, 2014",88901,88
15,2187,"Saturday, March 1, 2014",20058,70
15,2187,"Saturday, March 1, 2014",46001,21
15,2187,"Saturday, March 1, 2014",56,11
15,2187,"Saturday, March 1, 2014",84,67
15,2187,"Saturday, March 1, 2014",41,23
15,2187,"Saturday, March 1, 2014",19701,26
15,2187,"Saturday, March 1, 2014",40003,39
15,2187,"Saturday, March 1, 2014",88901,85
15,2187,"Saturday, March 1, 2014",53001,68
15,2187,"Saturday, March 1, 2014",56,32
15,2187,"Saturday, March 1, 2014",53001,73
15,2187,"Saturday, March 1, 2014",43001,66
15,2187,"Saturday, March 1, 2014",501,88
15,2187,"Saturday, March 1, 2014",88901,84
15,2187,"Saturday, March 1, 2014",68,70
15,2187,"Saturday, March 1, 2014",48001,79
15,2187,"Saturday, March 1, 2014",82001,88
15,2187,"Saturday, March 1, 2014",501,64
15,2187,"Saturday, March 1, 2014",71601,44
15,2187,"Saturday, March 1, 2014",43001,75
15,2187,"Saturday, March 1, 2014",5101,77
15,2187,"Saturday, March 1, 2014",62356,21
15,2187,"Saturday, March 1, 2014",56,36
15,2187,"Saturday, March 1, 2014",12,50
15,2187,"Saturday, March 1, 2014",14,18
15,2187,"Saturday, March 1, 2014",68,85
15,2187,"Saturday, March 1, 2014",46001,14
15,2187,"Saturday, March 1, 2014",38848,73
15,2187,"Saturday, March 1, 2014",24701,74
15,2187,"Saturday, March 1, 2014",62356,45
15,2187,"Saturday, March 1, 2014",39813,29
15,2187,"Saturday, March 1, 2014",41,50
15,2187,"Saturday, March 1, 2014",53001,65
15,2187,"Saturday, March 1, 2014",84,61
15,2187,"Saturday, March 1, 2014",63,72
15,2187,"Saturday, March 1, 2014",48001,61
15,2187,"Saturday, March 1, 2014",88901,74
15,2187,"Saturday, March 1, 2014",5101,62
15,2187,"Saturday, March 1, 2014",3033,67
15,2187,"Saturday, March 1, 2014",20001,32
15,2187,"Saturday, March 1, 2014",58001,65
15,2187,"Saturday, March 1, 2014",50001,30
15,2187,"Saturday, March 1, 2014",59,62
15,2187,"Saturday, March 1, 2014",42223,75
15,2187,"Saturday, March 1, 2014",48001,61
15,2187,"Saturday, March 1, 2014",56,40
15,2187,"Saturday, March 1, 2014",88901,77
15,2187,"Saturday, March 1, 2014",63005,80
15,2187,"Saturday, March 1, 2014",24701,74
15,2187,"Saturday, March 1, 2014",116,22
15,2187,"Saturday, March 1, 2014",57001,86
15,2187,"Saturday, March 1, 2014",20058,66
15,2187,"Saturday, March 1, 2014",88901,80
15,2187,"Saturday, March 1, 2014",71601,22
15,2187,"Saturday, March 1, 2014",5101,89
15,2187,"Saturday, March 1, 2014",59,86
23,2187,"Saturday, November 1, 2014",2801,88
23,2187,"Saturday, November 1, 2014",88901,76
23,2187,"Saturday, November 1, 2014",50001,20
23,2187,"Saturday, November 1, 2014",20001,38
23,2187,"Saturday, November 1, 2014",20001,40
23,2187,"Saturday, November 1, 2014",27,36
23,2187,"Saturday, November 1, 2014",39813,40
23,2187,"Saturday, November 1, 2014",63005,81
23,2187,"Saturday, November 1, 2014",58001,71
23,2187,"Saturday, November 1, 2014",1,11
23,2187,"Saturday, November 1, 2014",19701,34
23,2187,"Saturday, November 1, 2014",20001,44
23,2187,"Saturday, November 1, 2014",43001,88
23,2187,"Saturday, November 1, 2014",68001,68
23,2187,"Saturday, November 1, 2014",56,35
23,2187,"Saturday, November 1, 2014",59,90
23,2187,"Saturday, November 1, 2014",41,15
23,2187,"Saturday, November 1, 2014",188,68
23,2187,"Saturday, November 1, 2014",3033,64
23,2187,"Saturday, November 1, 2014",56,40
23,2187,"Saturday, November 1, 2014",53001,86
23,2187,"Saturday, November 1, 2014",59,65
23,2187,"Saturday, November 1, 2014",35004,19
23,2187,"Saturday, November 1, 2014",116,17
23,2187,"Saturday, November 1, 2014",58001,82
23,2187,"Saturday, November 1, 2014",43001,81
23,2187,"Saturday, November 1, 2014",14,48
23,2187,"Saturday, November 1, 2014",63,60
23,2187,"Saturday, November 1, 2014",68001,66
23,2187,"Saturday, November 1, 2014",48001,82
23,2187,"Saturday, November 1, 2014",3033,60
23,2187,"Saturday, November 1, 2014",20058,64
23,2187,"Saturday, November 1, 2014",2801,72
23,2187,"Saturday, November 1, 2014",158,46
23,2187,"Saturday, November 1, 2014",63,81
23,2187,"Saturday, November 1, 2014",188,67
23,2187,"Saturday, November 1, 2014",59,60
23,2187,"Saturday, November 1, 2014",7001,78
23,2187,"Saturday, November 1, 2014",67,68
23,2187,"Saturday, November 1, 2014",63,68
23,2187,"Saturday, November 1, 2014",15937,70
23,2187,"Saturday, November 1, 2014",82001,86
23,2187,"Saturday, November 1, 2014",50001,32
23,2187,"Saturday, November 1, 2014",27,37
23,2187,"Saturday, November 1, 2014",41,29
23,2187,"Saturday, November 1, 2014",59,70
23,2187,"Saturday, November 1, 2014",62356,11
23,2187,"Saturday, November 1, 2014",84,60
23,2187,"Saturday, November 1, 2014",68,78
23,2187,"Saturday, November 1, 2014",20041,76
23,2187,"Saturday, November 1, 2014",20041,77
23,2187,"Saturday, November 1, 2014",58001,72
23,2187,"Saturday, November 1, 2014",1,12
23,2187,"Saturday, November 1, 2014",20001,24
23,2187,"Saturday, November 1, 2014",41,27
23,2187,"Saturday, November 1, 2014",6001,42
23,2187,"Saturday, November 1, 2014",40003,33
23,2187,"Saturday, November 1, 2014",20041,69
23,2187,"Saturday, November 1, 2014",72,76
23,2187,"Saturday, November 1, 2014",501,74
23,2187,"Saturday, November 1, 2014",2801,69
23,2187,"Saturday, November 1, 2014",68001,74
23,2187,"Saturday, November 1, 2014",64,62
23,2187,"Saturday, November 1, 2014",19701,18
23,2187,"Saturday, November 1, 2014",7001,79
23,2187,"Saturday, November 1, 2014",66002,37
23,2187,"Saturday, November 1, 2014",50001,28
23,2187,"Saturday, November 1, 2014",12,14
23,2187,"Saturday, November 1, 2014",12,11
23,2187,"Saturday, November 1, 2014",71601,33
23,2187,"Saturday, November 1, 2014",43001,84
23,2187,"Saturday, November 1, 2014",188,75
23,2187,"Saturday, November 1, 2014",71601,40
23,2187,"Saturday, November 1, 2014",59,79
23,2187,"Saturday, November 1, 2014",62356,46
23,2187,"Saturday, November 1, 2014",68,66
22,1,"Wednesday, October 1, 2014",62356,44
22,1,"Wednesday, October 1, 2014",46001,48
22,1,"Wednesday, October 1, 2014",27,44
22,1,"Wednesday, October 1, 2014",43001,86
22,1,"Wednesday, October 1, 2014",72,82
22,1,"Wednesday, October 1, 2014",38848,77
22,1,"Wednesday, October 1, 2014",71601,28
22,1,"Wednesday, October 1, 2014",58001,88
22,1,"Wednesday, October 1, 2014",38848,69
22,1,"Wednesday, October 1, 2014",5101,88
22,1,"Wednesday, October 1, 2014",41,47
22,1,"Wednesday, October 1, 2014",1,50
22,1,"Wednesday, October 1, 2014",20041,70
22,1,"Wednesday, October 1, 2014",58001,65
22,1,"Wednesday, October 1, 2014",84,76
22,1,"Wednesday, October 1, 2014",68001,62
22,1,"Wednesday, October 1, 2014",71601,43
22,1,"Wednesday, October 1, 2014",58001,80
22,1,"Wednesday, October 1, 2014",19701,23
22,1,"Wednesday, October 1, 2014",20058,69
22,1,"Wednesday, October 1, 2014",84,76
22,1,"Wednesday, October 1, 2014",116,46
22,1,"Wednesday, October 1, 2014",116,46
22,1,"Wednesday, October 1, 2014",68,83
22,1,"Wednesday, October 1, 2014",20058,66
22,1,"Wednesday, October 1, 2014",20001,26
22,1,"Wednesday, October 1, 2014",57001,88
22,1,"Wednesday, October 1, 2014",39813,38
22,1,"Wednesday, October 1, 2014",46001,31
22,1,"Wednesday, October 1, 2014",56,35
22,1,"Wednesday, October 1, 2014",158,19
22,1,"Wednesday, October 1, 2014",39813,46
22,1,"Wednesday, October 1, 2014",88901,88
22,1,"Wednesday, October 1, 2014",64,81
22,1,"Wednesday, October 1, 2014",7001,76
22,1,"Wednesday, October 1, 2014",35004,10
22,1,"Wednesday, October 1, 2014",188,86
22,1,"Wednesday, October 1, 2014",68001,70
22,1,"Wednesday, October 1, 2014",64,61
22,1,"Wednesday, October 1, 2014",27,15
22,1,"Wednesday, October 1, 2014",2801,70
22,1,"Wednesday, October 1, 2014",20058,83
22,1,"Wednesday, October 1, 2014",5101,64
22,1,"Wednesday, October 1, 2014",188,78
22,1,"Wednesday, October 1, 2014",68001,77
22,1,"Wednesday, October 1, 2014",38848,65
22,1,"Wednesday, October 1, 2014",12,42
22,1,"Wednesday, October 1, 2014",42223,88
22,1,"Wednesday, October 1, 2014",1,25
22,1,"Wednesday, October 1, 2014",50001,45
22,1,"Wednesday, October 1, 2014",116,50
22,1,"Wednesday, October 1, 2014",38848,72
22,1,"Wednesday, October 1, 2014",68001,87
22,1,"Wednesday, October 1, 2014",41,35
22,1,"Wednesday, October 1, 2014",27,16
22,1,"Wednesday, October 1, 2014",62356,44
22,1,"Wednesday, October 1, 2014",63005,67
22,1,"Wednesday, October 1, 2014",71601,17
22,1,"Wednesday, October 1, 2014",58001,70
22,1,"Wednesday, October 1, 2014",67,61
22,1,"Wednesday, October 1, 2014",88901,82
22,1,"Wednesday, October 1, 2014",19701,13
22,1,"Wednesday, October 1, 2014",27,18
22,1,"Wednesday, October 1, 2014",68,80
22,1,"Wednesday, October 1, 2014",15937,69
22,1,"Wednesday, October 1, 2014",59,75
22,1,"Wednesday, October 1, 2014",29001,60
22,1,"Wednesday, October 1, 2014",48001,64
22,1,"Wednesday, October 1, 2014",6001,46
22,1,"Wednesday, October 1, 2014",39813,42
22,1,"Wednesday, October 1, 2014",63,60
22,1,"Wednesday, October 1, 2014",48001,70
22,1,"Wednesday, October 1, 2014",88901,67
22,1,"Wednesday, October 1, 2014",5101,81
22,1,"Wednesday, October 1, 2014",64,87
22,1,"Wednesday, October 1, 2014",64,77
22,1,"Wednesday, October 1, 2014",48001,82
18,1,"Sunday, June 1, 2014",7001,75
18,1,"Sunday, June 1, 2014",71601,32
18,1,"Sunday, June 1, 2014",501,69
18,1,"Sunday, June 1, 2014",41,12
18,1,"Sunday, June 1, 2014",68,64
18,1,"Sunday, June 1, 2014",56,14
18,1,"Sunday, June 1, 2014",50001,40
18,1,"Sunday, June 1, 2014",59,62
18,1,"Sunday, June 1, 2014",57001,68
18,1,"Sunday, June 1, 2014",38848,67
18,1,"Sunday, June 1, 2014",72,78
18,1,"Sunday, June 1, 2014",72,67
18,1,"Sunday, June 1, 2014",58001,78
18,1,"Sunday, June 1, 2014",2801,63
18,1,"Sunday, June 1, 2014",58001,62
18,1,"Sunday, June 1, 2014",71601,40
18,1,"Sunday, June 1, 2014",20041,84
18,1,"Sunday, June 1, 2014",72,84
18,1,"Sunday, June 1, 2014",6001,25
18,1,"Sunday, June 1, 2014",72,61
18,1,"Sunday, June 1, 2014",68001,86
18,1,"Sunday, June 1, 2014",6001,47
18,1,"Sunday, June 1, 2014",188,77
18,1,"Sunday, June 1, 2014",68001,82
18,1,"Sunday, June 1, 2014",188,76
18,1,"Sunday, June 1, 2014",82001,73
18,1,"Sunday, June 1, 2014",116,21
18,1,"Sunday, June 1, 2014",72,85
18,1,"Sunday, June 1, 2014",42223,60
18,1,"Sunday, June 1, 2014",68001,70
18,1,"Sunday, June 1, 2014",59,88
18,1,"Sunday, June 1, 2014",20058,73
18,1,"Sunday, June 1, 2014",63005,82
18,1,"Sunday, June 1, 2014",67,79
18,1,"Sunday, June 1, 2014",58001,61
18,1,"Sunday, June 1, 2014",53001,87
18,1,"Sunday, June 1, 2014",48001,64
18,1,"Sunday, June 1, 2014",14,47
18,1,"Sunday, June 1, 2014",41,48
18,1,"Sunday, June 1, 2014",27,50
18,1,"Sunday, June 1, 2014",24701,62
18,1,"Sunday, June 1, 2014",42223,83
18,1,"Sunday, June 1, 2014",46001,14
18,1,"Sunday, June 1, 2014",50001,25
18,1,"Sunday, June 1, 2014",41,36
18,1,"Sunday, June 1, 2014",35004,22
18,1,"Sunday, June 1, 2014",71601,36
18,1,"Sunday, June 1, 2014",68,76
18,1,"Sunday, June 1, 2014",19701,11
18,1,"Sunday, June 1, 2014",64,73
18,1,"Sunday, June 1, 2014",3033,79
18,1,"Sunday, June 1, 2014",15937,84
18,1,"Sunday, June 1, 2014",66002,30
18,1,"Sunday, June 1, 2014",2801,86
18,1,"Sunday, June 1, 2014",3033,63
18,1,"Sunday, June 1, 2014",71601,27
18,1,"Sunday, June 1, 2014",116,47
18,1,"Sunday, June 1, 2014",5101,73
18,1,"Sunday, June 1, 2014",29001,61
18,1,"Sunday, June 1, 2014",7001,87
18,1,"Sunday, June 1, 2014",7001,72
18,1,"Sunday, June 1, 2014",46001,45
18,1,"Sunday, June 1, 2014",46001,13
18,1,"Sunday, June 1, 2014",82001,73
18,1,"Sunday, June 1, 2014",501,83
18,1,"Sunday, June 1, 2014",1,23
18,1,"Sunday, June 1, 2014",39813,14
18,1,"Sunday, June 1, 2014",39813,36
21,1,"Monday, September 1, 2014",12,26
21,1,"Monday, September 1, 2014",7001,78
21,1,"Monday, September 1, 2014",20041,76
21,1,"Monday, September 1, 2014",39813,50
21,1,"Monday, September 1, 2014",29001,83
21,1,"Monday, September 1, 2014",188,75
21,1,"Monday, September 1, 2014",24701,80
21,1,"Monday, September 1, 2014",66002,30
21,1,"Monday, September 1, 2014",84,89
21,1,"Monday, September 1, 2014",64,65
21,1,"Monday, September 1, 2014",71,79
21,1,"Monday, September 1, 2014",14,17
21,1,"Monday, September 1, 2014",24701,78
21,1,"Monday, September 1, 2014",64,66
21,1,"Monday, September 1, 2014",6001,40
21,1,"Monday, September 1, 2014",38848,63
21,1,"Monday, September 1, 2014",71601,40
21,1,"Monday, September 1, 2014",20041,71
21,1,"Monday, September 1, 2014",29001,63
21,1,"Monday, September 1, 2014",6001,23
21,1,"Monday, September 1, 2014",46001,38
21,1,"Monday, September 1, 2014",57001,70
21,1,"Monday, September 1, 2014",68,62
21,1,"Monday, September 1, 2014",7001,69
21,1,"Monday, September 1, 2014",71,79
21,1,"Monday, September 1, 2014",66002,39
21,1,"Monday, September 1, 2014",48001,87
21,1,"Monday, September 1, 2014",39813,44
21,1,"Monday, September 1, 2014",46001,45
21,1,"Monday, September 1, 2014",64,73
21,1,"Monday, September 1, 2014",82001,89
21,1,"Monday, September 1, 2014",40003,22
21,1,"Monday, September 1, 2014",29001,72
21,1,"Monday, September 1, 2014",35004,36
21,1,"Monday, September 1, 2014",66002,11
21,1,"Monday, September 1, 2014",39813,40
21,1,"Monday, September 1, 2014",72,87
21,1,"Monday, September 1, 2014",63,78
21,1,"Monday, September 1, 2014",58001,68
21,1,"Monday, September 1, 2014",67,86
21,1,"Monday, September 1, 2014",56,16
21,1,"Monday, September 1, 2014",20001,36
21,1,"Monday, September 1, 2014",20058,61
21,1,"Monday, September 1, 2014",67,60
21,1,"Monday, September 1, 2014",41,12
21,1,"Monday, September 1, 2014",68,65
21,1,"Monday, September 1, 2014",116,26
21,1,"Monday, September 1, 2014",48001,69
21,1,"Monday, September 1, 2014",188,79
21,1,"Monday, September 1, 2014",46001,22
21,1,"Monday, September 1, 2014",72,71
21,1,"Monday, September 1, 2014",50001,49
21,1,"Monday, September 1, 2014",35004,12
21,1,"Monday, September 1, 2014",14,48
21,1,"Monday, September 1, 2014",20001,17
21,1,"Monday, September 1, 2014",71601,45
21,1,"Monday, September 1, 2014",42223,74
21,1,"Monday, September 1, 2014",53001,74
21,1,"Monday, September 1, 2014",56,34
21,1,"Monday, September 1, 2014",20001,12
21,1,"Monday, September 1, 2014",29001,70
21,1,"Monday, September 1, 2014",63,75
21,1,"Monday, September 1, 2014",19701,38
21,1,"Monday, September 1, 2014",53001,74
21,1,"Monday, September 1, 2014",71601,39
21,1,"Monday, September 1, 2014",15937,86
21,1,"Monday, September 1, 2014",20001,21
21,1,"Monday, September 1, 2014",66002,32
21,1,"Monday, September 1, 2014",38848,85
21,1,"Monday, September 1, 2014",62356,42
21,1,"Monday, September 1, 2014",57001,89
21,1,"Monday, September 1, 2014",68,76
21,1,"Monday, September 1, 2014",67,80
21,1,"Monday, September 1, 2014",72,74
21,1,"Monday, September 1, 2014",56,31
21,1,"Monday, September 1, 2014",27,43
21,1,"Monday, September 1, 2014",71,72
21,1,"Monday, September 1, 2014",71601,25
16,1,"Tuesday, April 1, 2014",188,61
16,1,"Tuesday, April 1, 2014",29001,86
16,1,"Tuesday, April 1, 2014",63,86
16,1,"Tuesday, April 1, 2014",7001,64
16,1,"Tuesday, April 1, 2014",43001,67
16,1,"Tuesday, April 1, 2014",68001,60
16,1,"Tuesday, April 1, 2014",57001,89
16,1,"Tuesday, April 1, 2014",84,67
16,1,"Tuesday, April 1, 2014",62356,33
16,1,"Tuesday, April 1, 2014",82001,69
16,1,"Tuesday, April 1, 2014",1,16
16,1,"Tuesday, April 1, 2014",39813,48
16,1,"Tuesday, April 1, 2014",64,70
16,1,"Tuesday, April 1, 2014",24701,83
16,1,"Tuesday, April 1, 2014",27,26
16,1,"Tuesday, April 1, 2014",20041,60
16,1,"Tuesday, April 1, 2014",62356,11
16,1,"Tuesday, April 1, 2014",63,76
16,1,"Tuesday, April 1, 2014",6001,37
16,1,"Tuesday, April 1, 2014",5101,82
16,1,"Tuesday, April 1, 2014",43001,84
16,1,"Tuesday, April 1, 2014",116,32
16,1,"Tuesday, April 1, 2014",62356,20
16,1,"Tuesday, April 1, 2014",46001,19
16,1,"Tuesday, April 1, 2014",88901,64
16,1,"Tuesday, April 1, 2014",72,72
16,1,"Tuesday, April 1, 2014",58001,85
16,1,"Tuesday, April 1, 2014",158,39
16,1,"Tuesday, April 1, 2014",67,90
16,1,"Tuesday, April 1, 2014",63005,69
16,1,"Tuesday, April 1, 2014",56,10
16,1,"Tuesday, April 1, 2014",41,44
16,1,"Tuesday, April 1, 2014",24701,77
16,1,"Tuesday, April 1, 2014",27,43
16,1,"Tuesday, April 1, 2014",188,90
16,1,"Tuesday, April 1, 2014",63005,84
16,1,"Tuesday, April 1, 2014",20041,82
16,1,"Tuesday, April 1, 2014",72,70
16,1,"Tuesday, April 1, 2014",27,45
16,1,"Tuesday, April 1, 2014",5101,61
16,1,"Tuesday, April 1, 2014",71601,16
16,1,"Tuesday, April 1, 2014",12,19
16,1,"Tuesday, April 1, 2014",2801,77
16,1,"Tuesday, April 1, 2014",66002,39
16,1,"Tuesday, April 1, 2014",24701,85
16,1,"Tuesday, April 1, 2014",72,75
16,1,"Tuesday, April 1, 2014",46001,40
16,1,"Tuesday, April 1, 2014",62356,49
16,1,"Tuesday, April 1, 2014",501,87
16,1,"Tuesday, April 1, 2014",35004,31
16,1,"Tuesday, April 1, 2014",42223,63
16,1,"Tuesday, April 1, 2014",84,81
16,1,"Tuesday, April 1, 2014",2801,62
16,1,"Tuesday, April 1, 2014",14,26
16,1,"Tuesday, April 1, 2014",6001,23
16,1,"Tuesday, April 1, 2014",39813,29
16,1,"Tuesday, April 1, 2014",57001,72
16,1,"Tuesday, April 1, 2014",116,15
16,1,"Tuesday, April 1, 2014",188,88
16,1,"Tuesday, April 1, 2014",1,23
16,1,"Tuesday, April 1, 2014",88901,82
16,1,"Tuesday, April 1, 2014",71,79
16,1,"Tuesday, April 1, 2014",68,74
16,1,"Tuesday, April 1, 2014",46001,45
16,1,"Tuesday, April 1, 2014",188,90
16,1,"Tuesday, April 1, 2014",72,73
16,1,"Tuesday, April 1, 2014",50001,49
16,1,"Tuesday, April 1, 2014",57001,63
16,1,"Tuesday, April 1, 2014",56,45
16,1,"Tuesday, April 1, 2014",46001,24
16,1,"Tuesday, April 1, 2014",501,61
16,1,"Tuesday, April 1, 2014",59,74
16,1,"Tuesday, April 1, 2014",158,18
16,1,"Tuesday, April 1, 2014",12,23
16,1,"Tuesday, April 1, 2014",71601,21
16,1,"Tuesday, April 1, 2014",71,64
16,1,"Tuesday, April 1, 2014",84,71
16,1,"Tuesday, April 1, 2014",88901,71
16,1,"Tuesday, April 1, 2014",6001,26
8,1,"Thursday, August 1, 2013",84,75
8,1,"Thursday, August 1, 2013",38848,62
8,1,"Thursday, August 1, 2013",48001,81
8,1,"Thursday, August 1, 2013",72,79
8,1,"Thursday, August 1, 2013",88901,85
8,1,"Thursday, August 1, 2013",59,63
8,1,"Thursday, August 1, 2013",82001,75
8,1,"Thursday, August 1, 2013",68001,65
8,1,"Thursday, August 1, 2013",64,75
8,1,"Thursday, August 1, 2013",158,39
8,1,"Thursday, August 1, 2013",24701,64
8,1,"Thursday, August 1, 2013",43001,68
8,1,"Thursday, August 1, 2013",50001,44
8,1,"Thursday, August 1, 2013",46001,48
8,1,"Thursday, August 1, 2013",59,73
8,1,"Thursday, August 1, 2013",19701,10
8,1,"Thursday, August 1, 2013",20041,74
8,1,"Thursday, August 1, 2013",68,75
8,1,"Thursday, August 1, 2013",46001,14
8,1,"Thursday, August 1, 2013",71601,31
8,1,"Thursday, August 1, 2013",38848,64
8,1,"Thursday, August 1, 2013",7001,64
8,1,"Thursday, August 1, 2013",53001,70
8,1,"Thursday, August 1, 2013",56,35
8,1,"Thursday, August 1, 2013",6001,12
8,1,"Thursday, August 1, 2013",46001,38
8,1,"Thursday, August 1, 2013",67,83
8,1,"Thursday, August 1, 2013",46001,29
8,1,"Thursday, August 1, 2013",1,24
8,1,"Thursday, August 1, 2013",46001,45
8,1,"Thursday, August 1, 2013",20041,65
8,1,"Thursday, August 1, 2013",1,40
8,1,"Thursday, August 1, 2013",67,69
8,1,"Thursday, August 1, 2013",5101,61
8,1,"Thursday, August 1, 2013",27,16
8,1,"Thursday, August 1, 2013",20058,64
8,1,"Thursday, August 1, 2013",71,83
8,1,"Thursday, August 1, 2013",19701,31
8,1,"Thursday, August 1, 2013",20058,69
8,1,"Thursday, August 1, 2013",38848,71
8,1,"Thursday, August 1, 2013",19701,37
8,1,"Thursday, August 1, 2013",57001,87
8,1,"Thursday, August 1, 2013",38848,73
8,1,"Thursday, August 1, 2013",2801,60
8,1,"Thursday, August 1, 2013",88901,72
8,1,"Thursday, August 1, 2013",56,46
8,1,"Thursday, August 1, 2013",72,76
8,1,"Thursday, August 1, 2013",71,63
8,1,"Thursday, August 1, 2013",15937,83
8,1,"Thursday, August 1, 2013",43001,60
8,1,"Thursday, August 1, 2013",2801,74
8,1,"Thursday, August 1, 2013",50001,13
8,1,"Thursday, August 1, 2013",84,64
8,1,"Thursday, August 1, 2013",58001,79
8,1,"Thursday, August 1, 2013",19701,18
8,1,"Thursday, August 1, 2013",59,89
8,1,"Thursday, August 1, 2013",19701,41
8,1,"Thursday, August 1, 2013",38848,66
8,1,"Thursday, August 1, 2013",68,83
8,1,"Thursday, August 1, 2013",43001,90
8,1,"Thursday, August 1, 2013",88901,75
8,1,"Thursday, August 1, 2013",38848,90
8,1,"Thursday, August 1, 2013",67,78
8,1,"Thursday, August 1, 2013",20041,80
8,1,"Thursday, August 1, 2013",7001,70
8,1,"Thursday, August 1, 2013",188,76
8,1,"Thursday, August 1, 2013",5101,81
8,1,"Thursday, August 1, 2013",116,50
8,1,"Thursday, August 1, 2013",71,87
8,1,"Thursday, August 1, 2013",20001,41
8,1,"Thursday, August 1, 2013",59,62
8,1,"Thursday, August 1, 2013",20001,43
8,1,"Thursday, August 1, 2013",43001,74
8,1,"Thursday, August 1, 2013",29001,70
8,1,"Thursday, August 1, 2013",3033,80
8,1,"Thursday, August 1, 2013",158,47
8,1,"Thursday, August 1, 2013",116,10
8,1,"Thursday, August 1, 2013",20041,67
8,1,"Thursday, August 1, 2013",88901,65
8,1,"Thursday, August 1, 2013",27,35
23,1,"Saturday, November 1, 2014",71601,34
23,1,"Saturday, November 1, 2014",42223,72
23,1,"Saturday, November 1, 2014",19701,20
23,1,"Saturday, November 1, 2014",27,49
23,1,"Saturday, November 1, 2014",20058,65
23,1,"Saturday, November 1, 2014",3033,72
23,1,"Saturday, November 1, 2014",66002,23
23,1,"Saturday, November 1, 2014",68001,89
23,1,"Saturday, November 1, 2014",66002,39
23,1,"Saturday, November 1, 2014",19701,19
23,1,"Saturday, November 1, 2014",68,61
23,1,"Saturday, November 1, 2014",46001,16
23,1,"Saturday, November 1, 2014",59,73
23,1,"Saturday, November 1, 2014",20058,63
23,1,"Saturday, November 1, 2014",88901,89
23,1,"Saturday, November 1, 2014",12,40
23,1,"Saturday, November 1, 2014",41,27
23,1,"Saturday, November 1, 2014",53001,71
23,1,"Saturday, November 1, 2014",68,75
23,1,"Saturday, November 1, 2014",62356,44
23,1,"Saturday, November 1, 2014",7001,79
23,1,"Saturday, November 1, 2014",82001,82
23,1,"Saturday, November 1, 2014",27,43
23,1,"Saturday, November 1, 2014",66002,10
23,1,"Saturday, November 1, 2014",2801,88
23,1,"Saturday, November 1, 2014",48001,79
23,1,"Saturday, November 1, 2014",57001,73
23,1,"Saturday, November 1, 2014",29001,72
23,1,"Saturday, November 1, 2014",53001,64
23,1,"Saturday, November 1, 2014",64,75
23,1,"Saturday, November 1, 2014",72,89
23,1,"Saturday, November 1, 2014",3033,80
23,1,"Saturday, November 1, 2014",14,12
23,1,"Saturday, November 1, 2014",40003,38
23,1,"Saturday, November 1, 2014",116,14
23,1,"Saturday, November 1, 2014",41,23
23,1,"Saturday, November 1, 2014",63005,71
23,1,"Saturday, November 1, 2014",53001,82
23,1,"Saturday, November 1, 2014",42223,63
23,1,"Saturday, November 1, 2014",501,70
23,1,"Saturday, November 1, 2014",72,60
23,1,"Saturday, November 1, 2014",82001,82
23,1,"Saturday, November 1, 2014",20001,17
23,1,"Saturday, November 1, 2014",20041,83
23,1,"Saturday, November 1, 2014",68,65
23,1,"Saturday, November 1, 2014",20058,78
23,1,"Saturday, November 1, 2014",40003,21
23,1,"Saturday, November 1, 2014",68,61
23,1,"Saturday, November 1, 2014",20041,68
23,1,"Saturday, November 1, 2014",15937,90
23,1,"Saturday, November 1, 2014",42223,70
23,1,"Saturday, November 1, 2014",56,12
23,1,"Saturday, November 1, 2014",29001,85
23,1,"Saturday, November 1, 2014",71601,29
23,1,"Saturday, November 1, 2014",7001,75
23,1,"Saturday, November 1, 2014",40003,35
23,1,"Saturday, November 1, 2014",24701,87
23,1,"Saturday, November 1, 2014",43001,65
23,1,"Saturday, November 1, 2014",158,13
23,1,"Saturday, November 1, 2014",56,44
23,1,"Saturday, November 1, 2014",63,75
23,1,"Saturday, November 1, 2014",40003,50
23,1,"Saturday, November 1, 2014",7001,86
23,1,"Saturday, November 1, 2014",20001,37
23,1,"Saturday, November 1, 2014",82001,60
23,1,"Saturday, November 1, 2014",27,43
23,1,"Saturday, November 1, 2014",84,64
23,1,"Saturday, November 1, 2014",38848,69
23,1,"Saturday, November 1, 2014",58001,90
23,1,"Saturday, November 1, 2014",14,11
23,1,"Saturday, November 1, 2014",35004,43
23,1,"Saturday, November 1, 2014",46001,41
23,1,"Saturday, November 1, 2014",40003,27
23,1,"Saturday, November 1, 2014",19701,22
23,1,"Saturday, November 1, 2014",15937,75
23,1,"Saturday, November 1, 2014",41,16
23,1,"Saturday, November 1, 2014",27,31
23,1,"Saturday, November 1, 2014",158,47
23,1,"Saturday, November 1, 2014",46001,48
23,1,"Saturday, November 1, 2014",20001,40
14,1,"Saturday, February 1, 2014",19701,47
14,1,"Saturday, February 1, 2014",41,24
14,1,"Saturday, February 1, 2014",6001,42
14,1,"Saturday, February 1, 2014",20058,82
14,1,"Saturday, February 1, 2014",57001,70
14,1,"Saturday, February 1, 2014",67,67
14,1,"Saturday, February 1, 2014",5101,66
14,1,"Saturday, February 1, 2014",35004,12
14,1,"Saturday, February 1, 2014",6001,39
14,1,"Saturday, February 1, 2014",71601,13
14,1,"Saturday, February 1, 2014",46001,18
14,1,"Saturday, February 1, 2014",71,80
14,1,"Saturday, February 1, 2014",38848,84
14,1,"Saturday, February 1, 2014",67,82
14,1,"Saturday, February 1, 2014",3033,65
14,1,"Saturday, February 1, 2014",27,40
14,1,"Saturday, February 1, 2014",56,28
14,1,"Saturday, February 1, 2014",50001,28
14,1,"Saturday, February 1, 2014",63,71
14,1,"Saturday, February 1, 2014",15937,77
14,1,"Saturday, February 1, 2014",43001,70
14,1,"Saturday, February 1, 2014",72,82
14,1,"Saturday, February 1, 2014",59,73
14,1,"Saturday, February 1, 2014",20058,63
14,1,"Saturday, February 1, 2014",38848,84
14,1,"Saturday, February 1, 2014",14,23
14,1,"Saturday, February 1, 2014",57001,71
14,1,"Saturday, February 1, 2014",43001,88
14,1,"Saturday, February 1, 2014",3033,82
14,1,"Saturday, February 1, 2014",15937,74
14,1,"Saturday, February 1, 2014",27,40
14,1,"Saturday, February 1, 2014",158,29
14,1,"Saturday, February 1, 2014",188,71
14,1,"Saturday, February 1, 2014",53001,74
14,1,"Saturday, February 1, 2014",3033,84
14,1,"Saturday, February 1, 2014",50001,12
14,1,"Saturday, February 1, 2014",40003,25
14,1,"Saturday, February 1, 2014",71601,39
14,1,"Saturday, February 1, 2014",63005,68
14,1,"Saturday, February 1, 2014",188,72
14,1,"Saturday, February 1, 2014",501,75
14,1,"Saturday, February 1, 2014",48001,89
14,1,"Saturday, February 1, 2014",63005,70
14,1,"Saturday, February 1, 2014",48001,73
14,1,"Saturday, February 1, 2014",62356,15
14,1,"Saturday, February 1, 2014",58001,60
14,1,"Saturday, February 1, 2014",7001,84
14,1,"Saturday, February 1, 2014",72,60
14,1,"Saturday, February 1, 2014",40003,29
14,1,"Saturday, February 1, 2014",68001,68
14,1,"Saturday, February 1, 2014",20001,34
14,1,"Saturday, February 1, 2014",57001,77
14,1,"Saturday, February 1, 2014",24701,67
14,1,"Saturday, February 1, 2014",19701,32
14,1,"Saturday, February 1, 2014",3033,73
14,1,"Saturday, February 1, 2014",68001,65
14,1,"Saturday, February 1, 2014",19701,27
14,1,"Saturday, February 1, 2014",88901,67
14,1,"Saturday, February 1, 2014",66002,27
14,1,"Saturday, February 1, 2014",35004,13
14,1,"Saturday, February 1, 2014",63005,83
14,1,"Saturday, February 1, 2014",20041,87
14,1,"Saturday, February 1, 2014",116,19
14,1,"Saturday, February 1, 2014",72,85
14,1,"Saturday, February 1, 2014",29001,80
14,1,"Saturday, February 1, 2014",40003,35
14,1,"Saturday, February 1, 2014",59,86
14,1,"Saturday, February 1, 2014",53001,67
14,1,"Saturday, February 1, 2014",64,61
14,1,"Saturday, February 1, 2014",63,82
14,1,"Saturday, February 1, 2014",6001,49
14,1,"Saturday, February 1, 2014",158,33
14,1,"Saturday, February 1, 2014",64,82
14,1,"Saturday, February 1, 2014",68,71
14,1,"Saturday, February 1, 2014",14,14
14,1,"Saturday, February 1, 2014",57001,77
14,1,"Saturday, February 1, 2014",48001,89
14,1,"Saturday, February 1, 2014",7001,67
14,1,"Saturday, February 1, 2014",27,41
14,1,"Saturday, February 1, 2014",158,48
15,1,"Saturday, March 1, 2014",27,11
15,1,"Saturday, March 1, 2014",501,69
15,1,"Saturday, March 1, 2014",40003,22
15,1,"Saturday, March 1, 2014",41,30
15,1,"Saturday, March 1, 2014",57001,77
15,1,"Saturday, March 1, 2014",63,66
15,1,"Saturday, March 1, 2014",14,19
15,1,"Saturday, March 1, 2014",1,26
15,1,"Saturday, March 1, 2014",42223,84
15,1,"Saturday, March 1, 2014",12,12
15,1,"Saturday, March 1, 2014",42223,87
15,1,"Saturday, March 1, 2014",19701,10
15,1,"Saturday, March 1, 2014",82001,80
15,1,"Saturday, March 1, 2014",88901,65
15,1,"Saturday, March 1, 2014",29001,87
15,1,"Saturday, March 1, 2014",62356,22
15,1,"Saturday, March 1, 2014",6001,33
15,1,"Saturday, March 1, 2014",57001,72
15,1,"Saturday, March 1, 2014",3033,77
15,1,"Saturday, March 1, 2014",66002,29
15,1,"Saturday, March 1, 2014",5101,67
15,1,"Saturday, March 1, 2014",2801,70
15,1,"Saturday, March 1, 2014",56,45
15,1,"Saturday, March 1, 2014",20041,72
15,1,"Saturday, March 1, 2014",88901,88
15,1,"Saturday, March 1, 2014",59,79
15,1,"Saturday, March 1, 2014",188,66
15,1,"Saturday, March 1, 2014",6001,43
15,1,"Saturday, March 1, 2014",67,82
15,1,"Saturday, March 1, 2014",68001,63
15,1,"Saturday, March 1, 2014",62356,12
15,1,"Saturday, March 1, 2014",188,67
15,1,"Saturday, March 1, 2014",71,68
15,1,"Saturday, March 1, 2014",19701,38
15,1,"Saturday, March 1, 2014",58001,67
15,1,"Saturday, March 1, 2014",62356,10
15,1,"Saturday, March 1, 2014",20058,75
15,1,"Saturday, March 1, 2014",14,38
15,1,"Saturday, March 1, 2014",58001,76
15,1,"Saturday, March 1, 2014",68001,80
15,1,"Saturday, March 1, 2014",59,64
15,1,"Saturday, March 1, 2014",41,12
15,1,"Saturday, March 1, 2014",53001,82
15,1,"Saturday, March 1, 2014",68,78
15,1,"Saturday, March 1, 2014",82001,70
15,1,"Saturday, March 1, 2014",6001,24
15,1,"Saturday, March 1, 2014",62356,48
15,1,"Saturday, March 1, 2014",20001,47
15,1,"Saturday, March 1, 2014",2801,82
15,1,"Saturday, March 1, 2014",41,12
15,1,"Saturday, March 1, 2014",40003,23
15,1,"Saturday, March 1, 2014",501,82
15,1,"Saturday, March 1, 2014",20041,73
15,1,"Saturday, March 1, 2014",53001,86
15,1,"Saturday, March 1, 2014",35004,44
15,1,"Saturday, March 1, 2014",46001,21
15,1,"Saturday, March 1, 2014",29001,76
15,1,"Saturday, March 1, 2014",15937,63
15,1,"Saturday, March 1, 2014",6001,29
15,1,"Saturday, March 1, 2014",1,48
15,1,"Saturday, March 1, 2014",3033,77
15,1,"Saturday, March 1, 2014",38848,66
15,1,"Saturday, March 1, 2014",88901,61
15,1,"Saturday, March 1, 2014",12,35
15,1,"Saturday, March 1, 2014",50001,33
15,1,"Saturday, March 1, 2014",71,71
15,1,"Saturday, March 1, 2014",5101,70
15,1,"Saturday, March 1, 2014",40003,22
15,1,"Saturday, March 1, 2014",501,73
15,1,"Saturday, March 1, 2014",56,29
15,1,"Saturday, March 1, 2014",68001,62
15,1,"Saturday, March 1, 2014",29001,88
15,1,"Saturday, March 1, 2014",6001,47
15,1,"Saturday, March 1, 2014",3033,63
15,1,"Saturday, March 1, 2014",158,26
15,1,"Saturday, March 1, 2014",15937,90
15,1,"Saturday, March 1, 2014",188,60
15,1,"Saturday, March 1, 2014",41,48
15,1,"Saturday, March 1, 2014",64,63
15,1,"Saturday, March 1, 2014",68001,86
12,1,"Sunday, December 1, 2013",42223,81
12,1,"Sunday, December 1, 2013",41,18
12,1,"Sunday, December 1, 2013",58001,79
12,1,"Sunday, December 1, 2013",20001,38
12,1,"Sunday, December 1, 2013",46001,15
12,1,"Sunday, December 1, 2013",71601,35
12,1,"Sunday, December 1, 2013",501,73
12,1,"Sunday, December 1, 2013",42223,65
12,1,"Sunday, December 1, 2013",27,28
12,1,"Sunday, December 1, 2013",71,75
12,1,"Sunday, December 1, 2013",48001,84
12,1,"Sunday, December 1, 2013",3033,90
12,1,"Sunday, December 1, 2013",68001,74
12,1,"Sunday, December 1, 2013",57001,79
12,1,"Sunday, December 1, 2013",63,63
12,1,"Sunday, December 1, 2013",53001,80
12,1,"Sunday, December 1, 2013",2801,77
12,1,"Sunday, December 1, 2013",7001,88
12,1,"Sunday, December 1, 2013",53001,76
12,1,"Sunday, December 1, 2013",7001,66
12,1,"Sunday, December 1, 2013",88901,87
12,1,"Sunday, December 1, 2013",58001,75
12,1,"Sunday, December 1, 2013",72,62
12,1,"Sunday, December 1, 2013",14,39
12,1,"Sunday, December 1, 2013",48001,68
12,1,"Sunday, December 1, 2013",5101,67
12,1,"Sunday, December 1, 2013",63,78
12,1,"Sunday, December 1, 2013",88901,63
12,1,"Sunday, December 1, 2013",59,70
12,1,"Sunday, December 1, 2013",71601,20
12,1,"Sunday, December 1, 2013",5101,78
12,1,"Sunday, December 1, 2013",82001,89
12,1,"Sunday, December 1, 2013",116,18
12,1,"Sunday, December 1, 2013",20058,76
12,1,"Sunday, December 1, 2013",116,21
12,1,"Sunday, December 1, 2013",6001,39
12,1,"Sunday, December 1, 2013",5101,63
12,1,"Sunday, December 1, 2013",62356,19
12,1,"Sunday, December 1, 2013",88901,69
12,1,"Sunday, December 1, 2013",38848,84
12,1,"Sunday, December 1, 2013",3033,65
12,1,"Sunday, December 1, 2013",501,86
12,1,"Sunday, December 1, 2013",71601,30
12,1,"Sunday, December 1, 2013",7001,79
12,1,"Sunday, December 1, 2013",82001,61
12,1,"Sunday, December 1, 2013",5101,65
12,1,"Sunday, December 1, 2013",66002,17
12,1,"Sunday, December 1, 2013",39813,23
12,1,"Sunday, December 1, 2013",56,10
12,1,"Sunday, December 1, 2013",66002,43
12,1,"Sunday, December 1, 2013",84,85
12,1,"Sunday, December 1, 2013",72,76
12,1,"Sunday, December 1, 2013",88901,88
12,1,"Sunday, December 1, 2013",501,87
12,1,"Sunday, December 1, 2013",27,28
12,1,"Sunday, December 1, 2013",19701,21
12,1,"Sunday, December 1, 2013",12,20
12,1,"Sunday, December 1, 2013",1,10
12,1,"Sunday, December 1, 2013",188,76
12,1,"Sunday, December 1, 2013",39813,33
12,1,"Sunday, December 1, 2013",57001,77
12,1,"Sunday, December 1, 2013",38848,84
12,1,"Sunday, December 1, 2013",6001,14
12,1,"Sunday, December 1, 2013",88901,85
12,1,"Sunday, December 1, 2013",68001,64
12,1,"Sunday, December 1, 2013",116,28
12,1,"Sunday, December 1, 2013",66002,22
12,1,"Sunday, December 1, 2013",68,62
12,1,"Sunday, December 1, 2013",64,60
12,1,"Sunday, December 1, 2013",2801,88
12,1,"Sunday, December 1, 2013",48001,67
12,1,"Sunday, December 1, 2013",158,20
12,1,"Sunday, December 1, 2013",12,19
12,1,"Sunday, December 1, 2013",72,68
12,1,"Sunday, December 1, 2013",6001,49
12,1,"Sunday, December 1, 2013",63005,74
12,1,"Sunday, December 1, 2013",3033,69
12,1,"Sunday, December 1, 2013",71601,49
12,1,"Sunday, December 1, 2013",158,25
12,1,"Sunday, December 1, 2013",71,71
12,1,"Sunday, December 1, 2013",59,84
11,1,"Friday, November 1, 2013",24701,84
11,1,"Friday, November 1, 2013",43001,80
11,1,"Friday, November 1, 2013",12,48
11,1,"Friday, November 1, 2013",41,14
11,1,"Friday, November 1, 2013",66002,28
11,1,"Friday, November 1, 2013",64,79
11,1,"Friday, November 1, 2013",66002,38
11,1,"Friday, November 1, 2013",15937,77
11,1,"Friday, November 1, 2013",14,46
11,1,"Friday, November 1, 2013",64,79
11,1,"Friday, November 1, 2013",29001,87
11,1,"Friday, November 1, 2013",58001,75
11,1,"Friday, November 1, 2013",15937,62
11,1,"Friday, November 1, 2013",67,84
11,1,"Friday, November 1, 2013",62356,17
11,1,"Friday, November 1, 2013",35004,11
11,1,"Friday, November 1, 2013",56,31
11,1,"Friday, November 1, 2013",53001,80
11,1,"Friday, November 1, 2013",43001,69
11,1,"Friday, November 1, 2013",7001,74
11,1,"Friday, November 1, 2013",68,62
11,1,"Friday, November 1, 2013",72,73
11,1,"Friday, November 1, 2013",2801,74
11,1,"Friday, November 1, 2013",19701,24
11,1,"Friday, November 1, 2013",68001,87
11,1,"Friday, November 1, 2013",72,77
11,1,"Friday, November 1, 2013",50001,25
11,1,"Friday, November 1, 2013",58001,63
11,1,"Friday, November 1, 2013",84,69
11,1,"Friday, November 1, 2013",501,64
11,1,"Friday, November 1, 2013",19701,41
11,1,"Friday, November 1, 2013",29001,66
11,1,"Friday, November 1, 2013",20001,24
11,1,"Friday, November 1, 2013",38848,65
11,1,"Friday, November 1, 2013",62356,20
11,1,"Friday, November 1, 2013",71601,22
11,1,"Friday, November 1, 2013",188,70
11,1,"Friday, November 1, 2013",38848,62
11,1,"Friday, November 1, 2013",43001,72
11,1,"Friday, November 1, 2013",35004,36
11,1,"Friday, November 1, 2013",40003,35
11,1,"Friday, November 1, 2013",43001,77
11,1,"Friday, November 1, 2013",35004,41
11,1,"Friday, November 1, 2013",6001,47
11,1,"Friday, November 1, 2013",20001,19
11,1,"Friday, November 1, 2013",56,46
11,1,"Friday, November 1, 2013",116,22
11,1,"Friday, November 1, 2013",27,50
11,1,"Friday, November 1, 2013",48001,66
11,1,"Friday, November 1, 2013",38848,76
11,1,"Friday, November 1, 2013",12,22
11,1,"Friday, November 1, 2013",72,81
11,1,"Friday, November 1, 2013",20001,16
11,1,"Friday, November 1, 2013",67,65
11,1,"Friday, November 1, 2013",20058,60
11,1,"Friday, November 1, 2013",48001,72
11,1,"Friday, November 1, 2013",3033,83
11,1,"Friday, November 1, 2013",2801,90
11,1,"Friday, November 1, 2013",66002,18
11,1,"Friday, November 1, 2013",1,29
11,1,"Friday, November 1, 2013",66002,34
11,1,"Friday, November 1, 2013",20041,66
11,1,"Friday, November 1, 2013",62356,39
11,1,"Friday, November 1, 2013",15937,76
11,1,"Friday, November 1, 2013",188,86
11,1,"Friday, November 1, 2013",41,47
11,1,"Friday, November 1, 2013",14,41
11,1,"Friday, November 1, 2013",29001,76
11,1,"Friday, November 1, 2013",58001,81
11,1,"Friday, November 1, 2013",3033,84
11,1,"Friday, November 1, 2013",20058,73
11,1,"Friday, November 1, 2013",2801,72
11,1,"Friday, November 1, 2013",57001,85
11,1,"Friday, November 1, 2013",20041,76
11,1,"Friday, November 1, 2013",71,81
11,1,"Friday, November 1, 2013",71601,48
11,1,"Friday, November 1, 2013",62356,49
11,1,"Friday, November 1, 2013",63,77
11,1,"Friday, November 1, 2013",2801,90
11,1,"Friday, November 1, 2013",14,34
11,1,"Friday, November 1, 2013",501,84
11,1,"Friday, November 1, 2013",38848,63
17,1,"Thursday, May 1, 2014",71,80
17,1,"Thursday, May 1, 2014",39813,37
17,1,"Thursday, May 1, 2014",1,49
17,1,"Thursday, May 1, 2014",24701,90
17,1,"Thursday, May 1, 2014",82001,85
17,1,"Thursday, May 1, 2014",20058,69
17,1,"Thursday, May 1, 2014",20001,41
17,1,"Thursday, May 1, 2014",20041,67
17,1,"Thursday, May 1, 2014",19701,11
17,1,"Thursday, May 1, 2014",3033,61
17,1,"Thursday, May 1, 2014",19701,34
17,1,"Thursday, May 1, 2014",188,84
17,1,"Thursday, May 1, 2014",46001,31
17,1,"Thursday, May 1, 2014",88901,64
17,1,"Thursday, May 1, 2014",53001,64
17,1,"Thursday, May 1, 2014",53001,86
17,1,"Thursday, May 1, 2014",71601,37
17,1,"Thursday, May 1, 2014",59,64
17,1,"Thursday, May 1, 2014",64,76
17,1,"Thursday, May 1, 2014",19701,21
17,1,"Thursday, May 1, 2014",7001,77
17,1,"Thursday, May 1, 2014",71,80
17,1,"Thursday, May 1, 2014",71601,25
17,1,"Thursday, May 1, 2014",72,62
17,1,"Thursday, May 1, 2014",19701,38
17,1,"Thursday, May 1, 2014",64,74
17,1,"Thursday, May 1, 2014",64,68
17,1,"Thursday, May 1, 2014",53001,60
17,1,"Thursday, May 1, 2014",82001,83
17,1,"Thursday, May 1, 2014",41,50
17,1,"Thursday, May 1, 2014",71601,39
17,1,"Thursday, May 1, 2014",84,80
17,1,"Thursday, May 1, 2014",116,47
17,1,"Thursday, May 1, 2014",56,24
17,1,"Thursday, May 1, 2014",188,75
17,1,"Thursday, May 1, 2014",72,89
17,1,"Thursday, May 1, 2014",14,15
17,1,"Thursday, May 1, 2014",5101,66
17,1,"Thursday, May 1, 2014",35004,27
17,1,"Thursday, May 1, 2014",59,81
17,1,"Thursday, May 1, 2014",19701,12
17,1,"Thursday, May 1, 2014",72,68
17,1,"Thursday, May 1, 2014",19701,13
17,1,"Thursday, May 1, 2014",42223,66
17,1,"Thursday, May 1, 2014",68001,77
17,1,"Thursday, May 1, 2014",12,40
17,1,"Thursday, May 1, 2014",116,43
17,1,"Thursday, May 1, 2014",20041,78
17,1,"Thursday, May 1, 2014",5101,83
17,1,"Thursday, May 1, 2014",20001,11
17,1,"Thursday, May 1, 2014",15937,72
17,1,"Thursday, May 1, 2014",71601,15
17,1,"Thursday, May 1, 2014",40003,28
17,1,"Thursday, May 1, 2014",15937,78
17,1,"Thursday, May 1, 2014",188,76
17,1,"Thursday, May 1, 2014",66002,42
17,1,"Thursday, May 1, 2014",71,75
17,1,"Thursday, May 1, 2014",1,40
17,1,"Thursday, May 1, 2014",71601,33
17,1,"Thursday, May 1, 2014",35004,50
17,1,"Thursday, May 1, 2014",158,48
17,1,"Thursday, May 1, 2014",38848,65
17,1,"Thursday, May 1, 2014",35004,24
17,1,"Thursday, May 1, 2014",20001,32
17,1,"Thursday, May 1, 2014",35004,22
17,1,"Thursday, May 1, 2014",82001,76
17,1,"Thursday, May 1, 2014",7001,60
17,1,"Thursday, May 1, 2014",6001,28
17,1,"Thursday, May 1, 2014",68001,86
17,1,"Thursday, May 1, 2014",501,76
17,1,"Thursday, May 1, 2014",84,90
17,1,"Thursday, May 1, 2014",12,16
17,1,"Thursday, May 1, 2014",66002,23
17,1,"Thursday, May 1, 2014",56,15
17,1,"Thursday, May 1, 2014",88901,61
17,1,"Thursday, May 1, 2014",64,69
17,1,"Thursday, May 1, 2014",29001,83
17,1,"Thursday, May 1, 2014",2801,72
17,1,"Thursday, May 1, 2014",39813,23
17,1,"Thursday, May 1, 2014",24701,75
17,1,"Thursday, May 1, 2014",2801,74
17,1,"Thursday, May 1, 2014",12,35
17,1,"Thursday, May 1, 2014",57001,70
13,1,"Wednesday, January 1, 2014",6001,17
13,1,"Wednesday, January 1, 2014",53001,85
13,1,"Wednesday, January 1, 2014",15937,87
13,1,"Wednesday, January 1, 2014",19701,33
13,1,"Wednesday, January 1, 2014",56,33
13,1,"Wednesday, January 1, 2014",68001,89
13,1,"Wednesday, January 1, 2014",7001,84
13,1,"Wednesday, January 1, 2014",40003,44
13,1,"Wednesday, January 1, 2014",20041,83
13,1,"Wednesday, January 1, 2014",12,37
13,1,"Wednesday, January 1, 2014",63005,67
13,1,"Wednesday, January 1, 2014",38848,74
13,1,"Wednesday, January 1, 2014",20041,70
13,1,"Wednesday, January 1, 2014",38848,73
13,1,"Wednesday, January 1, 2014",82001,63
13,1,"Wednesday, January 1, 2014",88901,85
13,1,"Wednesday, January 1, 2014",82001,79
13,1,"Wednesday, January 1, 2014",2801,61
13,1,"Wednesday, January 1, 2014",20001,19
13,1,"Wednesday, January 1, 2014",38848,75
13,1,"Wednesday, January 1, 2014",158,31
13,1,"Wednesday, January 1, 2014",40003,36
13,1,"Wednesday, January 1, 2014",43001,63
13,1,"Wednesday, January 1, 2014",41,31
13,1,"Wednesday, January 1, 2014",15937,61
13,1,"Wednesday, January 1, 2014",158,38
13,1,"Wednesday, January 1, 2014",84,83
13,1,"Wednesday, January 1, 2014",82001,78
13,1,"Wednesday, January 1, 2014",27,27
13,1,"Wednesday, January 1, 2014",29001,82
13,1,"Wednesday, January 1, 2014",27,28
13,1,"Wednesday, January 1, 2014",19701,42
13,1,"Wednesday, January 1, 2014",58001,87
13,1,"Wednesday, January 1, 2014",66002,24
13,1,"Wednesday, January 1, 2014",68,71
13,1,"Wednesday, January 1, 2014",38848,62
13,1,"Wednesday, January 1, 2014",88901,62
13,1,"Wednesday, January 1, 2014",82001,72
13,1,"Wednesday, January 1, 2014",116,30
13,1,"Wednesday, January 1, 2014",35004,20
13,1,"Wednesday, January 1, 2014",72,82
13,1,"Wednesday, January 1, 2014",59,90
13,1,"Wednesday, January 1, 2014",58001,80
13,1,"Wednesday, January 1, 2014",53001,77
13,1,"Wednesday, January 1, 2014",56,28
13,1,"Wednesday, January 1, 2014",35004,15
13,1,"Wednesday, January 1, 2014",116,26
13,1,"Wednesday, January 1, 2014",88901,72
13,1,"Wednesday, January 1, 2014",501,83
13,1,"Wednesday, January 1, 2014",19701,24
13,1,"Wednesday, January 1, 2014",158,33
13,1,"Wednesday, January 1, 2014",72,85
13,1,"Wednesday, January 1, 2014",84,60
13,1,"Wednesday, January 1, 2014",7001,64
13,1,"Wednesday, January 1, 2014",41,13
13,1,"Wednesday, January 1, 2014",27,22
13,1,"Wednesday, January 1, 2014",5101,74
13,1,"Wednesday, January 1, 2014",46001,45
13,1,"Wednesday, January 1, 2014",3033,73
13,1,"Wednesday, January 1, 2014",14,43
13,1,"Wednesday, January 1, 2014",68,70
13,1,"Wednesday, January 1, 2014",43001,61
13,1,"Wednesday, January 1, 2014",5101,60
13,1,"Wednesday, January 1, 2014",2801,80
13,1,"Wednesday, January 1, 2014",39813,41
13,1,"Wednesday, January 1, 2014",20058,78
13,1,"Wednesday, January 1, 2014",1,37
13,1,"Wednesday, January 1, 2014",62356,12
13,1,"Wednesday, January 1, 2014",158,19
13,1,"Wednesday, January 1, 2014",12,13
13,1,"Wednesday, January 1, 2014",50001,24
13,1,"Wednesday, January 1, 2014",50001,43
13,1,"Wednesday, January 1, 2014",59,75
13,1,"Wednesday, January 1, 2014",66002,20
13,1,"Wednesday, January 1, 2014",7001,84
13,1,"Wednesday, January 1, 2014",40003,22
13,1,"Wednesday, January 1, 2014",15937,80
13,1,"Wednesday, January 1, 2014",19701,31
13,1,"Wednesday, January 1, 2014",1,48
13,1,"Wednesday, January 1, 2014",20058,77
13,1,"Wednesday, January 1, 2014",66002,18
13,1,"Wednesday, January 1, 2014",84,67
13,1,"Wednesday, January 1, 2014",72,89
20,1,"Friday, August 1, 2014",41,15
20,1,"Friday, August 1, 2014",63005,90
20,1,"Friday, August 1, 2014",41,19
20,1,"Friday, August 1, 2014",39813,43
20,1,"Friday, August 1, 2014",59,68
20,1,"Friday, August 1, 2014",2801,71
20,1,"Friday, August 1, 2014",42223,82
20,1,"Friday, August 1, 2014",6001,27
20,1,"Friday, August 1, 2014",24701,67
20,1,"Friday, August 1, 2014",50001,50
20,1,"Friday, August 1, 2014",41,29
20,1,"Friday, August 1, 2014",27,32
20,1,"Friday, August 1, 2014",71601,17
20,1,"Friday, August 1, 2014",20001,25
20,1,"Friday, August 1, 2014",2801,65
20,1,"Friday, August 1, 2014",501,64
20,1,"Friday, August 1, 2014",116,33
20,1,"Friday, August 1, 2014",50001,29
20,1,"Friday, August 1, 2014",62356,15
20,1,"Friday, August 1, 2014",67,80
20,1,"Friday, August 1, 2014",1,40
20,1,"Friday, August 1, 2014",19701,18
20,1,"Friday, August 1, 2014",66002,41
20,1,"Friday, August 1, 2014",50001,32
20,1,"Friday, August 1, 2014",57001,67
20,1,"Friday, August 1, 2014",29001,87
20,1,"Friday, August 1, 2014",12,23
20,1,"Friday, August 1, 2014",62356,42
20,1,"Friday, August 1, 2014",29001,87
20,1,"Friday, August 1, 2014",82001,65
20,1,"Friday, August 1, 2014",12,13
20,1,"Friday, August 1, 2014",35004,48
20,1,"Friday, August 1, 2014",63005,86
20,1,"Friday, August 1, 2014",158,40
20,1,"Friday, August 1, 2014",41,19
20,1,"Friday, August 1, 2014",50001,29
20,1,"Friday, August 1, 2014",53001,81
20,1,"Friday, August 1, 2014",20041,90
20,1,"Friday, August 1, 2014",88901,90
20,1,"Friday, August 1, 2014",43001,86
20,1,"Friday, August 1, 2014",66002,26
20,1,"Friday, August 1, 2014",39813,22
20,1,"Friday, August 1, 2014",53001,83
20,1,"Friday, August 1, 2014",59,60
20,1,"Friday, August 1, 2014",82001,77
20,1,"Friday, August 1, 2014",24701,87
20,1,"Friday, August 1, 2014",82001,89
20,1,"Friday, August 1, 2014",53001,62
20,1,"Friday, August 1, 2014",62356,29
20,1,"Friday, August 1, 2014",29001,89
20,1,"Friday, August 1, 2014",40003,13
20,1,"Friday, August 1, 2014",68001,76
20,1,"Friday, August 1, 2014",82001,73
20,1,"Friday, August 1, 2014",82001,60
20,1,"Friday, August 1, 2014",43001,87
20,1,"Friday, August 1, 2014",71,65
20,1,"Friday, August 1, 2014",50001,41
20,1,"Friday, August 1, 2014",3033,88
20,1,"Friday, August 1, 2014",20041,68
20,1,"Friday, August 1, 2014",3033,88
20,1,"Friday, August 1, 2014",27,22
20,1,"Friday, August 1, 2014",19701,25
20,1,"Friday, August 1, 2014",53001,87
20,1,"Friday, August 1, 2014",29001,86
20,1,"Friday, August 1, 2014",15937,79
20,1,"Friday, August 1, 2014",20058,75
20,1,"Friday, August 1, 2014",58001,90
20,1,"Friday, August 1, 2014",35004,32
20,1,"Friday, August 1, 2014",63005,67
20,1,"Friday, August 1, 2014",42223,61
20,1,"Friday, August 1, 2014",20041,67
20,1,"Friday, August 1, 2014",39813,22
20,1,"Friday, August 1, 2014",24701,60
20,1,"Friday, August 1, 2014",50001,45
20,1,"Friday, August 1, 2014",12,12
20,1,"Friday, August 1, 2014",48001,87
20,1,"Friday, August 1, 2014",14,24
20,1,"Friday, August 1, 2014",188,61
20,1,"Friday, August 1, 2014",71,71
20,1,"Friday, August 1, 2014",24701,88
20,1,"Friday, August 1, 2014",38848,88
20,1,"Friday, August 1, 2014",64,72
20,1,"Friday, August 1, 2014",43001,78
20,1,"Friday, August 1, 2014",5101,75
19,1,"Tuesday, July 1, 2014",6001,50
19,1,"Tuesday, July 1, 2014",501,64
19,1,"Tuesday, July 1, 2014",68001,75
19,1,"Tuesday, July 1, 2014",158,45
19,1,"Tuesday, July 1, 2014",19701,44
19,1,"Tuesday, July 1, 2014",68001,90
19,1,"Tuesday, July 1, 2014",29001,64
19,1,"Tuesday, July 1, 2014",29001,61
19,1,"Tuesday, July 1, 2014",20058,88
19,1,"Tuesday, July 1, 2014",27,47
19,1,"Tuesday, July 1, 2014",88901,69
19,1,"Tuesday, July 1, 2014",20058,64
19,1,"Tuesday, July 1, 2014",62356,43
19,1,"Tuesday, July 1, 2014",20001,50
19,1,"Tuesday, July 1, 2014",27,47
19,1,"Tuesday, July 1, 2014",7001,74
19,1,"Tuesday, July 1, 2014",68001,60
19,1,"Tuesday, July 1, 2014",158,47
19,1,"Tuesday, July 1, 2014",501,72
19,1,"Tuesday, July 1, 2014",67,60
19,1,"Tuesday, July 1, 2014",1,49
19,1,"Tuesday, July 1, 2014",62356,44
19,1,"Tuesday, July 1, 2014",39813,19
19,1,"Tuesday, July 1, 2014",39813,34
19,1,"Tuesday, July 1, 2014",38848,79
19,1,"Tuesday, July 1, 2014",63005,80
19,1,"Tuesday, July 1, 2014",15937,71
19,1,"Tuesday, July 1, 2014",19701,32
19,1,"Tuesday, July 1, 2014",39813,11
19,1,"Tuesday, July 1, 2014",84,87
19,1,"Tuesday, July 1, 2014",67,70
19,1,"Tuesday, July 1, 2014",82001,70
19,1,"Tuesday, July 1, 2014",20001,27
19,1,"Tuesday, July 1, 2014",20001,31
19,1,"Tuesday, July 1, 2014",12,41
19,1,"Tuesday, July 1, 2014",71,75
19,1,"Tuesday, July 1, 2014",84,77
19,1,"Tuesday, July 1, 2014",66002,23
19,1,"Tuesday, July 1, 2014",66002,18
19,1,"Tuesday, July 1, 2014",42223,76
19,1,"Tuesday, July 1, 2014",5101,63
19,1,"Tuesday, July 1, 2014",66002,10
19,1,"Tuesday, July 1, 2014",158,50
19,1,"Tuesday, July 1, 2014",40003,10
19,1,"Tuesday, July 1, 2014",57001,77
19,1,"Tuesday, July 1, 2014",38848,85
19,1,"Tuesday, July 1, 2014",116,18
19,1,"Tuesday, July 1, 2014",5101,60
19,1,"Tuesday, July 1, 2014",68,90
19,1,"Tuesday, July 1, 2014",27,43
19,1,"Tuesday, July 1, 2014",68,71
19,1,"Tuesday, July 1, 2014",39813,28
19,1,"Tuesday, July 1, 2014",82001,75
19,1,"Tuesday, July 1, 2014",56,36
19,1,"Tuesday, July 1, 2014",39813,34
19,1,"Tuesday, July 1, 2014",71,82
19,1,"Tuesday, July 1, 2014",116,18
19,1,"Tuesday, July 1, 2014",15937,90
19,1,"Tuesday, July 1, 2014",1,31
19,1,"Tuesday, July 1, 2014",38848,70
19,1,"Tuesday, July 1, 2014",116,12
19,1,"Tuesday, July 1, 2014",67,69
19,1,"Tuesday, July 1, 2014",63005,68
19,1,"Tuesday, July 1, 2014",71,74
19,1,"Tuesday, July 1, 2014",2801,77
19,1,"Tuesday, July 1, 2014",7001,88
19,1,"Tuesday, July 1, 2014",63005,74
19,1,"Tuesday, July 1, 2014",82001,62
19,1,"Tuesday, July 1, 2014",68001,80
19,1,"Tuesday, July 1, 2014",53001,90
19,1,"Tuesday, July 1, 2014",64,88
19,1,"Tuesday, July 1, 2014",82001,87
19,1,"Tuesday, July 1, 2014",24701,60
19,1,"Tuesday, July 1, 2014",40003,45
19,1,"Tuesday, July 1, 2014",46001,42
19,1,"Tuesday, July 1, 2014",63005,67
19,1,"Tuesday, July 1, 2014",40003,48
19,1,"Tuesday, July 1, 2014",67,62
19,1,"Tuesday, July 1, 2014",46001,23
19,1,"Tuesday, July 1, 2014",68,89
19,1,"Tuesday, July 1, 2014",88901,77
19,1,"Tuesday, July 1, 2014",84,72
19,1,"Tuesday, July 1, 2014",42223,85
19,1,"Tuesday, July 1, 2014",20001,44
19,1,"Tuesday, July 1, 2014",20058,90
19,1,"Tuesday, July 1, 2014",84,77
10,1,"Tuesday, October 1, 2013",42223,74
10,1,"Tuesday, October 1, 2013",14,29
10,1,"Tuesday, October 1, 2013",67,87
10,1,"Tuesday, October 1, 2013",14,27
10,1,"Tuesday, October 1, 2013",188,88
10,1,"Tuesday, October 1, 2013",56,37
10,1,"Tuesday, October 1, 2013",88901,82
10,1,"Tuesday, October 1, 2013",63,87
10,1,"Tuesday, October 1, 2013",59,78
10,1,"Tuesday, October 1, 2013",63005,72
10,1,"Tuesday, October 1, 2013",5101,66
10,1,"Tuesday, October 1, 2013",1,12
10,1,"Tuesday, October 1, 2013",41,10
10,1,"Tuesday, October 1, 2013",20001,14
10,1,"Tuesday, October 1, 2013",35004,29
10,1,"Tuesday, October 1, 2013",68001,86
10,1,"Tuesday, October 1, 2013",66002,36
10,1,"Tuesday, October 1, 2013",6001,41
10,1,"Tuesday, October 1, 2013",27,20
10,1,"Tuesday, October 1, 2013",64,61
10,1,"Tuesday, October 1, 2013",50001,50
10,1,"Tuesday, October 1, 2013",72,84
10,1,"Tuesday, October 1, 2013",71601,29
10,1,"Tuesday, October 1, 2013",501,79
10,1,"Tuesday, October 1, 2013",84,79
10,1,"Tuesday, October 1, 2013",68001,62
10,1,"Tuesday, October 1, 2013",57001,76
10,1,"Tuesday, October 1, 2013",59,65
10,1,"Tuesday, October 1, 2013",67,90
10,1,"Tuesday, October 1, 2013",188,61
10,1,"Tuesday, October 1, 2013",50001,34
10,1,"Tuesday, October 1, 2013",20041,87
10,1,"Tuesday, October 1, 2013",48001,77
10,1,"Tuesday, October 1, 2013",57001,73
10,1,"Tuesday, October 1, 2013",41,44
10,1,"Tuesday, October 1, 2013",68001,88
10,1,"Tuesday, October 1, 2013",68001,66
10,1,"Tuesday, October 1, 2013",64,60
10,1,"Tuesday, October 1, 2013",19701,16
10,1,"Tuesday, October 1, 2013",53001,90
10,1,"Tuesday, October 1, 2013",27,25
10,1,"Tuesday, October 1, 2013",39813,18
10,1,"Tuesday, October 1, 2013",20001,37
10,1,"Tuesday, October 1, 2013",7001,90
10,1,"Tuesday, October 1, 2013",12,12
10,1,"Tuesday, October 1, 2013",71,86
10,1,"Tuesday, October 1, 2013",158,44
10,1,"Tuesday, October 1, 2013",1,43
10,1,"Tuesday, October 1, 2013",68,67
10,1,"Tuesday, October 1, 2013",29001,88
10,1,"Tuesday, October 1, 2013",71,81
10,1,"Tuesday, October 1, 2013",84,79
10,1,"Tuesday, October 1, 2013",68,68
10,1,"Tuesday, October 1, 2013",27,24
10,1,"Tuesday, October 1, 2013",88901,73
10,1,"Tuesday, October 1, 2013",71601,23
10,1,"Tuesday, October 1, 2013",88901,86
10,1,"Tuesday, October 1, 2013",6001,43
10,1,"Tuesday, October 1, 2013",48001,75
10,1,"Tuesday, October 1, 2013",29001,85
10,1,"Tuesday, October 1, 2013",7001,79
10,1,"Tuesday, October 1, 2013",67,83
10,1,"Tuesday, October 1, 2013",58001,81
10,1,"Tuesday, October 1, 2013",82001,78
10,1,"Tuesday, October 1, 2013",24701,81
10,1,"Tuesday, October 1, 2013",71,80
10,1,"Tuesday, October 1, 2013",20001,12
10,1,"Tuesday, October 1, 2013",56,33
10,1,"Tuesday, October 1, 2013",27,21
10,1,"Tuesday, October 1, 2013",116,45
10,1,"Tuesday, October 1, 2013",48001,73
10,1,"Tuesday, October 1, 2013",59,63
10,1,"Tuesday, October 1, 2013",56,32
10,1,"Tuesday, October 1, 2013",64,68
10,1,"Tuesday, October 1, 2013",15937,70
10,1,"Tuesday, October 1, 2013",68,72
10,1,"Tuesday, October 1, 2013",71,70
10,1,"Tuesday, October 1, 2013",501,73
10,1,"Tuesday, October 1, 2013",63005,71
10,1,"Tuesday, October 1, 2013",2801,88
10,1,"Tuesday, October 1, 2013",24701,67
10,1,"Tuesday, October 1, 2013",6001,14
10,1,"Tuesday, October 1, 2013",67,60
10,1,"Tuesday, October 1, 2013",46001,10
10,1,"Tuesday, October 1, 2013",43001,87
10,1,"Tuesday, October 1, 2013",116,29
10,1,"Tuesday, October 1, 2013",46001,41
10,1,"Tuesday, October 1, 2013",46001,43
10,1,"Tuesday, October 1, 2013",43001,62
10,1,"Tuesday, October 1, 2013",88901,77
10,1,"Tuesday, October 1, 2013",57001,89
10,1,"Tuesday, October 1, 2013",20001,50
10,1,"Tuesday, October 1, 2013",66002,49
10,1,"Tuesday, October 1, 2013",7001,60
10,1,"Tuesday, October 1, 2013",62356,49
10,1,"Tuesday, October 1, 2013",66002,21
10,1,"Tuesday, October 1, 2013",64,82
7,1,"Monday, July 1, 2013",72,83
7,1,"Monday, July 1, 2013",29001,87
7,1,"Monday, July 1, 2013",88901,68
7,1,"Monday, July 1, 2013",66002,13
7,1,"Monday, July 1, 2013",20001,15
7,1,"Monday, July 1, 2013",19701,26
7,1,"Monday, July 1, 2013",67,64
7,1,"Monday, July 1, 2013",24701,68
7,1,"Monday, July 1, 2013",40003,24
7,1,"Monday, July 1, 2013",41,44
7,1,"Monday, July 1, 2013",20041,78
7,1,"Monday, July 1, 2013",2801,80
7,1,"Monday, July 1, 2013",20001,16
7,1,"Monday, July 1, 2013",7001,70
7,1,"Monday, July 1, 2013",57001,65
7,1,"Monday, July 1, 2013",64,87
7,1,"Monday, July 1, 2013",66002,14
7,1,"Monday, July 1, 2013",41,33
7,1,"Monday, July 1, 2013",71601,16
7,1,"Monday, July 1, 2013",64,75
7,1,"Monday, July 1, 2013",50001,45
7,1,"Monday, July 1, 2013",35004,35
7,1,"Monday, July 1, 2013",67,76
7,1,"Monday, July 1, 2013",50001,46
7,1,"Monday, July 1, 2013",59,64
7,1,"Monday, July 1, 2013",3033,83
7,1,"Monday, July 1, 2013",84,77
7,1,"Monday, July 1, 2013",50001,39
7,1,"Monday, July 1, 2013",53001,62
7,1,"Monday, July 1, 2013",42223,60
7,1,"Monday, July 1, 2013",501,86
7,1,"Monday, July 1, 2013",63005,66
7,1,"Monday, July 1, 2013",66002,23
7,1,"Monday, July 1, 2013",14,21
7,1,"Monday, July 1, 2013",19701,17
7,1,"Monday, July 1, 2013",29001,82
7,1,"Monday, July 1, 2013",71,71
7,1,"Monday, July 1, 2013",66002,11
7,1,"Monday, July 1, 2013",27,27
7,1,"Monday, July 1, 2013",48001,81
7,1,"Monday, July 1, 2013",68,73
7,1,"Monday, July 1, 2013",20041,63
7,1,"Monday, July 1, 2013",71601,37
7,1,"Monday, July 1, 2013",7001,65
7,1,"Monday, July 1, 2013",63005,84
7,1,"Monday, July 1, 2013",53001,89
7,1,"Monday, July 1, 2013",42223,67
7,1,"Monday, July 1, 2013",188,71
7,1,"Monday, July 1, 2013",71,88
7,1,"Monday, July 1, 2013",62356,44
7,1,"Monday, July 1, 2013",72,76
7,1,"Monday, July 1, 2013",41,14
7,1,"Monday, July 1, 2013",67,77
7,1,"Monday, July 1, 2013",6001,29
7,1,"Monday, July 1, 2013",20058,76
7,1,"Monday, July 1, 2013",84,80
7,1,"Monday, July 1, 2013",68,79
7,1,"Monday, July 1, 2013",50001,12
7,1,"Monday, July 1, 2013",42223,62
7,1,"Monday, July 1, 2013",2801,70
7,1,"Monday, July 1, 2013",29001,74
7,1,"Monday, July 1, 2013",158,26
7,1,"Monday, July 1, 2013",64,87
7,1,"Monday, July 1, 2013",88901,60
7,1,"Monday, July 1, 2013",62356,41
7,1,"Monday, July 1, 2013",53001,62
7,1,"Monday, July 1, 2013",42223,60
7,1,"Monday, July 1, 2013",20058,78
7,1,"Monday, July 1, 2013",19701,26
7,1,"Monday, July 1, 2013",2801,64
7,1,"Monday, July 1, 2013",68001,82
7,1,"Monday, July 1, 2013",7001,62
7,1,"Monday, July 1, 2013",20058,69
7,1,"Monday, July 1, 2013",1,31
7,1,"Monday, July 1, 2013",5101,73
7,1,"Monday, July 1, 2013",501,63
7,1,"Monday, July 1, 2013",57001,89
7,1,"Monday, July 1, 2013",57001,67
7,1,"Monday, July 1, 2013",15937,85
7,1,"Monday, July 1, 2013",66002,21
7,1,"Monday, July 1, 2013",43001,73
7,1,"Monday, July 1, 2013",59,84
7,1,"Monday, July 1, 2013",46001,44
7,1,"Monday, July 1, 2013",41,33
7,1,"Monday, July 1, 2013",35004,11
7,1,"Monday, July 1, 2013",15937,88
7,1,"Monday, July 1, 2013",501,68
7,1,"Monday, July 1, 2013",68001,64
7,1,"Monday, July 1, 2013",72,88
7,1,"Monday, July 1, 2013",63,65
7,1,"Monday, July 1, 2013",20001,41
7,1,"Monday, July 1, 2013",41,15
7,1,"Monday, July 1, 2013",46001,27
7,1,"Monday, July 1, 2013",84,86
7,1,"Monday, July 1, 2013",72,87
7,1,"Monday, July 1, 2013",27,31
7,1,"Monday, July 1, 2013",63,74
9,1,"Sunday, September 1, 2013",188,69
9,1,"Sunday, September 1, 2013",40003,48
9,1,"Sunday, September 1, 2013",72,76
9,1,"Sunday, September 1, 2013",27,47
9,1,"Sunday, September 1, 2013",20058,87
9,1,"Sunday, September 1, 2013",46001,47
9,1,"Sunday, September 1, 2013",27,21
9,1,"Sunday, September 1, 2013",57001,63
9,1,"Sunday, September 1, 2013",38848,73
9,1,"Sunday, September 1, 2013",53001,90
9,1,"Sunday, September 1, 2013",40003,13
9,1,"Sunday, September 1, 2013",15937,60
9,1,"Sunday, September 1, 2013",3033,82
9,1,"Sunday, September 1, 2013",14,21
9,1,"Sunday, September 1, 2013",42223,80
9,1,"Sunday, September 1, 2013",57001,76
9,1,"Sunday, September 1, 2013",6001,22
9,1,"Sunday, September 1, 2013",501,86
9,1,"Sunday, September 1, 2013",57001,61
9,1,"Sunday, September 1, 2013",67,78
9,1,"Sunday, September 1, 2013",12,42
9,1,"Sunday, September 1, 2013",58001,76
9,1,"Sunday, September 1, 2013",20001,48
9,1,"Sunday, September 1, 2013",27,43
9,1,"Sunday, September 1, 2013",158,29
9,1,"Sunday, September 1, 2013",72,80
9,1,"Sunday, September 1, 2013",12,23
9,1,"Sunday, September 1, 2013",35004,46
9,1,"Sunday, September 1, 2013",12,26
9,1,"Sunday, September 1, 2013",27,46
9,1,"Sunday, September 1, 2013",71,89
9,1,"Sunday, September 1, 2013",19701,46
9,1,"Sunday, September 1, 2013",20001,44
9,1,"Sunday, September 1, 2013",12,12
9,1,"Sunday, September 1, 2013",67,75
9,1,"Sunday, September 1, 2013",20001,48
9,1,"Sunday, September 1, 2013",71601,25
9,1,"Sunday, September 1, 2013",116,17
9,1,"Sunday, September 1, 2013",68001,75
9,1,"Sunday, September 1, 2013",20041,66
9,1,"Sunday, September 1, 2013",88901,66
9,1,"Sunday, September 1, 2013",56,27
9,1,"Sunday, September 1, 2013",12,30
9,1,"Sunday, September 1, 2013",2801,60
9,1,"Sunday, September 1, 2013",42223,71
9,1,"Sunday, September 1, 2013",1,42
9,1,"Sunday, September 1, 2013",59,87
9,1,"Sunday, September 1, 2013",64,75
9,1,"Sunday, September 1, 2013",46001,37
9,1,"Sunday, September 1, 2013",188,79
9,1,"Sunday, September 1, 2013",50001,14
9,1,"Sunday, September 1, 2013",42223,76
9,1,"Sunday, September 1, 2013",20001,16
9,1,"Sunday, September 1, 2013",1,14
9,1,"Sunday, September 1, 2013",71,75
9,1,"Sunday, September 1, 2013",39813,13
9,1,"Sunday, September 1, 2013",24701,69
9,1,"Sunday, September 1, 2013",188,68
9,1,"Sunday, September 1, 2013",46001,36
9,1,"Sunday, September 1, 2013",7001,80
9,1,"Sunday, September 1, 2013",53001,65
9,1,"Sunday, September 1, 2013",7001,83
9,1,"Sunday, September 1, 2013",59,74
9,1,"Sunday, September 1, 2013",43001,72
9,1,"Sunday, September 1, 2013",1,15
9,1,"Sunday, September 1, 2013",35004,25
9,1,"Sunday, September 1, 2013",59,71
9,1,"Sunday, September 1, 2013",7001,62
9,1,"Sunday, September 1, 2013",1,14
9,1,"Sunday, September 1, 2013",116,38
9,1,"Sunday, September 1, 2013",68,68
9,1,"Sunday, September 1, 2013",35004,22
9,1,"Sunday, September 1, 2013",48001,67
9,1,"Sunday, September 1, 2013",71601,45
9,1,"Sunday, September 1, 2013",50001,17
9,1,"Sunday, September 1, 2013",15937,70
9,1,"Sunday, September 1, 2013",20041,61
9,1,"Sunday, September 1, 2013",3033,66
9,1,"Sunday, September 1, 2013",82001,61
9,1,"Sunday, September 1, 2013",35004,24
9,1,"Sunday, September 1, 2013",59,90
9,1,"Sunday, September 1, 2013",71601,25
9,1,"Sunday, September 1, 2013",43001,62
9,1,"Sunday, September 1, 2013",116,38
9,1,"Sunday, September 1, 2013",501,78
9,1,"Sunday, September 1, 2013",41,13
9,1,"Sunday, September 1, 2013",158,20
9,1,"Sunday, September 1, 2013",24701,71
9,1,"Sunday, September 1, 2013",501,83
9,1,"Sunday, September 1, 2013",3033,77
9,1,"Sunday, September 1, 2013",39813,19
9,1,"Sunday, September 1, 2013",66002,26
9,1,"Sunday, September 1, 2013",56,32
9,1,"Sunday, September 1, 2013",48001,75
9,1,"Sunday, September 1, 2013",57001,80
9,1,"Sunday, September 1, 2013",40003,46
9,1,"Sunday, September 1, 2013",38848,64
9,1,"Sunday, September 1, 2013",53001,68
9,1,"Sunday, September 1, 2013",56,43
9,1,"Sunday, September 1, 2013",64,80
24,1,"Monday, December 1, 2014",39813,36
24,1,"Monday, December 1, 2014",72,82
24,1,"Monday, December 1, 2014",82001,77
24,1,"Monday, December 1, 2014",19701,22
24,1,"Monday, December 1, 2014",71601,30
24,1,"Monday, December 1, 2014",84,84
24,1,"Monday, December 1, 2014",43001,78
24,1,"Monday, December 1, 2014",39813,45
24,1,"Monday, December 1, 2014",19701,36
24,1,"Monday, December 1, 2014",158,32
24,1,"Monday, December 1, 2014",57001,88
24,1,"Monday, December 1, 2014",72,69
24,1,"Monday, December 1, 2014",88901,81
24,1,"Monday, December 1, 2014",20001,26
24,1,"Monday, December 1, 2014",50001,16
24,1,"Monday, December 1, 2014",48001,90
24,1,"Monday, December 1, 2014",59,67
24,1,"Monday, December 1, 2014",116,12
24,1,"Monday, December 1, 2014",2801,86
24,1,"Monday, December 1, 2014",42223,72
24,1,"Monday, December 1, 2014",63,63
24,1,"Monday, December 1, 2014",82001,74
24,1,"Monday, December 1, 2014",19701,21
24,1,"Monday, December 1, 2014",24701,70
24,1,"Monday, December 1, 2014",71601,33
24,1,"Monday, December 1, 2014",88901,88
24,1,"Monday, December 1, 2014",6001,18
24,1,"Monday, December 1, 2014",116,30
24,1,"Monday, December 1, 2014",12,38
24,1,"Monday, December 1, 2014",501,83
24,1,"Monday, December 1, 2014",72,73
24,1,"Monday, December 1, 2014",48001,73
24,1,"Monday, December 1, 2014",20058,78
24,1,"Monday, December 1, 2014",50001,41
24,1,"Monday, December 1, 2014",50001,34
24,1,"Monday, December 1, 2014",2801,60
24,1,"Monday, December 1, 2014",71601,15
24,1,"Monday, December 1, 2014",501,61
24,1,"Monday, December 1, 2014",20058,75
24,1,"Monday, December 1, 2014",12,44
24,1,"Monday, December 1, 2014",12,25
24,1,"Monday, December 1, 2014",63,80
24,1,"Monday, December 1, 2014",29001,89
24,1,"Monday, December 1, 2014",53001,81
24,1,"Monday, December 1, 2014",24701,78
24,1,"Monday, December 1, 2014",38848,77
24,1,"Monday, December 1, 2014",46001,35
24,1,"Monday, December 1, 2014",66002,40
24,1,"Monday, December 1, 2014",35004,48
24,1,"Monday, December 1, 2014",59,84
24,1,"Monday, December 1, 2014",158,50
24,1,"Monday, December 1, 2014",15937,61
24,1,"Monday, December 1, 2014",116,42
24,1,"Monday, December 1, 2014",62356,45
24,1,"Monday, December 1, 2014",43001,60
24,1,"Monday, December 1, 2014",39813,35
24,1,"Monday, December 1, 2014",158,30
24,1,"Monday, December 1, 2014",5101,71
24,1,"Monday, December 1, 2014",63005,68
24,1,"Monday, December 1, 2014",68001,85
24,1,"Monday, December 1, 2014",63005,71
24,1,"Monday, December 1, 2014",2801,81
24,1,"Monday, December 1, 2014",68001,79
24,1,"Monday, December 1, 2014",29001,76
24,1,"Monday, December 1, 2014",35004,37
24,1,"Monday, December 1, 2014",66002,19
24,1,"Monday, December 1, 2014",6001,29
24,1,"Monday, December 1, 2014",27,33
24,1,"Monday, December 1, 2014",72,75
24,1,"Monday, December 1, 2014",5101,73
24,1,"Monday, December 1, 2014",82001,90
24,1,"Monday, December 1, 2014",20041,71
24,1,"Monday, December 1, 2014",40003,16
24,1,"Monday, December 1, 2014",27,26
24,1,"Monday, December 1, 2014",158,23
24,1,"Monday, December 1, 2014",14,45
24,1,"Monday, December 1, 2014",58001,73
24,1,"Monday, December 1, 2014",20058,72
24,1,"Monday, December 1, 2014",62356,30
24,1,"Monday, December 1, 2014",29001,75
24,1,"Monday, December 1, 2014",71,89
24,1,"Monday, December 1, 2014",35004,13
24,1,"Monday, December 1, 2014",88901,66
24,1,"Monday, December 1, 2014",48001,72
24,1,"Monday, December 1, 2014",72,84
24,1,"Monday, December 1, 2014",88901,78
24,1,"Monday, December 1, 2014",41,32
24,1,"Monday, December 1, 2014",50001,22
24,1,"Monday, December 1, 2014",72,78
24,1,"Monday, December 1, 2014",41,26
24,1,"Monday, December 1, 2014",12,41
24,1,"Monday, December 1, 2014",39813,50
24,1,"Monday, December 1, 2014",27,47
24,1,"Monday, December 1, 2014",53001,69
24,1,"Monday, December 1, 2014",20058,85
24,1,"Monday, December 1, 2014",20041,78
24,1,"Monday, December 1, 2014",53001,89
24,1,"Monday, December 1, 2014",19701,41
24,1,"Monday, December 1, 2014",20041,60
24,1,"Monday, December 1, 2014",50001,15
24,1,"Monday, December 1, 2014",41,33
8,694,"Thursday, August 1, 2013",188,89
8,694,"Thursday, August 1, 2013",62356,89
8,694,"Thursday, August 1, 2013",14,80
8,694,"Thursday, August 1, 2013",82001,85
8,694,"Thursday, August 1, 2013",35004,87
8,694,"Thursday, August 1, 2013",29001,83
8,694,"Thursday, August 1, 2013",46001,74
8,694,"Thursday, August 1, 2013",39813,63
8,694,"Thursday, August 1, 2013",6001,79
8,694,"Thursday, August 1, 2013",88901,64
8,694,"Thursday, August 1, 2013",501,85
8,694,"Thursday, August 1, 2013",41,65
8,694,"Thursday, August 1, 2013",68,60
8,694,"Thursday, August 1, 2013",501,81
8,694,"Thursday, August 1, 2013",14,82
8,694,"Thursday, August 1, 2013",66002,84
8,694,"Thursday, August 1, 2013",35004,78
8,694,"Thursday, August 1, 2013",20058,66
8,694,"Thursday, August 1, 2013",12,81
8,694,"Thursday, August 1, 2013",42223,81
8,694,"Thursday, August 1, 2013",50001,69
8,694,"Thursday, August 1, 2013",29001,64
8,694,"Thursday, August 1, 2013",48001,83
8,694,"Thursday, August 1, 2013",62356,62
8,694,"Thursday, August 1, 2013",72,68
8,694,"Thursday, August 1, 2013",68,73
8,694,"Thursday, August 1, 2013",57001,81
8,694,"Thursday, August 1, 2013",63005,68
8,694,"Thursday, August 1, 2013",39813,65
8,694,"Thursday, August 1, 2013",57001,90
8,694,"Thursday, August 1, 2013",82001,84
8,694,"Thursday, August 1, 2013",43001,71
8,694,"Thursday, August 1, 2013",19701,62
8,694,"Thursday, August 1, 2013",42223,62
8,694,"Thursday, August 1, 2013",71,77
8,694,"Thursday, August 1, 2013",158,79
8,694,"Thursday, August 1, 2013",56,70
8,694,"Thursday, August 1, 2013",15937,73
8,694,"Thursday, August 1, 2013",53001,71
8,694,"Thursday, August 1, 2013",2801,80
8,694,"Thursday, August 1, 2013",2801,67
8,694,"Thursday, August 1, 2013",188,68
8,694,"Thursday, August 1, 2013",35004,83
8,694,"Thursday, August 1, 2013",57001,71
8,694,"Thursday, August 1, 2013",88901,86
8,694,"Thursday, August 1, 2013",71,62
8,694,"Thursday, August 1, 2013",66002,85
8,694,"Thursday, August 1, 2013",84,72
8,694,"Thursday, August 1, 2013",84,88
8,694,"Thursday, August 1, 2013",63005,60
8,694,"Thursday, August 1, 2013",7001,70
8,694,"Thursday, August 1, 2013",27,82
8,694,"Thursday, August 1, 2013",501,89
8,694,"Thursday, August 1, 2013",19701,69
8,694,"Thursday, August 1, 2013",46001,63
8,694,"Thursday, August 1, 2013",24701,78
8,694,"Thursday, August 1, 2013",7001,69
8,694,"Thursday, August 1, 2013",38848,72
8,694,"Thursday, August 1, 2013",38848,67
8,694,"Thursday, August 1, 2013",72,70
8,694,"Thursday, August 1, 2013",12,66
8,694,"Thursday, August 1, 2013",20041,61
8,694,"Thursday, August 1, 2013",24701,83
8,694,"Thursday, August 1, 2013",20041,80
8,694,"Thursday, August 1, 2013",71601,82
8,694,"Thursday, August 1, 2013",57001,77
8,694,"Thursday, August 1, 2013",58001,76
8,694,"Thursday, August 1, 2013",84,65
8,694,"Thursday, August 1, 2013",82001,86
8,694,"Thursday, August 1, 2013",5101,85
8,694,"Thursday, August 1, 2013",12,73
8,694,"Thursday, August 1, 2013",42223,89
8,694,"Thursday, August 1, 2013",24701,72
8,694,"Thursday, August 1, 2013",20001,67
8,694,"Thursday, August 1, 2013",6001,64
8,694,"Thursday, August 1, 2013",29001,85
8,694,"Thursday, August 1, 2013",501,64
8,694,"Thursday, August 1, 2013",158,80
8,694,"Thursday, August 1, 2013",42223,66
8,694,"Thursday, August 1, 2013",1,82
8,694,"Thursday, August 1, 2013",158,75
8,694,"Thursday, August 1, 2013",68001,88
8,694,"Thursday, August 1, 2013",14,61
8,694,"Thursday, August 1, 2013",24701,74
8,694,"Thursday, August 1, 2013",14,60
8,694,"Thursday, August 1, 2013",12,79
8,694,"Thursday, August 1, 2013",67,68
8,694,"Thursday, August 1, 2013",68001,76
8,694,"Thursday, August 1, 2013",72,80
8,694,"Thursday, August 1, 2013",7001,60
8,694,"Thursday, August 1, 2013",20041,90
8,694,"Thursday, August 1, 2013",38848,74
8,694,"Thursday, August 1, 2013",63005,86
8,694,"Thursday, August 1, 2013",40003,70
8,694,"Thursday, August 1, 2013",116,60
8,694,"Thursday, August 1, 2013",82001,90
8,694,"Thursday, August 1, 2013",71,85
8,694,"Thursday, August 1, 2013",68001,63
8,694,"Thursday, August 1, 2013",188,78
8,694,"Thursday, August 1, 2013",501,66
8,694,"Thursday, August 1, 2013",1,79
8,694,"Thursday, August 1, 2013",39813,72
8,694,"Thursday, August 1, 2013",56,89
8,694,"Thursday, August 1, 2013",116,87
8,694,"Thursday, August 1, 2013",56,61
8,694,"Thursday, August 1, 2013",50001,79
21,694,"Monday, September 1, 2014",39813,89
21,694,"Monday, September 1, 2014",12,89
21,694,"Monday, September 1, 2014",66002,61
21,694,"Monday, September 1, 2014",35004,67
21,694,"Monday, September 1, 2014",71,88
21,694,"Monday, September 1, 2014",63,85
21,694,"Monday, September 1, 2014",20001,82
21,694,"Monday, September 1, 2014",1,62
21,694,"Monday, September 1, 2014",84,72
21,694,"Monday, September 1, 2014",71601,87
21,694,"Monday, September 1, 2014",58001,88
21,694,"Monday, September 1, 2014",2801,74
21,694,"Monday, September 1, 2014",40003,71
21,694,"Monday, September 1, 2014",71601,85
21,694,"Monday, September 1, 2014",62356,73
21,694,"Monday, September 1, 2014",6001,71
21,694,"Monday, September 1, 2014",71,85
21,694,"Monday, September 1, 2014",56,90
21,694,"Monday, September 1, 2014",84,85
21,694,"Monday, September 1, 2014",53001,69
21,694,"Monday, September 1, 2014",53001,84
21,694,"Monday, September 1, 2014",71601,63
21,694,"Monday, September 1, 2014",3033,73
21,694,"Monday, September 1, 2014",82001,87
21,694,"Monday, September 1, 2014",68001,76
21,694,"Monday, September 1, 2014",188,84
21,694,"Monday, September 1, 2014",46001,69
21,694,"Monday, September 1, 2014",63,72
21,694,"Monday, September 1, 2014",56,88
21,694,"Monday, September 1, 2014",158,70
21,694,"Monday, September 1, 2014",63005,76
21,694,"Monday, September 1, 2014",501,81
21,694,"Monday, September 1, 2014",63005,90
21,694,"Monday, September 1, 2014",71601,61
21,694,"Monday, September 1, 2014",63005,67
21,694,"Monday, September 1, 2014",158,87
21,694,"Monday, September 1, 2014",5101,82
21,694,"Monday, September 1, 2014",27,63
21,694,"Monday, September 1, 2014",20058,74
21,694,"Monday, September 1, 2014",43001,78
21,694,"Monday, September 1, 2014",20058,81
21,694,"Monday, September 1, 2014",1,70
21,694,"Monday, September 1, 2014",64,89
21,694,"Monday, September 1, 2014",71601,82
21,694,"Monday, September 1, 2014",6001,67
21,694,"Monday, September 1, 2014",66002,68
21,694,"Monday, September 1, 2014",58001,69
21,694,"Monday, September 1, 2014",38848,72
21,694,"Monday, September 1, 2014",6001,62
21,694,"Monday, September 1, 2014",39813,61
21,694,"Monday, September 1, 2014",24701,82
21,694,"Monday, September 1, 2014",501,62
21,694,"Monday, September 1, 2014",5101,84
21,694,"Monday, September 1, 2014",57001,81
21,694,"Monday, September 1, 2014",3033,60
21,694,"Monday, September 1, 2014",1,82
21,694,"Monday, September 1, 2014",27,84
21,694,"Monday, September 1, 2014",53001,69
21,694,"Monday, September 1, 2014",188,78
21,694,"Monday, September 1, 2014",20041,73
21,694,"Monday, September 1, 2014",27,65
21,694,"Monday, September 1, 2014",46001,69
21,694,"Monday, September 1, 2014",68001,74
21,694,"Monday, September 1, 2014",38848,87
21,694,"Monday, September 1, 2014",63,63
21,694,"Monday, September 1, 2014",82001,75
21,694,"Monday, September 1, 2014",48001,74
21,694,"Monday, September 1, 2014",188,69
21,694,"Monday, September 1, 2014",53001,70
21,694,"Monday, September 1, 2014",38848,83
21,694,"Monday, September 1, 2014",43001,67
21,694,"Monday, September 1, 2014",57001,66
21,694,"Monday, September 1, 2014",53001,75
21,694,"Monday, September 1, 2014",88901,72
21,694,"Monday, September 1, 2014",50001,89
21,694,"Monday, September 1, 2014",84,63
21,694,"Monday, September 1, 2014",43001,61
21,694,"Monday, September 1, 2014",48001,69
21,694,"Monday, September 1, 2014",116,77
21,694,"Monday, September 1, 2014",62356,67
21,694,"Monday, September 1, 2014",116,78
21,694,"Monday, September 1, 2014",63,84
21,694,"Monday, September 1, 2014",72,60
21,694,"Monday, September 1, 2014",57001,75
21,694,"Monday, September 1, 2014",1,88
21,694,"Monday, September 1, 2014",3033,63
21,694,"Monday, September 1, 2014",29001,74
21,694,"Monday, September 1, 2014",46001,78
21,694,"Monday, September 1, 2014",24701,60
21,694,"Monday, September 1, 2014",56,70
21,694,"Monday, September 1, 2014",35004,65
21,694,"Monday, September 1, 2014",20058,88
21,694,"Monday, September 1, 2014",6001,63
21,694,"Monday, September 1, 2014",29001,76
21,694,"Monday, September 1, 2014",40003,85
21,694,"Monday, September 1, 2014",188,85
21,694,"Monday, September 1, 2014",20001,65
21,694,"Monday, September 1, 2014",88901,77
21,694,"Monday, September 1, 2014",15937,70
21,694,"Monday, September 1, 2014",2801,60
21,694,"Monday, September 1, 2014",42223,87
21,694,"Monday, September 1, 2014",66002,60
21,694,"Monday, September 1, 2014",27,71
21,694,"Monday, September 1, 2014",158,69
21,694,"Monday, September 1, 2014",3033,60
21,694,"Monday, September 1, 2014",19701,77
17,694,"Thursday, May 1, 2014",42223,90
17,694,"Thursday, May 1, 2014",2801,62
17,694,"Thursday, May 1, 2014",3033,86
17,694,"Thursday, May 1, 2014",20058,83
17,694,"Thursday, May 1, 2014",63,75
17,694,"Thursday, May 1, 2014",7001,77
17,694,"Thursday, May 1, 2014",67,90
17,694,"Thursday, May 1, 2014",501,75
17,694,"Thursday, May 1, 2014",88901,88
17,694,"Thursday, May 1, 2014",41,85
17,694,"Thursday, May 1, 2014",43001,73
17,694,"Thursday, May 1, 2014",48001,70
17,694,"Thursday, May 1, 2014",27,82
17,694,"Thursday, May 1, 2014",38848,75
17,694,"Thursday, May 1, 2014",71601,84
17,694,"Thursday, May 1, 2014",1,66
17,694,"Thursday, May 1, 2014",27,73
17,694,"Thursday, May 1, 2014",62356,77
17,694,"Thursday, May 1, 2014",43001,79
17,694,"Thursday, May 1, 2014",67,75
17,694,"Thursday, May 1, 2014",15937,81
17,694,"Thursday, May 1, 2014",64,83
17,694,"Thursday, May 1, 2014",188,60
17,694,"Thursday, May 1, 2014",3033,60
17,694,"Thursday, May 1, 2014",40003,65
17,694,"Thursday, May 1, 2014",63,61
17,694,"Thursday, May 1, 2014",64,69
17,694,"Thursday, May 1, 2014",71,69
17,694,"Thursday, May 1, 2014",46001,82
17,694,"Thursday, May 1, 2014",116,90
17,694,"Thursday, May 1, 2014",50001,85
17,694,"Thursday, May 1, 2014",39813,64
17,694,"Thursday, May 1, 2014",12,90
17,694,"Thursday, May 1, 2014",501,74
17,694,"Thursday, May 1, 2014",46001,80
17,694,"Thursday, May 1, 2014",20041,80
17,694,"Thursday, May 1, 2014",48001,84
17,694,"Thursday, May 1, 2014",67,90
17,694,"Thursday, May 1, 2014",19701,77
17,694,"Thursday, May 1, 2014",41,83
17,694,"Thursday, May 1, 2014",56,90
17,694,"Thursday, May 1, 2014",88901,82
17,694,"Thursday, May 1, 2014",62356,86
17,694,"Thursday, May 1, 2014",15937,87
17,694,"Thursday, May 1, 2014",71,84
17,694,"Thursday, May 1, 2014",5101,68
17,694,"Thursday, May 1, 2014",116,60
17,694,"Thursday, May 1, 2014",58001,69
17,694,"Thursday, May 1, 2014",3033,81
17,694,"Thursday, May 1, 2014",29001,60
17,694,"Thursday, May 1, 2014",20001,82
17,694,"Thursday, May 1, 2014",68001,87
17,694,"Thursday, May 1, 2014",38848,64
17,694,"Thursday, May 1, 2014",48001,75
17,694,"Thursday, May 1, 2014",46001,85
17,694,"Thursday, May 1, 2014",64,78
17,694,"Thursday, May 1, 2014",46001,81
17,694,"Thursday, May 1, 2014",35004,60
17,694,"Thursday, May 1, 2014",64,67
17,694,"Thursday, May 1, 2014",67,84
17,694,"Thursday, May 1, 2014",68,85
17,694,"Thursday, May 1, 2014",158,87
17,694,"Thursday, May 1, 2014",20041,80
17,694,"Thursday, May 1, 2014",63,75
17,694,"Thursday, May 1, 2014",2801,89
17,694,"Thursday, May 1, 2014",116,68
17,694,"Thursday, May 1, 2014",58001,64
17,694,"Thursday, May 1, 2014",35004,62
17,694,"Thursday, May 1, 2014",48001,60
17,694,"Thursday, May 1, 2014",59,76
17,694,"Thursday, May 1, 2014",38848,79
17,694,"Thursday, May 1, 2014",67,65
17,694,"Thursday, May 1, 2014",63005,75
17,694,"Thursday, May 1, 2014",88901,82
17,694,"Thursday, May 1, 2014",14,77
17,694,"Thursday, May 1, 2014",20058,83
17,694,"Thursday, May 1, 2014",501,76
17,694,"Thursday, May 1, 2014",71601,62
17,694,"Thursday, May 1, 2014",48001,80
17,694,"Thursday, May 1, 2014",6001,77
17,694,"Thursday, May 1, 2014",63,77
17,694,"Thursday, May 1, 2014",56,86
17,694,"Thursday, May 1, 2014",6001,79
17,694,"Thursday, May 1, 2014",14,77
17,694,"Thursday, May 1, 2014",64,70
17,694,"Thursday, May 1, 2014",50001,83
17,694,"Thursday, May 1, 2014",42223,69
17,694,"Thursday, May 1, 2014",59,78
17,694,"Thursday, May 1, 2014",116,78
17,694,"Thursday, May 1, 2014",188,68
17,694,"Thursday, May 1, 2014",58001,82
17,694,"Thursday, May 1, 2014",6001,86
17,694,"Thursday, May 1, 2014",3033,84
17,694,"Thursday, May 1, 2014",42223,83
17,694,"Thursday, May 1, 2014",12,83
17,694,"Thursday, May 1, 2014",35004,60
17,694,"Thursday, May 1, 2014",20001,82
17,694,"Thursday, May 1, 2014",116,69
17,694,"Thursday, May 1, 2014",58001,60
12,694,"Sunday, December 1, 2013",35004,87
12,694,"Sunday, December 1, 2013",19701,62
12,694,"Sunday, December 1, 2013",71601,81
12,694,"Sunday, December 1, 2013",63,60
12,694,"Sunday, December 1, 2013",62356,72
12,694,"Sunday, December 1, 2013",72,80
12,694,"Sunday, December 1, 2013",39813,61
12,694,"Sunday, December 1, 2013",88901,86
12,694,"Sunday, December 1, 2013",5101,82
12,694,"Sunday, December 1, 2013",116,84
12,694,"Sunday, December 1, 2013",43001,81
12,694,"Sunday, December 1, 2013",116,87
12,694,"Sunday, December 1, 2013",66002,65
12,694,"Sunday, December 1, 2013",188,79
12,694,"Sunday, December 1, 2013",1,88
12,694,"Sunday, December 1, 2013",19701,78
12,694,"Sunday, December 1, 2013",12,85
12,694,"Sunday, December 1, 2013",43001,87
12,694,"Sunday, December 1, 2013",50001,81
12,694,"Sunday, December 1, 2013",6001,62
12,694,"Sunday, December 1, 2013",58001,77
12,694,"Sunday, December 1, 2013",57001,69
12,694,"Sunday, December 1, 2013",42223,68
12,694,"Sunday, December 1, 2013",53001,73
12,694,"Sunday, December 1, 2013",63005,63
12,694,"Sunday, December 1, 2013",57001,68
12,694,"Sunday, December 1, 2013",42223,66
12,694,"Sunday, December 1, 2013",71,69
12,694,"Sunday, December 1, 2013",53001,72
12,694,"Sunday, December 1, 2013",2801,61
12,694,"Sunday, December 1, 2013",68,64
12,694,"Sunday, December 1, 2013",29001,72
12,694,"Sunday, December 1, 2013",158,82
12,694,"Sunday, December 1, 2013",35004,74
12,694,"Sunday, December 1, 2013",66002,88
12,694,"Sunday, December 1, 2013",71601,62
12,694,"Sunday, December 1, 2013",6001,86
12,694,"Sunday, December 1, 2013",71,78
12,694,"Sunday, December 1, 2013",7001,68
12,694,"Sunday, December 1, 2013",24701,82
12,694,"Sunday, December 1, 2013",66002,68
12,694,"Sunday, December 1, 2013",50001,74
12,694,"Sunday, December 1, 2013",67,83
12,694,"Sunday, December 1, 2013",46001,67
12,694,"Sunday, December 1, 2013",53001,82
12,694,"Sunday, December 1, 2013",20041,89
12,694,"Sunday, December 1, 2013",68,68
12,694,"Sunday, December 1, 2013",14,60
12,694,"Sunday, December 1, 2013",20041,89
12,694,"Sunday, December 1, 2013",48001,87
12,694,"Sunday, December 1, 2013",43001,86
12,694,"Sunday, December 1, 2013",50001,61
12,694,"Sunday, December 1, 2013",84,69
12,694,"Sunday, December 1, 2013",6001,77
12,694,"Sunday, December 1, 2013",42223,63
12,694,"Sunday, December 1, 2013",50001,73
12,694,"Sunday, December 1, 2013",56,62
12,694,"Sunday, December 1, 2013",5101,75
12,694,"Sunday, December 1, 2013",62356,84
12,694,"Sunday, December 1, 2013",66002,89
12,694,"Sunday, December 1, 2013",20001,78
12,694,"Sunday, December 1, 2013",71,76
12,694,"Sunday, December 1, 2013",72,64
12,694,"Sunday, December 1, 2013",1,75
12,694,"Sunday, December 1, 2013",5101,87
12,694,"Sunday, December 1, 2013",20041,68
12,694,"Sunday, December 1, 2013",63005,69
12,694,"Sunday, December 1, 2013",72,60
12,694,"Sunday, December 1, 2013",158,83
12,694,"Sunday, December 1, 2013",19701,61
12,694,"Sunday, December 1, 2013",3033,81
12,694,"Sunday, December 1, 2013",43001,84
12,694,"Sunday, December 1, 2013",20058,71
12,694,"Sunday, December 1, 2013",58001,79
12,694,"Sunday, December 1, 2013",63005,77
12,694,"Sunday, December 1, 2013",41,69
12,694,"Sunday, December 1, 2013",27,84
12,694,"Sunday, December 1, 2013",68001,88
12,694,"Sunday, December 1, 2013",7001,79
12,694,"Sunday, December 1, 2013",56,86
12,694,"Sunday, December 1, 2013",41,60
12,694,"Sunday, December 1, 2013",29001,87
12,694,"Sunday, December 1, 2013",3033,89
12,694,"Sunday, December 1, 2013",57001,71
12,694,"Sunday, December 1, 2013",68,65
12,694,"Sunday, December 1, 2013",88901,80
12,694,"Sunday, December 1, 2013",19701,62
12,694,"Sunday, December 1, 2013",43001,70
12,694,"Sunday, December 1, 2013",40003,64
12,694,"Sunday, December 1, 2013",2801,60
12,694,"Sunday, December 1, 2013",15937,70
23,694,"Saturday, November 1, 2014",63,62
23,694,"Saturday, November 1, 2014",6001,74
23,694,"Saturday, November 1, 2014",68001,78
23,694,"Saturday, November 1, 2014",68001,65
23,694,"Saturday, November 1, 2014",501,68
23,694,"Saturday, November 1, 2014",68,68
23,694,"Saturday, November 1, 2014",82001,81
23,694,"Saturday, November 1, 2014",39813,74
23,694,"Saturday, November 1, 2014",67,78
23,694,"Saturday, November 1, 2014",71601,67
23,694,"Saturday, November 1, 2014",50001,87
23,694,"Saturday, November 1, 2014",29001,68
23,694,"Saturday, November 1, 2014",64,71
23,694,"Saturday, November 1, 2014",62356,82
23,694,"Saturday, November 1, 2014",56,83
23,694,"Saturday, November 1, 2014",43001,63
23,694,"Saturday, November 1, 2014",84,84
23,694,"Saturday, November 1, 2014",12,78
23,694,"Saturday, November 1, 2014",116,81
23,694,"Saturday, November 1, 2014",84,69
23,694,"Saturday, November 1, 2014",58001,76
23,694,"Saturday, November 1, 2014",67,63
23,694,"Saturday, November 1, 2014",58001,62
23,694,"Saturday, November 1, 2014",50001,67
23,694,"Saturday, November 1, 2014",57001,84
23,694,"Saturday, November 1, 2014",48001,80
23,694,"Saturday, November 1, 2014",40003,81
23,694,"Saturday, November 1, 2014",88901,72
23,694,"Saturday, November 1, 2014",68,70
23,694,"Saturday, November 1, 2014",20001,83
23,694,"Saturday, November 1, 2014",84,88
23,694,"Saturday, November 1, 2014",84,76
23,694,"Saturday, November 1, 2014",71,61
23,694,"Saturday, November 1, 2014",19701,90
23,694,"Saturday, November 1, 2014",50001,74
23,694,"Saturday, November 1, 2014",7001,83
23,694,"Saturday, November 1, 2014",15937,62
23,694,"Saturday, November 1, 2014",46001,80
23,694,"Saturday, November 1, 2014",42223,72
23,694,"Saturday, November 1, 2014",56,79
23,694,"Saturday, November 1, 2014",41,69
23,694,"Saturday, November 1, 2014",63005,66
23,694,"Saturday, November 1, 2014",1,78
23,694,"Saturday, November 1, 2014",63005,78
23,694,"Saturday, November 1, 2014",12,88
23,694,"Saturday, November 1, 2014",71601,70
23,694,"Saturday, November 1, 2014",35004,61
23,694,"Saturday, November 1, 2014",35004,67
23,694,"Saturday, November 1, 2014",41,69
23,694,"Saturday, November 1, 2014",72,87
23,694,"Saturday, November 1, 2014",5101,74
23,694,"Saturday, November 1, 2014",43001,75
23,694,"Saturday, November 1, 2014",158,72
23,694,"Saturday, November 1, 2014",82001,88
23,694,"Saturday, November 1, 2014",39813,85
23,694,"Saturday, November 1, 2014",57001,68
23,694,"Saturday, November 1, 2014",29001,73
23,694,"Saturday, November 1, 2014",27,80
23,694,"Saturday, November 1, 2014",68001,85
23,694,"Saturday, November 1, 2014",12,63
23,694,"Saturday, November 1, 2014",43001,60
23,694,"Saturday, November 1, 2014",38848,63
23,694,"Saturday, November 1, 2014",12,71
23,694,"Saturday, November 1, 2014",72,64
23,694,"Saturday, November 1, 2014",46001,66
23,694,"Saturday, November 1, 2014",188,79
23,694,"Saturday, November 1, 2014",71,76
23,694,"Saturday, November 1, 2014",5101,89
23,694,"Saturday, November 1, 2014",40003,75
23,694,"Saturday, November 1, 2014",58001,67
23,694,"Saturday, November 1, 2014",7001,72
23,694,"Saturday, November 1, 2014",67,87
23,694,"Saturday, November 1, 2014",59,90
23,694,"Saturday, November 1, 2014",188,83
23,694,"Saturday, November 1, 2014",14,82
23,694,"Saturday, November 1, 2014",57001,80
23,694,"Saturday, November 1, 2014",41,85
23,694,"Saturday, November 1, 2014",42223,89
23,694,"Saturday, November 1, 2014",59,60
23,694,"Saturday, November 1, 2014",56,64
23,694,"Saturday, November 1, 2014",188,79
23,694,"Saturday, November 1, 2014",82001,73
23,694,"Saturday, November 1, 2014",53001,81
23,694,"Saturday, November 1, 2014",41,86
23,694,"Saturday, November 1, 2014",501,73
23,694,"Saturday, November 1, 2014",24701,62
23,694,"Saturday, November 1, 2014",59,63
23,694,"Saturday, November 1, 2014",27,68
23,694,"Saturday, November 1, 2014",14,78
16,694,"Tuesday, April 1, 2014",66002,72
16,694,"Tuesday, April 1, 2014",27,66
16,694,"Tuesday, April 1, 2014",53001,86
16,694,"Tuesday, April 1, 2014",50001,79
16,694,"Tuesday, April 1, 2014",63005,76
16,694,"Tuesday, April 1, 2014",50001,65
16,694,"Tuesday, April 1, 2014",35004,69
16,694,"Tuesday, April 1, 2014",158,61
16,694,"Tuesday, April 1, 2014",7001,62
16,694,"Tuesday, April 1, 2014",82001,67
16,694,"Tuesday, April 1, 2014",2801,89
16,694,"Tuesday, April 1, 2014",116,87
16,694,"Tuesday, April 1, 2014",20041,72
16,694,"Tuesday, April 1, 2014",14,65
16,694,"Tuesday, April 1, 2014",71601,88
16,694,"Tuesday, April 1, 2014",84,74
16,694,"Tuesday, April 1, 2014",71,75
16,694,"Tuesday, April 1, 2014",71,63
16,694,"Tuesday, April 1, 2014",64,68
16,694,"Tuesday, April 1, 2014",158,75
16,694,"Tuesday, April 1, 2014",64,88
16,694,"Tuesday, April 1, 2014",20058,85
16,694,"Tuesday, April 1, 2014",7001,67
16,694,"Tuesday, April 1, 2014",68,78
16,694,"Tuesday, April 1, 2014",63005,69
16,694,"Tuesday, April 1, 2014",24701,90
16,694,"Tuesday, April 1, 2014",41,65
16,694,"Tuesday, April 1, 2014",158,82
16,694,"Tuesday, April 1, 2014",188,69
16,694,"Tuesday, April 1, 2014",62356,63
16,694,"Tuesday, April 1, 2014",56,67
16,694,"Tuesday, April 1, 2014",62356,84
16,694,"Tuesday, April 1, 2014",19701,61
16,694,"Tuesday, April 1, 2014",20058,83
16,694,"Tuesday, April 1, 2014",72,86
16,694,"Tuesday, April 1, 2014",188,72
16,694,"Tuesday, April 1, 2014",63,75
16,694,"Tuesday, April 1, 2014",20058,69
16,694,"Tuesday, April 1, 2014",53001,73
16,694,"Tuesday, April 1, 2014",7001,72
16,694,"Tuesday, April 1, 2014",5101,75
16,694,"Tuesday, April 1, 2014",158,63
16,694,"Tuesday, April 1, 2014",3033,81
16,694,"Tuesday, April 1, 2014",71601,85
16,694,"Tuesday, April 1, 2014",27,60
16,694,"Tuesday, April 1, 2014",501,73
16,694,"Tuesday, April 1, 2014",29001,70
16,694,"Tuesday, April 1, 2014",7001,89
16,694,"Tuesday, April 1, 2014",58001,76
16,694,"Tuesday, April 1, 2014",48001,86
16,694,"Tuesday, April 1, 2014",158,76
16,694,"Tuesday, April 1, 2014",14,64
16,694,"Tuesday, April 1, 2014",14,87
16,694,"Tuesday, April 1, 2014",42223,71
16,694,"Tuesday, April 1, 2014",63005,69
16,694,"Tuesday, April 1, 2014",41,62
16,694,"Tuesday, April 1, 2014",116,67
16,694,"Tuesday, April 1, 2014",63005,72
16,694,"Tuesday, April 1, 2014",501,72
16,694,"Tuesday, April 1, 2014",35004,82
16,694,"Tuesday, April 1, 2014",19701,88
16,694,"Tuesday, April 1, 2014",40003,90
16,694,"Tuesday, April 1, 2014",71601,66
16,694,"Tuesday, April 1, 2014",40003,74
16,694,"Tuesday, April 1, 2014",39813,71
16,694,"Tuesday, April 1, 2014",6001,72
16,694,"Tuesday, April 1, 2014",41,89
16,694,"Tuesday, April 1, 2014",66002,75
16,694,"Tuesday, April 1, 2014",72,88
16,694,"Tuesday, April 1, 2014",57001,84
16,694,"Tuesday, April 1, 2014",64,64
16,694,"Tuesday, April 1, 2014",50001,62
16,694,"Tuesday, April 1, 2014",64,78
16,694,"Tuesday, April 1, 2014",53001,71
16,694,"Tuesday, April 1, 2014",56,78
16,694,"Tuesday, April 1, 2014",72,60
16,694,"Tuesday, April 1, 2014",2801,65
16,694,"Tuesday, April 1, 2014",501,61
16,694,"Tuesday, April 1, 2014",71601,76
16,694,"Tuesday, April 1, 2014",24701,75
16,694,"Tuesday, April 1, 2014",59,82
16,694,"Tuesday, April 1, 2014",67,88
16,694,"Tuesday, April 1, 2014",24701,76
16,694,"Tuesday, April 1, 2014",88901,72
16,694,"Tuesday, April 1, 2014",188,88
9,694,"Sunday, September 1, 2013",62356,79
9,694,"Sunday, September 1, 2013",63,86
9,694,"Sunday, September 1, 2013",20001,69
9,694,"Sunday, September 1, 2013",41,77
9,694,"Sunday, September 1, 2013",56,71
9,694,"Sunday, September 1, 2013",63,89
9,694,"Sunday, September 1, 2013",20041,76
9,694,"Sunday, September 1, 2013",46001,66
9,694,"Sunday, September 1, 2013",72,76
9,694,"Sunday, September 1, 2013",20041,71
9,694,"Sunday, September 1, 2013",20058,90
9,694,"Sunday, September 1, 2013",20058,89
9,694,"Sunday, September 1, 2013",62356,78
9,694,"Sunday, September 1, 2013",82001,79
9,694,"Sunday, September 1, 2013",14,64
9,694,"Sunday, September 1, 2013",43001,86
9,694,"Sunday, September 1, 2013",63,77
9,694,"Sunday, September 1, 2013",82001,84
9,694,"Sunday, September 1, 2013",68,76
9,694,"Sunday, September 1, 2013",88901,71
9,694,"Sunday, September 1, 2013",6001,65
9,694,"Sunday, September 1, 2013",57001,77
9,694,"Sunday, September 1, 2013",66002,79
9,694,"Sunday, September 1, 2013",20001,67
9,694,"Sunday, September 1, 2013",20041,73
9,694,"Sunday, September 1, 2013",19701,90
9,694,"Sunday, September 1, 2013",20001,73
9,694,"Sunday, September 1, 2013",43001,80
9,694,"Sunday, September 1, 2013",56,84
9,694,"Sunday, September 1, 2013",43001,85
9,694,"Sunday, September 1, 2013",24701,60
9,694,"Sunday, September 1, 2013",158,83
9,694,"Sunday, September 1, 2013",66002,78
9,694,"Sunday, September 1, 2013",59,87
9,694,"Sunday, September 1, 2013",6001,86
9,694,"Sunday, September 1, 2013",15937,63
9,694,"Sunday, September 1, 2013",39813,82
9,694,"Sunday, September 1, 2013",158,86
9,694,"Sunday, September 1, 2013",56,69
9,694,"Sunday, September 1, 2013",14,78
9,694,"Sunday, September 1, 2013",57001,78
9,694,"Sunday, September 1, 2013",41,60
9,694,"Sunday, September 1, 2013",501,88
9,694,"Sunday, September 1, 2013",24701,89
9,694,"Sunday, September 1, 2013",20041,82
9,694,"Sunday, September 1, 2013",82001,74
9,694,"Sunday, September 1, 2013",66002,71
9,694,"Sunday, September 1, 2013",53001,77
9,694,"Sunday, September 1, 2013",66002,83
9,694,"Sunday, September 1, 2013",116,60
9,694,"Sunday, September 1, 2013",20058,73
9,694,"Sunday, September 1, 2013",116,63
9,694,"Sunday, September 1, 2013",59,82
9,694,"Sunday, September 1, 2013",84,66
9,694,"Sunday, September 1, 2013",56,89
9,694,"Sunday, September 1, 2013",1,87
9,694,"Sunday, September 1, 2013",20058,78
9,694,"Sunday, September 1, 2013",29001,70
9,694,"Sunday, September 1, 2013",38848,63
9,694,"Sunday, September 1, 2013",6001,75
9,694,"Sunday, September 1, 2013",40003,81
9,694,"Sunday, September 1, 2013",72,89
9,694,"Sunday, September 1, 2013",63,72
9,694,"Sunday, September 1, 2013",5101,70
9,694,"Sunday, September 1, 2013",40003,88
9,694,"Sunday, September 1, 2013",40003,85
9,694,"Sunday, September 1, 2013",188,65
9,694,"Sunday, September 1, 2013",68,87
9,694,"Sunday, September 1, 2013",41,64
9,694,"Sunday, September 1, 2013",68,79
9,694,"Sunday, September 1, 2013",501,60
9,694,"Sunday, September 1, 2013",56,74
9,694,"Sunday, September 1, 2013",46001,65
9,694,"Sunday, September 1, 2013",14,78
9,694,"Sunday, September 1, 2013",188,73
9,694,"Sunday, September 1, 2013",20001,88
9,694,"Sunday, September 1, 2013",19701,70
9,694,"Sunday, September 1, 2013",116,85
9,694,"Sunday, September 1, 2013",64,74
9,694,"Sunday, September 1, 2013",116,67
9,694,"Sunday, September 1, 2013",20041,72
9,694,"Sunday, September 1, 2013",35004,85
9,694,"Sunday, September 1, 2013",29001,83
9,694,"Sunday, September 1, 2013",2801,84
9,694,"Sunday, September 1, 2013",63005,67
9,694,"Sunday, September 1, 2013",64,78
20,694,"Friday, August 1, 2014",19701,81
20,694,"Friday, August 1, 2014",43001,68
20,694,"Friday, August 1, 2014",50001,67
20,694,"Friday, August 1, 2014",46001,78
20,694,"Friday, August 1, 2014",7001,85
20,694,"Friday, August 1, 2014",56,64
20,694,"Friday, August 1, 2014",71,76
20,694,"Friday, August 1, 2014",2801,86
20,694,"Friday, August 1, 2014",71601,82
20,694,"Friday, August 1, 2014",64,80
20,694,"Friday, August 1, 2014",42223,72
20,694,"Friday, August 1, 2014",50001,65
20,694,"Friday, August 1, 2014",57001,89
20,694,"Friday, August 1, 2014",71,85
20,694,"Friday, August 1, 2014",57001,70
20,694,"Friday, August 1, 2014",20041,77
20,694,"Friday, August 1, 2014",53001,76
20,694,"Friday, August 1, 2014",3033,73
20,694,"Friday, August 1, 2014",62356,89
20,694,"Friday, August 1, 2014",5101,80
20,694,"Friday, August 1, 2014",43001,80
20,694,"Friday, August 1, 2014",116,82
20,694,"Friday, August 1, 2014",59,71
20,694,"Friday, August 1, 2014",53001,67
20,694,"Friday, August 1, 2014",68,70
20,694,"Friday, August 1, 2014",6001,70
20,694,"Friday, August 1, 2014",1,80
20,694,"Friday, August 1, 2014",19701,87
20,694,"Friday, August 1, 2014",59,82
20,694,"Friday, August 1, 2014",29001,60
20,694,"Friday, August 1, 2014",6001,88
20,694,"Friday, August 1, 2014",62356,90
20,694,"Friday, August 1, 2014",88901,78
20,694,"Friday, August 1, 2014",71601,85
20,694,"Friday, August 1, 2014",7001,77
20,694,"Friday, August 1, 2014",59,72
20,694,"Friday, August 1, 2014",63005,78
20,694,"Friday, August 1, 2014",66002,73
20,694,"Friday, August 1, 2014",56,87
20,694,"Friday, August 1, 2014",67,81
20,694,"Friday, August 1, 2014",35004,73
20,694,"Friday, August 1, 2014",5101,61
20,694,"Friday, August 1, 2014",35004,72
20,694,"Friday, August 1, 2014",188,87
20,694,"Friday, August 1, 2014",57001,61
20,694,"Friday, August 1, 2014",48001,80
20,694,"Friday, August 1, 2014",15937,63
20,694,"Friday, August 1, 2014",38848,74
20,694,"Friday, August 1, 2014",62356,74
20,694,"Friday, August 1, 2014",50001,77
20,694,"Friday, August 1, 2014",39813,75
20,694,"Friday, August 1, 2014",42223,70
20,694,"Friday, August 1, 2014",29001,86
20,694,"Friday, August 1, 2014",116,84
20,694,"Friday, August 1, 2014",1,73
20,694,"Friday, August 1, 2014",71,85
20,694,"Friday, August 1, 2014",39813,74
20,694,"Friday, August 1, 2014",29001,81
20,694,"Friday, August 1, 2014",68,88
20,694,"Friday, August 1, 2014",57001,62
20,694,"Friday, August 1, 2014",53001,87
20,694,"Friday, August 1, 2014",5101,81
20,694,"Friday, August 1, 2014",71601,73
20,694,"Friday, August 1, 2014",82001,60
20,694,"Friday, August 1, 2014",53001,66
20,694,"Friday, August 1, 2014",68,83
20,694,"Friday, August 1, 2014",20041,75
20,694,"Friday, August 1, 2014",158,69
20,694,"Friday, August 1, 2014",82001,61
20,694,"Friday, August 1, 2014",14,64
20,694,"Friday, August 1, 2014",66002,61
20,694,"Friday, August 1, 2014",158,72
20,694,"Friday, August 1, 2014",29001,63
20,694,"Friday, August 1, 2014",20001,89
20,694,"Friday, August 1, 2014",46001,81
20,694,"Friday, August 1, 2014",48001,68
20,694,"Friday, August 1, 2014",20001,60
20,694,"Friday, August 1, 2014",59,87
20,694,"Friday, August 1, 2014",56,75
20,694,"Friday, August 1, 2014",6001,77
20,694,"Friday, August 1, 2014",188,75
20,694,"Friday, August 1, 2014",27,82
20,694,"Friday, August 1, 2014",46001,74
20,694,"Friday, August 1, 2014",64,75
22,694,"Wednesday, October 1, 2014",24701,84
22,694,"Wednesday, October 1, 2014",20041,65
22,694,"Wednesday, October 1, 2014",71601,78
22,694,"Wednesday, October 1, 2014",57001,62
22,694,"Wednesday, October 1, 2014",72,76
22,694,"Wednesday, October 1, 2014",24701,70
22,694,"Wednesday, October 1, 2014",24701,87
22,694,"Wednesday, October 1, 2014",7001,64
22,694,"Wednesday, October 1, 2014",62356,90
22,694,"Wednesday, October 1, 2014",48001,72
22,694,"Wednesday, October 1, 2014",82001,74
22,694,"Wednesday, October 1, 2014",66002,70
22,694,"Wednesday, October 1, 2014",39813,85
22,694,"Wednesday, October 1, 2014",158,80
22,694,"Wednesday, October 1, 2014",3033,64
22,694,"Wednesday, October 1, 2014",12,63
22,694,"Wednesday, October 1, 2014",67,79
22,694,"Wednesday, October 1, 2014",50001,89
22,694,"Wednesday, October 1, 2014",2801,76
22,694,"Wednesday, October 1, 2014",43001,60
22,694,"Wednesday, October 1, 2014",1,80
22,694,"Wednesday, October 1, 2014",5101,85
22,694,"Wednesday, October 1, 2014",67,74
22,694,"Wednesday, October 1, 2014",20041,76
22,694,"Wednesday, October 1, 2014",40003,63
22,694,"Wednesday, October 1, 2014",67,71
22,694,"Wednesday, October 1, 2014",19701,83
22,694,"Wednesday, October 1, 2014",64,67
22,694,"Wednesday, October 1, 2014",48001,70
22,694,"Wednesday, October 1, 2014",68001,71
22,694,"Wednesday, October 1, 2014",43001,67
22,694,"Wednesday, October 1, 2014",40003,79
22,694,"Wednesday, October 1, 2014",68,66
22,694,"Wednesday, October 1, 2014",116,89
22,694,"Wednesday, October 1, 2014",158,88
22,694,"Wednesday, October 1, 2014",64,68
22,694,"Wednesday, October 1, 2014",7001,84
22,694,"Wednesday, October 1, 2014",41,63
22,694,"Wednesday, October 1, 2014",2801,89
22,694,"Wednesday, October 1, 2014",46001,87
22,694,"Wednesday, October 1, 2014",3033,85
22,694,"Wednesday, October 1, 2014",38848,86
22,694,"Wednesday, October 1, 2014",48001,76
22,694,"Wednesday, October 1, 2014",29001,83
22,694,"Wednesday, October 1, 2014",40003,76
22,694,"Wednesday, October 1, 2014",20001,80
22,694,"Wednesday, October 1, 2014",62356,65
22,694,"Wednesday, October 1, 2014",14,76
22,694,"Wednesday, October 1, 2014",20001,68
22,694,"Wednesday, October 1, 2014",20001,70
22,694,"Wednesday, October 1, 2014",19701,84
22,694,"Wednesday, October 1, 2014",40003,75
22,694,"Wednesday, October 1, 2014",188,64
22,694,"Wednesday, October 1, 2014",24701,77
22,694,"Wednesday, October 1, 2014",158,87
22,694,"Wednesday, October 1, 2014",40003,86
22,694,"Wednesday, October 1, 2014",57001,67
22,694,"Wednesday, October 1, 2014",7001,80
22,694,"Wednesday, October 1, 2014",188,84
22,694,"Wednesday, October 1, 2014",67,90
22,694,"Wednesday, October 1, 2014",27,71
22,694,"Wednesday, October 1, 2014",27,62
22,694,"Wednesday, October 1, 2014",64,64
22,694,"Wednesday, October 1, 2014",48001,75
22,694,"Wednesday, October 1, 2014",38848,88
22,694,"Wednesday, October 1, 2014",43001,65
22,694,"Wednesday, October 1, 2014",2801,88
22,694,"Wednesday, October 1, 2014",88901,70
22,694,"Wednesday, October 1, 2014",158,90
22,694,"Wednesday, October 1, 2014",57001,85
22,694,"Wednesday, October 1, 2014",59,68
22,694,"Wednesday, October 1, 2014",46001,65
22,694,"Wednesday, October 1, 2014",7001,77
22,694,"Wednesday, October 1, 2014",12,75
22,694,"Wednesday, October 1, 2014",68001,73
22,694,"Wednesday, October 1, 2014",63,73
22,694,"Wednesday, October 1, 2014",20001,77
22,694,"Wednesday, October 1, 2014",20041,71
22,694,"Wednesday, October 1, 2014",35004,82
22,694,"Wednesday, October 1, 2014",40003,76
22,694,"Wednesday, October 1, 2014",72,60
22,694,"Wednesday, October 1, 2014",6001,73
22,694,"Wednesday, October 1, 2014",50001,73
11,694,"Friday, November 1, 2013",88901,70
11,694,"Friday, November 1, 2013",20058,61
11,694,"Friday, November 1, 2013",20001,83
11,694,"Friday, November 1, 2013",68,76
11,694,"Friday, November 1, 2013",59,61
11,694,"Friday, November 1, 2013",12,83
11,694,"Friday, November 1, 2013",5101,80
11,694,"Friday, November 1, 2013",57001,68
11,694,"Friday, November 1, 2013",59,63
11,694,"Friday, November 1, 2013",63005,73
11,694,"Friday, November 1, 2013",20058,61
11,694,"Friday, November 1, 2013",66002,61
11,694,"Friday, November 1, 2013",62356,89
11,694,"Friday, November 1, 2013",57001,83
11,694,"Friday, November 1, 2013",64,73
11,694,"Friday, November 1, 2013",188,70
11,694,"Friday, November 1, 2013",50001,61
11,694,"Friday, November 1, 2013",57001,79
11,694,"Friday, November 1, 2013",27,84
11,694,"Friday, November 1, 2013",1,87
11,694,"Friday, November 1, 2013",20041,64
11,694,"Friday, November 1, 2013",29001,76
11,694,"Friday, November 1, 2013",41,62
11,694,"Friday, November 1, 2013",14,82
11,694,"Friday, November 1, 2013",48001,73
11,694,"Friday, November 1, 2013",2801,85
11,694,"Friday, November 1, 2013",59,64
11,694,"Friday, November 1, 2013",27,77
11,694,"Friday, November 1, 2013",29001,75
11,694,"Friday, November 1, 2013",43001,60
11,694,"Friday, November 1, 2013",6001,71
11,694,"Friday, November 1, 2013",66002,62
11,694,"Friday, November 1, 2013",72,90
11,694,"Friday, November 1, 2013",63,77
11,694,"Friday, November 1, 2013",39813,68
11,694,"Friday, November 1, 2013",66002,75
11,694,"Friday, November 1, 2013",64,77
11,694,"Friday, November 1, 2013",24701,88
11,694,"Friday, November 1, 2013",7001,60
11,694,"Friday, November 1, 2013",57001,75
11,694,"Friday, November 1, 2013",20058,82
11,694,"Friday, November 1, 2013",20001,83
11,694,"Friday, November 1, 2013",20058,86
11,694,"Friday, November 1, 2013",39813,60
11,694,"Friday, November 1, 2013",2801,71
11,694,"Friday, November 1, 2013",3033,75
11,694,"Friday, November 1, 2013",50001,90
11,694,"Friday, November 1, 2013",71601,71
11,694,"Friday, November 1, 2013",2801,65
11,694,"Friday, November 1, 2013",39813,83
11,694,"Friday, November 1, 2013",88901,74
11,694,"Friday, November 1, 2013",19701,60
11,694,"Friday, November 1, 2013",20001,60
11,694,"Friday, November 1, 2013",2801,88
11,694,"Friday, November 1, 2013",35004,69
11,694,"Friday, November 1, 2013",1,65
11,694,"Friday, November 1, 2013",56,82
11,694,"Friday, November 1, 2013",57001,62
11,694,"Friday, November 1, 2013",66002,86
11,694,"Friday, November 1, 2013",5101,74
11,694,"Friday, November 1, 2013",40003,82
11,694,"Friday, November 1, 2013",43001,84
11,694,"Friday, November 1, 2013",19701,89
11,694,"Friday, November 1, 2013",20058,80
11,694,"Friday, November 1, 2013",14,74
11,694,"Friday, November 1, 2013",12,81
11,694,"Friday, November 1, 2013",29001,75
11,694,"Friday, November 1, 2013",20041,87
11,694,"Friday, November 1, 2013",14,70
11,694,"Friday, November 1, 2013",14,90
11,694,"Friday, November 1, 2013",6001,60
11,694,"Friday, November 1, 2013",20001,87
11,694,"Friday, November 1, 2013",82001,66
11,694,"Friday, November 1, 2013",68,82
11,694,"Friday, November 1, 2013",67,68
11,694,"Friday, November 1, 2013",20001,85
11,694,"Friday, November 1, 2013",82001,73
11,694,"Friday, November 1, 2013",46001,80
11,694,"Friday, November 1, 2013",1,72
11,694,"Friday, November 1, 2013",116,76
11,694,"Friday, November 1, 2013",1,71
11,694,"Friday, November 1, 2013",24701,87
11,694,"Friday, November 1, 2013",84,83
7,694,"Monday, July 1, 2013",38848,62
7,694,"Monday, July 1, 2013",5101,83
7,694,"Monday, July 1, 2013",27,87
7,694,"Monday, July 1, 2013",48001,63
7,694,"Monday, July 1, 2013",42223,73
7,694,"Monday, July 1, 2013",58001,80
7,694,"Monday, July 1, 2013",43001,89
7,694,"Monday, July 1, 2013",63005,67
7,694,"Monday, July 1, 2013",71601,73
7,694,"Monday, July 1, 2013",15937,75
7,694,"Monday, July 1, 2013",46001,67
7,694,"Monday, July 1, 2013",3033,88
7,694,"Monday, July 1, 2013",12,87
7,694,"Monday, July 1, 2013",6001,84
7,694,"Monday, July 1, 2013",19701,79
7,694,"Monday, July 1, 2013",50001,71
7,694,"Monday, July 1, 2013",58001,88
7,694,"Monday, July 1, 2013",63,68
7,694,"Monday, July 1, 2013",63,84
7,694,"Monday, July 1, 2013",68,88
7,694,"Monday, July 1, 2013",48001,77
7,694,"Monday, July 1, 2013",40003,70
7,694,"Monday, July 1, 2013",7001,75
7,694,"Monday, July 1, 2013",50001,71
7,694,"Monday, July 1, 2013",66002,69
7,694,"Monday, July 1, 2013",19701,70
7,694,"Monday, July 1, 2013",68,64
7,694,"Monday, July 1, 2013",42223,82
7,694,"Monday, July 1, 2013",50001,80
7,694,"Monday, July 1, 2013",15937,80
7,694,"Monday, July 1, 2013",71,65
7,694,"Monday, July 1, 2013",20001,73
7,694,"Monday, July 1, 2013",72,82
7,694,"Monday, July 1, 2013",6001,65
7,694,"Monday, July 1, 2013",88901,84
7,694,"Monday, July 1, 2013",63005,71
7,694,"Monday, July 1, 2013",42223,80
7,694,"Monday, July 1, 2013",501,88
7,694,"Monday, July 1, 2013",59,74
7,694,"Monday, July 1, 2013",82001,90
7,694,"Monday, July 1, 2013",82001,68
7,694,"Monday, July 1, 2013",63005,68
7,694,"Monday, July 1, 2013",14,88
7,694,"Monday, July 1, 2013",27,86
7,694,"Monday, July 1, 2013",40003,67
7,694,"Monday, July 1, 2013",38848,76
7,694,"Monday, July 1, 2013",2801,70
7,694,"Monday, July 1, 2013",63,78
7,694,"Monday, July 1, 2013",48001,67
7,694,"Monday, July 1, 2013",29001,78
7,694,"Monday, July 1, 2013",29001,75
7,694,"Monday, July 1, 2013",40003,82
7,694,"Monday, July 1, 2013",71601,89
7,694,"Monday, July 1, 2013",50001,89
7,694,"Monday, July 1, 2013",7001,69
7,694,"Monday, July 1, 2013",116,67
7,694,"Monday, July 1, 2013",29001,89
7,694,"Monday, July 1, 2013",6001,79
7,694,"Monday, July 1, 2013",68,83
7,694,"Monday, July 1, 2013",29001,68
7,694,"Monday, July 1, 2013",3033,89
7,694,"Monday, July 1, 2013",35004,90
7,694,"Monday, July 1, 2013",68,70
7,694,"Monday, July 1, 2013",5101,80
7,694,"Monday, July 1, 2013",56,79
7,694,"Monday, July 1, 2013",62356,68
7,694,"Monday, July 1, 2013",3033,77
7,694,"Monday, July 1, 2013",48001,87
7,694,"Monday, July 1, 2013",29001,62
7,694,"Monday, July 1, 2013",6001,60
7,694,"Monday, July 1, 2013",57001,85
7,694,"Monday, July 1, 2013",24701,67
7,694,"Monday, July 1, 2013",42223,78
7,694,"Monday, July 1, 2013",15937,79
7,694,"Monday, July 1, 2013",72,78
7,694,"Monday, July 1, 2013",82001,63
7,694,"Monday, July 1, 2013",20041,61
7,694,"Monday, July 1, 2013",40003,70
7,694,"Monday, July 1, 2013",88901,86
7,694,"Monday, July 1, 2013",82001,80
7,694,"Monday, July 1, 2013",50001,84
7,694,"Monday, July 1, 2013",82001,88
7,694,"Monday, July 1, 2013",2801,65
7,694,"Monday, July 1, 2013",56,90
24,694,"Monday, December 1, 2014",68001,65
24,694,"Monday, December 1, 2014",35004,81
24,694,"Monday, December 1, 2014",43001,82
24,694,"Monday, December 1, 2014",35004,83
24,694,"Monday, December 1, 2014",72,65
24,694,"Monday, December 1, 2014",35004,74
24,694,"Monday, December 1, 2014",14,65
24,694,"Monday, December 1, 2014",59,72
24,694,"Monday, December 1, 2014",12,89
24,694,"Monday, December 1, 2014",63005,71
24,694,"Monday, December 1, 2014",188,60
24,694,"Monday, December 1, 2014",66002,87
24,694,"Monday, December 1, 2014",48001,65
24,694,"Monday, December 1, 2014",58001,89
24,694,"Monday, December 1, 2014",116,73
24,694,"Monday, December 1, 2014",158,90
24,694,"Monday, December 1, 2014",64,66
24,694,"Monday, December 1, 2014",62356,78
24,694,"Monday, December 1, 2014",6001,83
24,694,"Monday, December 1, 2014",88901,83
24,694,"Monday, December 1, 2014",15937,88
24,694,"Monday, December 1, 2014",71,85
24,694,"Monday, December 1, 2014",12,63
24,694,"Monday, December 1, 2014",15937,84
24,694,"Monday, December 1, 2014",50001,87
24,694,"Monday, December 1, 2014",12,65
24,694,"Monday, December 1, 2014",63,82
24,694,"Monday, December 1, 2014",27,61
24,694,"Monday, December 1, 2014",64,70
24,694,"Monday, December 1, 2014",19701,76
24,694,"Monday, December 1, 2014",29001,65
24,694,"Monday, December 1, 2014",19701,76
24,694,"Monday, December 1, 2014",43001,68
24,694,"Monday, December 1, 2014",46001,64
24,694,"Monday, December 1, 2014",29001,72
24,694,"Monday, December 1, 2014",68001,82
24,694,"Monday, December 1, 2014",1,76
24,694,"Monday, December 1, 2014",14,82
24,694,"Monday, December 1, 2014",84,64
24,694,"Monday, December 1, 2014",29001,73
24,694,"Monday, December 1, 2014",43001,64
24,694,"Monday, December 1, 2014",12,76
24,694,"Monday, December 1, 2014",71,81
24,694,"Monday, December 1, 2014",59,78
24,694,"Monday, December 1, 2014",57001,89
24,694,"Monday, December 1, 2014",88901,62
24,694,"Monday, December 1, 2014",46001,70
24,694,"Monday, December 1, 2014",58001,89
24,694,"Monday, December 1, 2014",57001,73
24,694,"Monday, December 1, 2014",24701,88
24,694,"Monday, December 1, 2014",6001,70
24,694,"Monday, December 1, 2014",72,63
24,694,"Monday, December 1, 2014",20001,62
24,694,"Monday, December 1, 2014",72,66
24,694,"Monday, December 1, 2014",59,72
24,694,"Monday, December 1, 2014",35004,82
24,694,"Monday, December 1, 2014",71,66
24,694,"Monday, December 1, 2014",15937,70
24,694,"Monday, December 1, 2014",20058,66
24,694,"Monday, December 1, 2014",50001,72
24,694,"Monday, December 1, 2014",39813,86
24,694,"Monday, December 1, 2014",27,73
24,694,"Monday, December 1, 2014",48001,61
24,694,"Monday, December 1, 2014",59,68
24,694,"Monday, December 1, 2014",43001,81
24,694,"Monday, December 1, 2014",71,86
24,694,"Monday, December 1, 2014",58001,79
24,694,"Monday, December 1, 2014",7001,68
24,694,"Monday, December 1, 2014",116,87
24,694,"Monday, December 1, 2014",88901,81
24,694,"Monday, December 1, 2014",12,68
24,694,"Monday, December 1, 2014",38848,69
24,694,"Monday, December 1, 2014",63005,65
24,694,"Monday, December 1, 2014",116,72
24,694,"Monday, December 1, 2014",40003,76
24,694,"Monday, December 1, 2014",63,84
24,694,"Monday, December 1, 2014",67,84
24,694,"Monday, December 1, 2014",42223,80
24,694,"Monday, December 1, 2014",72,81
24,694,"Monday, December 1, 2014",62356,77
24,694,"Monday, December 1, 2014",84,75
18,694,"Sunday, June 1, 2014",41,82
18,694,"Sunday, June 1, 2014",38848,86
18,694,"Sunday, June 1, 2014",71601,64
18,694,"Sunday, June 1, 2014",39813,76
18,694,"Sunday, June 1, 2014",158,72
18,694,"Sunday, June 1, 2014",88901,84
18,694,"Sunday, June 1, 2014",14,62
18,694,"Sunday, June 1, 2014",68,87
18,694,"Sunday, June 1, 2014",27,83
18,694,"Sunday, June 1, 2014",29001,86
18,694,"Sunday, June 1, 2014",62356,90
18,694,"Sunday, June 1, 2014",58001,67
18,694,"Sunday, June 1, 2014",27,85
18,694,"Sunday, June 1, 2014",57001,83
18,694,"Sunday, June 1, 2014",40003,86
18,694,"Sunday, June 1, 2014",116,90
18,694,"Sunday, June 1, 2014",43001,81
18,694,"Sunday, June 1, 2014",68001,71
18,694,"Sunday, June 1, 2014",12,77
18,694,"Sunday, June 1, 2014",35004,75
18,694,"Sunday, June 1, 2014",7001,88
18,694,"Sunday, June 1, 2014",84,78
18,694,"Sunday, June 1, 2014",7001,66
18,694,"Sunday, June 1, 2014",116,62
18,694,"Sunday, June 1, 2014",3033,64
18,694,"Sunday, June 1, 2014",39813,64
18,694,"Sunday, June 1, 2014",38848,81
18,694,"Sunday, June 1, 2014",5101,86
18,694,"Sunday, June 1, 2014",20058,65
18,694,"Sunday, June 1, 2014",12,68
18,694,"Sunday, June 1, 2014",20041,62
18,694,"Sunday, June 1, 2014",68001,62
18,694,"Sunday, June 1, 2014",59,88
18,694,"Sunday, June 1, 2014",5101,73
18,694,"Sunday, June 1, 2014",64,85
18,694,"Sunday, June 1, 2014",64,84
18,694,"Sunday, June 1, 2014",29001,79
18,694,"Sunday, June 1, 2014",48001,72
18,694,"Sunday, June 1, 2014",59,63
18,694,"Sunday, June 1, 2014",3033,66
18,694,"Sunday, June 1, 2014",67,80
18,694,"Sunday, June 1, 2014",14,71
18,694,"Sunday, June 1, 2014",53001,63
18,694,"Sunday, June 1, 2014",68,78
18,694,"Sunday, June 1, 2014",59,88
18,694,"Sunday, June 1, 2014",29001,68
18,694,"Sunday, June 1, 2014",20041,62
18,694,"Sunday, June 1, 2014",14,84
18,694,"Sunday, June 1, 2014",1,62
18,694,"Sunday, June 1, 2014",38848,65
18,694,"Sunday, June 1, 2014",20058,89
18,694,"Sunday, June 1, 2014",6001,73
18,694,"Sunday, June 1, 2014",12,83
18,694,"Sunday, June 1, 2014",84,90
18,694,"Sunday, June 1, 2014",56,67
18,694,"Sunday, June 1, 2014",82001,79
18,694,"Sunday, June 1, 2014",3033,72
18,694,"Sunday, June 1, 2014",20041,68
18,694,"Sunday, June 1, 2014",63,84
18,694,"Sunday, June 1, 2014",1,86
18,694,"Sunday, June 1, 2014",1,69
18,694,"Sunday, June 1, 2014",57001,64
18,694,"Sunday, June 1, 2014",188,84
18,694,"Sunday, June 1, 2014",42223,90
18,694,"Sunday, June 1, 2014",35004,90
18,694,"Sunday, June 1, 2014",501,65
18,694,"Sunday, June 1, 2014",5101,81
18,694,"Sunday, June 1, 2014",20041,85
18,694,"Sunday, June 1, 2014",35004,81
18,694,"Sunday, June 1, 2014",64,83
18,694,"Sunday, June 1, 2014",3033,73
18,694,"Sunday, June 1, 2014",5101,63
18,694,"Sunday, June 1, 2014",56,71
18,694,"Sunday, June 1, 2014",20058,70
18,694,"Sunday, June 1, 2014",57001,75
18,694,"Sunday, June 1, 2014",29001,78
18,694,"Sunday, June 1, 2014",39813,80
18,694,"Sunday, June 1, 2014",14,76
18,694,"Sunday, June 1, 2014",42223,73
18,694,"Sunday, June 1, 2014",59,85
18,694,"Sunday, June 1, 2014",43001,66
18,694,"Sunday, June 1, 2014",72,78
10,694,"Tuesday, October 1, 2013",20041,60
10,694,"Tuesday, October 1, 2013",1,69
10,694,"Tuesday, October 1, 2013",72,72
10,694,"Tuesday, October 1, 2013",3033,81
10,694,"Tuesday, October 1, 2013",68001,85
10,694,"Tuesday, October 1, 2013",59,68
10,694,"Tuesday, October 1, 2013",53001,79
10,694,"Tuesday, October 1, 2013",82001,61
10,694,"Tuesday, October 1, 2013",1,74
10,694,"Tuesday, October 1, 2013",42223,88
10,694,"Tuesday, October 1, 2013",66002,61
10,694,"Tuesday, October 1, 2013",116,82
10,694,"Tuesday, October 1, 2013",7001,66
10,694,"Tuesday, October 1, 2013",63,68
10,694,"Tuesday, October 1, 2013",56,76
10,694,"Tuesday, October 1, 2013",58001,63
10,694,"Tuesday, October 1, 2013",71,83
10,694,"Tuesday, October 1, 2013",68,76
10,694,"Tuesday, October 1, 2013",56,74
10,694,"Tuesday, October 1, 2013",24701,70
10,694,"Tuesday, October 1, 2013",40003,71
10,694,"Tuesday, October 1, 2013",62356,79
10,694,"Tuesday, October 1, 2013",2801,83
10,694,"Tuesday, October 1, 2013",43001,65
10,694,"Tuesday, October 1, 2013",71601,84
10,694,"Tuesday, October 1, 2013",48001,75
10,694,"Tuesday, October 1, 2013",29001,60
10,694,"Tuesday, October 1, 2013",40003,74
10,694,"Tuesday, October 1, 2013",59,69
10,694,"Tuesday, October 1, 2013",43001,89
10,694,"Tuesday, October 1, 2013",116,66
10,694,"Tuesday, October 1, 2013",188,83
10,694,"Tuesday, October 1, 2013",42223,73
10,694,"Tuesday, October 1, 2013",39813,75
10,694,"Tuesday, October 1, 2013",59,78
10,694,"Tuesday, October 1, 2013",50001,71
10,694,"Tuesday, October 1, 2013",84,71
10,694,"Tuesday, October 1, 2013",88901,72
10,694,"Tuesday, October 1, 2013",67,76
10,694,"Tuesday, October 1, 2013",63,81
10,694,"Tuesday, October 1, 2013",24701,62
10,694,"Tuesday, October 1, 2013",41,67
10,694,"Tuesday, October 1, 2013",71601,71
10,694,"Tuesday, October 1, 2013",43001,80
10,694,"Tuesday, October 1, 2013",63005,64
10,694,"Tuesday, October 1, 2013",41,60
10,694,"Tuesday, October 1, 2013",84,86
10,694,"Tuesday, October 1, 2013",59,90
10,694,"Tuesday, October 1, 2013",116,75
10,694,"Tuesday, October 1, 2013",62356,64
10,694,"Tuesday, October 1, 2013",68,82
10,694,"Tuesday, October 1, 2013",5101,64
10,694,"Tuesday, October 1, 2013",72,62
10,694,"Tuesday, October 1, 2013",14,83
10,694,"Tuesday, October 1, 2013",66002,85
10,694,"Tuesday, October 1, 2013",46001,81
10,694,"Tuesday, October 1, 2013",501,61
10,694,"Tuesday, October 1, 2013",67,65
10,694,"Tuesday, October 1, 2013",24701,63
10,694,"Tuesday, October 1, 2013",20001,86
10,694,"Tuesday, October 1, 2013",38848,88
10,694,"Tuesday, October 1, 2013",72,62
10,694,"Tuesday, October 1, 2013",15937,74
10,694,"Tuesday, October 1, 2013",58001,87
10,694,"Tuesday, October 1, 2013",66002,66
10,694,"Tuesday, October 1, 2013",116,84
10,694,"Tuesday, October 1, 2013",20058,87
10,694,"Tuesday, October 1, 2013",19701,73
10,694,"Tuesday, October 1, 2013",57001,71
10,694,"Tuesday, October 1, 2013",48001,64
10,694,"Tuesday, October 1, 2013",82001,62
10,694,"Tuesday, October 1, 2013",71,85
10,694,"Tuesday, October 1, 2013",58001,67
10,694,"Tuesday, October 1, 2013",64,86
10,694,"Tuesday, October 1, 2013",29001,66
13,694,"Wednesday, January 1, 2014",71,82
13,694,"Wednesday, January 1, 2014",62356,61
13,694,"Wednesday, January 1, 2014",5101,73
13,694,"Wednesday, January 1, 2014",88901,85
13,694,"Wednesday, January 1, 2014",29001,86
13,694,"Wednesday, January 1, 2014",50001,74
13,694,"Wednesday, January 1, 2014",42223,63
13,694,"Wednesday, January 1, 2014",20058,80
13,694,"Wednesday, January 1, 2014",50001,85
13,694,"Wednesday, January 1, 2014",19701,90
13,694,"Wednesday, January 1, 2014",67,82
13,694,"Wednesday, January 1, 2014",56,82
13,694,"Wednesday, January 1, 2014",1,69
13,694,"Wednesday, January 1, 2014",82001,71
13,694,"Wednesday, January 1, 2014",6001,60
13,694,"Wednesday, January 1, 2014",56,81
13,694,"Wednesday, January 1, 2014",5101,70
13,694,"Wednesday, January 1, 2014",68001,64
13,694,"Wednesday, January 1, 2014",14,82
13,694,"Wednesday, January 1, 2014",40003,73
13,694,"Wednesday, January 1, 2014",84,67
13,694,"Wednesday, January 1, 2014",68,62
13,694,"Wednesday, January 1, 2014",82001,86
13,694,"Wednesday, January 1, 2014",27,73
13,694,"Wednesday, January 1, 2014",58001,74
13,694,"Wednesday, January 1, 2014",48001,81
13,694,"Wednesday, January 1, 2014",62356,81
13,694,"Wednesday, January 1, 2014",41,85
13,694,"Wednesday, January 1, 2014",58001,89
13,694,"Wednesday, January 1, 2014",40003,67
13,694,"Wednesday, January 1, 2014",158,61
13,694,"Wednesday, January 1, 2014",27,77
13,694,"Wednesday, January 1, 2014",27,64
13,694,"Wednesday, January 1, 2014",42223,82
13,694,"Wednesday, January 1, 2014",68,88
13,694,"Wednesday, January 1, 2014",43001,80
13,694,"Wednesday, January 1, 2014",57001,81
13,694,"Wednesday, January 1, 2014",38848,66
13,694,"Wednesday, January 1, 2014",53001,83
13,694,"Wednesday, January 1, 2014",41,72
13,694,"Wednesday, January 1, 2014",71601,85
13,694,"Wednesday, January 1, 2014",46001,79
13,694,"Wednesday, January 1, 2014",39813,90
13,694,"Wednesday, January 1, 2014",35004,64
13,694,"Wednesday, January 1, 2014",42223,90
13,694,"Wednesday, January 1, 2014",38848,87
13,694,"Wednesday, January 1, 2014",66002,83
13,694,"Wednesday, January 1, 2014",20001,76
13,694,"Wednesday, January 1, 2014",48001,75
13,694,"Wednesday, January 1, 2014",71,76
13,694,"Wednesday, January 1, 2014",6001,69
13,694,"Wednesday, January 1, 2014",63,73
13,694,"Wednesday, January 1, 2014",53001,90
13,694,"Wednesday, January 1, 2014",58001,62
13,694,"Wednesday, January 1, 2014",50001,71
13,694,"Wednesday, January 1, 2014",66002,66
13,694,"Wednesday, January 1, 2014",40003,75
13,694,"Wednesday, January 1, 2014",27,85
13,694,"Wednesday, January 1, 2014",12,73
13,694,"Wednesday, January 1, 2014",5101,71
13,694,"Wednesday, January 1, 2014",116,89
13,694,"Wednesday, January 1, 2014",71601,89
13,694,"Wednesday, January 1, 2014",67,63
13,694,"Wednesday, January 1, 2014",116,77
13,694,"Wednesday, January 1, 2014",158,87
13,694,"Wednesday, January 1, 2014",50001,88
13,694,"Wednesday, January 1, 2014",188,78
13,694,"Wednesday, January 1, 2014",6001,67
13,694,"Wednesday, January 1, 2014",20058,88
13,694,"Wednesday, January 1, 2014",71601,75
13,694,"Wednesday, January 1, 2014",46001,62
13,694,"Wednesday, January 1, 2014",50001,81
13,694,"Wednesday, January 1, 2014",20058,69
14,694,"Saturday, February 1, 2014",56,68
14,694,"Saturday, February 1, 2014",20041,67
14,694,"Saturday, February 1, 2014",5101,79
14,694,"Saturday, February 1, 2014",59,60
14,694,"Saturday, February 1, 2014",188,60
14,694,"Saturday, February 1, 2014",20041,85
14,694,"Saturday, February 1, 2014",35004,68
14,694,"Saturday, February 1, 2014",64,90
14,694,"Saturday, February 1, 2014",158,80
14,694,"Saturday, February 1, 2014",35004,90
14,694,"Saturday, February 1, 2014",116,62
14,694,"Saturday, February 1, 2014",39813,72
14,694,"Saturday, February 1, 2014",62356,89
14,694,"Saturday, February 1, 2014",67,62
14,694,"Saturday, February 1, 2014",20041,81
14,694,"Saturday, February 1, 2014",12,72
14,694,"Saturday, February 1, 2014",63005,76
14,694,"Saturday, February 1, 2014",20001,73
14,694,"Saturday, February 1, 2014",53001,61
14,694,"Saturday, February 1, 2014",501,69
14,694,"Saturday, February 1, 2014",20041,77
14,694,"Saturday, February 1, 2014",7001,74
14,694,"Saturday, February 1, 2014",48001,69
14,694,"Saturday, February 1, 2014",88901,90
14,694,"Saturday, February 1, 2014",41,76
14,694,"Saturday, February 1, 2014",48001,63
14,694,"Saturday, February 1, 2014",15937,76
14,694,"Saturday, February 1, 2014",43001,89
14,694,"Saturday, February 1, 2014",38848,85
14,694,"Saturday, February 1, 2014",39813,65
14,694,"Saturday, February 1, 2014",58001,83
14,694,"Saturday, February 1, 2014",40003,79
14,694,"Saturday, February 1, 2014",7001,80
14,694,"Saturday, February 1, 2014",63,73
14,694,"Saturday, February 1, 2014",82001,84
14,694,"Saturday, February 1, 2014",68001,81
14,694,"Saturday, February 1, 2014",63,69
14,694,"Saturday, February 1, 2014",58001,77
14,694,"Saturday, February 1, 2014",5101,88
14,694,"Saturday, February 1, 2014",14,69
14,694,"Saturday, February 1, 2014",88901,75
14,694,"Saturday, February 1, 2014",14,78
14,694,"Saturday, February 1, 2014",1,84
14,694,"Saturday, February 1, 2014",40003,78
14,694,"Saturday, February 1, 2014",46001,63
14,694,"Saturday, February 1, 2014",501,79
14,694,"Saturday, February 1, 2014",63005,84
14,694,"Saturday, February 1, 2014",5101,75
14,694,"Saturday, February 1, 2014",24701,70
14,694,"Saturday, February 1, 2014",6001,78
14,694,"Saturday, February 1, 2014",56,78
14,694,"Saturday, February 1, 2014",71,73
14,694,"Saturday, February 1, 2014",15937,84
14,694,"Saturday, February 1, 2014",68,84
14,694,"Saturday, February 1, 2014",41,61
14,694,"Saturday, February 1, 2014",501,89
14,694,"Saturday, February 1, 2014",20041,84
14,694,"Saturday, February 1, 2014",57001,67
14,694,"Saturday, February 1, 2014",20041,82
14,694,"Saturday, February 1, 2014",57001,73
14,694,"Saturday, February 1, 2014",68,81
14,694,"Saturday, February 1, 2014",62356,71
14,694,"Saturday, February 1, 2014",158,68
14,694,"Saturday, February 1, 2014",27,61
14,694,"Saturday, February 1, 2014",38848,74
14,694,"Saturday, February 1, 2014",6001,76
14,694,"Saturday, February 1, 2014",68001,64
14,694,"Saturday, February 1, 2014",43001,90
19,694,"Tuesday, July 1, 2014",12,77
19,694,"Tuesday, July 1, 2014",63,79
19,694,"Tuesday, July 1, 2014",116,65
19,694,"Tuesday, July 1, 2014",188,72
19,694,"Tuesday, July 1, 2014",50001,62
19,694,"Tuesday, July 1, 2014",50001,60
19,694,"Tuesday, July 1, 2014",58001,67
19,694,"Tuesday, July 1, 2014",64,66
19,694,"Tuesday, July 1, 2014",2801,75
19,694,"Tuesday, July 1, 2014",20041,69
19,694,"Tuesday, July 1, 2014",46001,84
19,694,"Tuesday, July 1, 2014",58001,87
19,694,"Tuesday, July 1, 2014",63,79
19,694,"Tuesday, July 1, 2014",63,78
19,694,"Tuesday, July 1, 2014",20058,78
19,694,"Tuesday, July 1, 2014",2801,61
19,694,"Tuesday, July 1, 2014",38848,82
19,694,"Tuesday, July 1, 2014",58001,61
19,694,"Tuesday, July 1, 2014",68,84
19,694,"Tuesday, July 1, 2014",3033,63
19,694,"Tuesday, July 1, 2014",12,78
19,694,"Tuesday, July 1, 2014",39813,71
19,694,"Tuesday, July 1, 2014",50001,60
19,694,"Tuesday, July 1, 2014",3033,84
19,694,"Tuesday, July 1, 2014",62356,67
19,694,"Tuesday, July 1, 2014",1,77
19,694,"Tuesday, July 1, 2014",72,61
19,694,"Tuesday, July 1, 2014",39813,62
19,694,"Tuesday, July 1, 2014",15937,74
19,694,"Tuesday, July 1, 2014",12,64
19,694,"Tuesday, July 1, 2014",58001,73
19,694,"Tuesday, July 1, 2014",7001,71
19,694,"Tuesday, July 1, 2014",116,85
19,694,"Tuesday, July 1, 2014",50001,68
19,694,"Tuesday, July 1, 2014",24701,85
19,694,"Tuesday, July 1, 2014",116,82
19,694,"Tuesday, July 1, 2014",12,90
19,694,"Tuesday, July 1, 2014",50001,63
19,694,"Tuesday, July 1, 2014",63005,81
19,694,"Tuesday, July 1, 2014",20058,78
19,694,"Tuesday, July 1, 2014",50001,77
19,694,"Tuesday, July 1, 2014",35004,66
19,694,"Tuesday, July 1, 2014",63,81
19,694,"Tuesday, July 1, 2014",50001,66
19,694,"Tuesday, July 1, 2014",68,70
19,694,"Tuesday, July 1, 2014",66002,87
19,694,"Tuesday, July 1, 2014",59,63
19,694,"Tuesday, July 1, 2014",59,67
19,694,"Tuesday, July 1, 2014",88901,81
19,694,"Tuesday, July 1, 2014",116,89
19,694,"Tuesday, July 1, 2014",63,72
19,694,"Tuesday, July 1, 2014",24701,63
19,694,"Tuesday, July 1, 2014",88901,89
19,694,"Tuesday, July 1, 2014",82001,77
19,694,"Tuesday, July 1, 2014",19701,66
19,694,"Tuesday, July 1, 2014",63005,84
19,694,"Tuesday, July 1, 2014",38848,79
19,694,"Tuesday, July 1, 2014",39813,61
19,694,"Tuesday, July 1, 2014",64,62
19,694,"Tuesday, July 1, 2014",63005,63
19,694,"Tuesday, July 1, 2014",59,88
19,694,"Tuesday, July 1, 2014",71,71
19,694,"Tuesday, July 1, 2014",50001,67
19,694,"Tuesday, July 1, 2014",72,86
19,694,"Tuesday, July 1, 2014",43001,70
19,694,"Tuesday, July 1, 2014",39813,69
19,694,"Tuesday, July 1, 2014",501,70
15,694,"Saturday, March 1, 2014",27,76
15,694,"Saturday, March 1, 2014",116,81
15,694,"Saturday, March 1, 2014",43001,71
15,694,"Saturday, March 1, 2014",15937,78
15,694,"Saturday, March 1, 2014",82001,74
15,694,"Saturday, March 1, 2014",66002,80
15,694,"Saturday, March 1, 2014",40003,74
15,694,"Saturday, March 1, 2014",43001,82
15,694,"Saturday, March 1, 2014",29001,62
15,694,"Saturday, March 1, 2014",71601,87
15,694,"Saturday, March 1, 2014",59,64
15,694,"Saturday, March 1, 2014",41,73
15,694,"Saturday, March 1, 2014",59,60
15,694,"Saturday, March 1, 2014",50001,80
15,694,"Saturday, March 1, 2014",12,62
15,694,"Saturday, March 1, 2014",72,79
15,694,"Saturday, March 1, 2014",3033,79
15,694,"Saturday, March 1, 2014",501,86
15,694,"Saturday, March 1, 2014",71601,86
15,694,"Saturday, March 1, 2014",14,82
15,694,"Saturday, March 1, 2014",48001,77
15,694,"Saturday, March 1, 2014",68,64
15,694,"Saturday, March 1, 2014",57001,76
15,694,"Saturday, March 1, 2014",501,86
15,694,"Saturday, March 1, 2014",71,75
15,694,"Saturday, March 1, 2014",56,64
15,694,"Saturday, March 1, 2014",56,68
15,694,"Saturday, March 1, 2014",35004,70
15,694,"Saturday, March 1, 2014",56,77
15,694,"Saturday, March 1, 2014",82001,81
15,694,"Saturday, March 1, 2014",56,72
15,694,"Saturday, March 1, 2014",2801,80
15,694,"Saturday, March 1, 2014",48001,82
15,694,"Saturday, March 1, 2014",20001,84
15,694,"Saturday, March 1, 2014",46001,63
15,694,"Saturday, March 1, 2014",88901,66
15,694,"Saturday, March 1, 2014",82001,90
15,694,"Saturday, March 1, 2014",57001,69
15,694,"Saturday, March 1, 2014",63005,63
15,694,"Saturday, March 1, 2014",57001,90
15,694,"Saturday, March 1, 2014",39813,65
15,694,"Saturday, March 1, 2014",35004,75
15,694,"Saturday, March 1, 2014",48001,63
15,694,"Saturday, March 1, 2014",1,63
15,694,"Saturday, March 1, 2014",88901,76
15,694,"Saturday, March 1, 2014",15937,71
15,694,"Saturday, March 1, 2014",63005,62
15,694,"Saturday, March 1, 2014",29001,70
15,694,"Saturday, March 1, 2014",27,70
15,694,"Saturday, March 1, 2014",15937,61
15,694,"Saturday, March 1, 2014",46001,85
15,694,"Saturday, March 1, 2014",41,71
15,694,"Saturday, March 1, 2014",5101,70
15,694,"Saturday, March 1, 2014",3033,84
15,694,"Saturday, March 1, 2014",59,79
15,694,"Saturday, March 1, 2014",53001,73
15,694,"Saturday, March 1, 2014",35004,68
15,694,"Saturday, March 1, 2014",38848,71
15,694,"Saturday, March 1, 2014",88901,75
15,694,"Saturday, March 1, 2014",7001,62
15,694,"Saturday, March 1, 2014",116,76
15,694,"Saturday, March 1, 2014",68,86
15,694,"Saturday, March 1, 2014",53001,79
15,694,"Saturday, March 1, 2014",40003,83
15,694,"Saturday, March 1, 2014",501,77
15,694,"Saturday, March 1, 2014",38848,63
15,694,"Saturday, March 1, 2014",56,62
15,694,"Saturday, March 1, 2014",50001,81
15,694,"Saturday, March 1, 2014",158,67
15,694,"Saturday, March 1, 2014",88901,68
15,694,"Saturday, March 1, 2014",27,72
21,199,"Monday, September 1, 2014",71,78
21,199,"Monday, September 1, 2014",41,13
21,199,"Monday, September 1, 2014",188,65
21,199,"Monday, September 1, 2014",58001,61
21,199,"Monday, September 1, 2014",48001,74
21,199,"Monday, September 1, 2014",68,65
21,199,"Monday, September 1, 2014",56,38
21,199,"Monday, September 1, 2014",56,33
21,199,"Monday, September 1, 2014",15937,76
21,199,"Monday, September 1, 2014",66002,19
21,199,"Monday, September 1, 2014",71,78
21,199,"Monday, September 1, 2014",38848,85
21,199,"Monday, September 1, 2014",41,27
21,199,"Monday, September 1, 2014",58001,72
21,199,"Monday, September 1, 2014",57001,85
21,199,"Monday, September 1, 2014",12,23
21,199,"Monday, September 1, 2014",64,81
21,199,"Monday, September 1, 2014",116,37
21,199,"Monday, September 1, 2014",12,14
21,199,"Monday, September 1, 2014",35004,29
21,199,"Monday, September 1, 2014",53001,80
21,199,"Monday, September 1, 2014",38848,81
21,199,"Monday, September 1, 2014",71,61
21,199,"Monday, September 1, 2014",188,63
21,199,"Monday, September 1, 2014",62356,28
21,199,"Monday, September 1, 2014",19701,30
21,199,"Monday, September 1, 2014",53001,70
21,199,"Monday, September 1, 2014",82001,79
21,199,"Monday, September 1, 2014",59,74
21,199,"Monday, September 1, 2014",63,86
21,199,"Monday, September 1, 2014",19701,37
21,199,"Monday, September 1, 2014",39813,47
21,199,"Monday, September 1, 2014",72,69
21,199,"Monday, September 1, 2014",14,15
21,199,"Monday, September 1, 2014",62356,21
21,199,"Monday, September 1, 2014",27,38
21,199,"Monday, September 1, 2014",501,68
21,199,"Monday, September 1, 2014",50001,38
21,199,"Monday, September 1, 2014",58001,76
21,199,"Monday, September 1, 2014",27,41
21,199,"Monday, September 1, 2014",88901,63
21,199,"Monday, September 1, 2014",14,33
21,199,"Monday, September 1, 2014",88901,84
21,199,"Monday, September 1, 2014",3033,65
21,199,"Monday, September 1, 2014",64,61
21,199,"Monday, September 1, 2014",3033,66
21,199,"Monday, September 1, 2014",46001,33
21,199,"Monday, September 1, 2014",14,17
21,199,"Monday, September 1, 2014",38848,86
21,199,"Monday, September 1, 2014",1,22
21,199,"Monday, September 1, 2014",38848,70
21,199,"Monday, September 1, 2014",82001,71
21,199,"Monday, September 1, 2014",68,86
21,199,"Monday, September 1, 2014",27,20
21,199,"Monday, September 1, 2014",1,23
21,199,"Monday, September 1, 2014",71601,13
21,199,"Monday, September 1, 2014",72,65
21,199,"Monday, September 1, 2014",63,81
21,199,"Monday, September 1, 2014",88901,86
21,199,"Monday, September 1, 2014",188,83
21,199,"Monday, September 1, 2014",38848,61
21,199,"Monday, September 1, 2014",24701,82
21,199,"Monday, September 1, 2014",53001,78
21,199,"Monday, September 1, 2014",3033,73
21,199,"Monday, September 1, 2014",20041,74
21,199,"Monday, September 1, 2014",48001,71
21,199,"Monday, September 1, 2014",58001,88
21,199,"Monday, September 1, 2014",56,14
21,199,"Monday, September 1, 2014",46001,28
21,199,"Monday, September 1, 2014",48001,75
21,199,"Monday, September 1, 2014",57001,60
21,199,"Monday, September 1, 2014",40003,23
16,199,"Tuesday, April 1, 2014",66002,35
16,199,"Tuesday, April 1, 2014",63,81
16,199,"Tuesday, April 1, 2014",20041,89
16,199,"Tuesday, April 1, 2014",2801,84
16,199,"Tuesday, April 1, 2014",59,83
16,199,"Tuesday, April 1, 2014",158,25
16,199,"Tuesday, April 1, 2014",14,16
16,199,"Tuesday, April 1, 2014",12,12
16,199,"Tuesday, April 1, 2014",66002,40
16,199,"Tuesday, April 1, 2014",67,84
16,199,"Tuesday, April 1, 2014",71601,33
16,199,"Tuesday, April 1, 2014",20041,64
16,199,"Tuesday, April 1, 2014",20041,77
16,199,"Tuesday, April 1, 2014",64,66
16,199,"Tuesday, April 1, 2014",84,67
16,199,"Tuesday, April 1, 2014",46001,46
16,199,"Tuesday, April 1, 2014",68,81
16,199,"Tuesday, April 1, 2014",58001,69
16,199,"Tuesday, April 1, 2014",116,12
16,199,"Tuesday, April 1, 2014",46001,33
16,199,"Tuesday, April 1, 2014",64,69
16,199,"Tuesday, April 1, 2014",116,29
16,199,"Tuesday, April 1, 2014",29001,90
16,199,"Tuesday, April 1, 2014",48001,82
16,199,"Tuesday, April 1, 2014",38848,90
16,199,"Tuesday, April 1, 2014",68001,88
16,199,"Tuesday, April 1, 2014",6001,35
16,199,"Tuesday, April 1, 2014",56,16
16,199,"Tuesday, April 1, 2014",40003,28
16,199,"Tuesday, April 1, 2014",5101,84
16,199,"Tuesday, April 1, 2014",41,24
16,199,"Tuesday, April 1, 2014",29001,81
16,199,"Tuesday, April 1, 2014",38848,61
16,199,"Tuesday, April 1, 2014",68,87
16,199,"Tuesday, April 1, 2014",41,46
16,199,"Tuesday, April 1, 2014",63005,87
16,199,"Tuesday, April 1, 2014",62356,40
16,199,"Tuesday, April 1, 2014",63,72
16,199,"Tuesday, April 1, 2014",71601,14
16,199,"Tuesday, April 1, 2014",43001,71
16,199,"Tuesday, April 1, 2014",39813,43
16,199,"Tuesday, April 1, 2014",72,83
16,199,"Tuesday, April 1, 2014",56,45
16,199,"Tuesday, April 1, 2014",71601,40
16,199,"Tuesday, April 1, 2014",66002,26
16,199,"Tuesday, April 1, 2014",63005,62
16,199,"Tuesday, April 1, 2014",5101,74
16,199,"Tuesday, April 1, 2014",71601,36
16,199,"Tuesday, April 1, 2014",53001,76
16,199,"Tuesday, April 1, 2014",43001,69
16,199,"Tuesday, April 1, 2014",67,75
16,199,"Tuesday, April 1, 2014",72,70
16,199,"Tuesday, April 1, 2014",20041,88
16,199,"Tuesday, April 1, 2014",56,14
16,199,"Tuesday, April 1, 2014",88901,88
16,199,"Tuesday, April 1, 2014",20001,26
16,199,"Tuesday, April 1, 2014",2801,83
16,199,"Tuesday, April 1, 2014",84,84
16,199,"Tuesday, April 1, 2014",20041,68
16,199,"Tuesday, April 1, 2014",46001,12
24,199,"Monday, December 1, 2014",12,14
24,199,"Monday, December 1, 2014",5101,71
24,199,"Monday, December 1, 2014",59,81
24,199,"Monday, December 1, 2014",58001,70
24,199,"Monday, December 1, 2014",41,30
24,199,"Monday, December 1, 2014",72,61
24,199,"Monday, December 1, 2014",42223,72
24,199,"Monday, December 1, 2014",71601,13
24,199,"Monday, December 1, 2014",71,87
24,199,"Monday, December 1, 2014",63005,65
24,199,"Monday, December 1, 2014",84,84
24,199,"Monday, December 1, 2014",1,37
24,199,"Monday, December 1, 2014",64,90
24,199,"Monday, December 1, 2014",59,81
24,199,"Monday, December 1, 2014",63005,73
24,199,"Monday, December 1, 2014",3033,64
24,199,"Monday, December 1, 2014",41,16
24,199,"Monday, December 1, 2014",7001,85
24,199,"Monday, December 1, 2014",88901,60
24,199,"Monday, December 1, 2014",24701,87
24,199,"Monday, December 1, 2014",39813,33
24,199,"Monday, December 1, 2014",62356,16
24,199,"Monday, December 1, 2014",71,81
24,199,"Monday, December 1, 2014",5101,65
24,199,"Monday, December 1, 2014",43001,75
24,199,"Monday, December 1, 2014",7001,82
24,199,"Monday, December 1, 2014",41,22
24,199,"Monday, December 1, 2014",7001,67
24,199,"Monday, December 1, 2014",63005,68
24,199,"Monday, December 1, 2014",20001,29
24,199,"Monday, December 1, 2014",53001,76
24,199,"Monday, December 1, 2014",46001,43
24,199,"Monday, December 1, 2014",68001,89
24,199,"Monday, December 1, 2014",24701,90
24,199,"Monday, December 1, 2014",53001,87
24,199,"Monday, December 1, 2014",62356,40
24,199,"Monday, December 1, 2014",19701,11
24,199,"Monday, December 1, 2014",158,19
24,199,"Monday, December 1, 2014",48001,71
24,199,"Monday, December 1, 2014",2801,87
24,199,"Monday, December 1, 2014",35004,34
24,199,"Monday, December 1, 2014",50001,16
24,199,"Monday, December 1, 2014",58001,77
24,199,"Monday, December 1, 2014",62356,50
24,199,"Monday, December 1, 2014",29001,86
24,199,"Monday, December 1, 2014",29001,68
24,199,"Monday, December 1, 2014",57001,78
24,199,"Monday, December 1, 2014",35004,14
24,199,"Monday, December 1, 2014",42223,85
24,199,"Monday, December 1, 2014",6001,14
24,199,"Monday, December 1, 2014",41,39
24,199,"Monday, December 1, 2014",88901,87
24,199,"Monday, December 1, 2014",42223,90
24,199,"Monday, December 1, 2014",2801,64
24,199,"Monday, December 1, 2014",50001,42
24,199,"Monday, December 1, 2014",6001,31
24,199,"Monday, December 1, 2014",64,60
24,199,"Monday, December 1, 2014",188,77
24,199,"Monday, December 1, 2014",50001,11
24,199,"Monday, December 1, 2014",501,83
24,199,"Monday, December 1, 2014",501,83
24,199,"Monday, December 1, 2014",88901,76
24,199,"Monday, December 1, 2014",84,87
24,199,"Monday, December 1, 2014",63,74
24,199,"Monday, December 1, 2014",48001,79
24,199,"Monday, December 1, 2014",40003,25
24,199,"Monday, December 1, 2014",58001,81
24,199,"Monday, December 1, 2014",6001,16
24,199,"Monday, December 1, 2014",24701,82
24,199,"Monday, December 1, 2014",40003,33
24,199,"Monday, December 1, 2014",158,47
24,199,"Monday, December 1, 2014",46001,49
24,199,"Monday, December 1, 2014",27,27
24,199,"Monday, December 1, 2014",20001,49
24,199,"Monday, December 1, 2014",82001,77
24,199,"Monday, December 1, 2014",24701,77
8,199,"Thursday, August 1, 2013",2801,77
8,199,"Thursday, August 1, 2013",6001,33
8,199,"Thursday, August 1, 2013",35004,47
8,199,"Thursday, August 1, 2013",41,40
8,199,"Thursday, August 1, 2013",20001,45
8,199,"Thursday, August 1, 2013",64,90
8,199,"Thursday, August 1, 2013",71,66
8,199,"Thursday, August 1, 2013",42223,68
8,199,"Thursday, August 1, 2013",24701,73
8,199,"Thursday, August 1, 2013",20058,70
8,199,"Thursday, August 1, 2013",188,84
8,199,"Thursday, August 1, 2013",188,65
8,199,"Thursday, August 1, 2013",58001,63
8,199,"Thursday, August 1, 2013",116,49
8,199,"Thursday, August 1, 2013",42223,64
8,199,"Thursday, August 1, 2013",19701,42
8,199,"Thursday, August 1, 2013",41,18
8,199,"Thursday, August 1, 2013",20041,71
8,199,"Thursday, August 1, 2013",188,67
8,199,"Thursday, August 1, 2013",1,41
8,199,"Thursday, August 1, 2013",1,17
8,199,"Thursday, August 1, 2013",35004,17
8,199,"Thursday, August 1, 2013",71601,18
8,199,"Thursday, August 1, 2013",68001,70
8,199,"Thursday, August 1, 2013",158,13
8,199,"Thursday, August 1, 2013",39813,31
8,199,"Thursday, August 1, 2013",27,21
8,199,"Thursday, August 1, 2013",58001,62
8,199,"Thursday, August 1, 2013",19701,12
8,199,"Thursday, August 1, 2013",88901,82
8,199,"Thursday, August 1, 2013",41,16
8,199,"Thursday, August 1, 2013",43001,70
8,199,"Thursday, August 1, 2013",71,84
8,199,"Thursday, August 1, 2013",67,79
8,199,"Thursday, August 1, 2013",39813,30
8,199,"Thursday, August 1, 2013",6001,14
8,199,"Thursday, August 1, 2013",6001,46
8,199,"Thursday, August 1, 2013",50001,50
8,199,"Thursday, August 1, 2013",2801,89
8,199,"Thursday, August 1, 2013",19701,22
8,199,"Thursday, August 1, 2013",50001,12
8,199,"Thursday, August 1, 2013",63005,76
8,199,"Thursday, August 1, 2013",3033,66
8,199,"Thursday, August 1, 2013",29001,90
8,199,"Thursday, August 1, 2013",46001,41
8,199,"Thursday, August 1, 2013",71601,37
8,199,"Thursday, August 1, 2013",1,15
8,199,"Thursday, August 1, 2013",53001,71
8,199,"Thursday, August 1, 2013",68001,80
8,199,"Thursday, August 1, 2013",72,83
8,199,"Thursday, August 1, 2013",71,74
8,199,"Thursday, August 1, 2013",53001,79
8,199,"Thursday, August 1, 2013",63005,82
8,199,"Thursday, August 1, 2013",116,44
8,199,"Thursday, August 1, 2013",42223,68
8,199,"Thursday, August 1, 2013",35004,14
8,199,"Thursday, August 1, 2013",40003,36
8,199,"Thursday, August 1, 2013",62356,22
8,199,"Thursday, August 1, 2013",48001,74
8,199,"Thursday, August 1, 2013",20001,32
8,199,"Thursday, August 1, 2013",35004,49
8,199,"Thursday, August 1, 2013",20041,87
8,199,"Thursday, August 1, 2013",29001,80
8,199,"Thursday, August 1, 2013",38848,84
8,199,"Thursday, August 1, 2013",53001,83
8,199,"Thursday, August 1, 2013",62356,17
8,199,"Thursday, August 1, 2013",48001,64
8,199,"Thursday, August 1, 2013",40003,44
8,199,"Thursday, August 1, 2013",20041,68
8,199,"Thursday, August 1, 2013",62356,12
8,199,"Thursday, August 1, 2013",53001,70
8,199,"Thursday, August 1, 2013",71,66
8,199,"Thursday, August 1, 2013",14,37
8,199,"Thursday, August 1, 2013",58001,60
8,199,"Thursday, August 1, 2013",64,85
8,199,"Thursday, August 1, 2013",82001,67
8,199,"Thursday, August 1, 2013",88901,63
14,199,"Saturday, February 1, 2014",58001,87
14,199,"Saturday, February 1, 2014",20001,50
14,199,"Saturday, February 1, 2014",67,81
14,199,"Saturday, February 1, 2014",188,77
14,199,"Saturday, February 1, 2014",6001,40
14,199,"Saturday, February 1, 2014",71601,18
14,199,"Saturday, February 1, 2014",56,23
14,199,"Saturday, February 1, 2014",88901,76
14,199,"Saturday, February 1, 2014",82001,89
14,199,"Saturday, February 1, 2014",38848,65
14,199,"Saturday, February 1, 2014",2801,66
14,199,"Saturday, February 1, 2014",68,72
14,199,"Saturday, February 1, 2014",58001,63
14,199,"Saturday, February 1, 2014",14,30
14,199,"Saturday, February 1, 2014",188,82
14,199,"Saturday, February 1, 2014",71601,29
14,199,"Saturday, February 1, 2014",56,13
14,199,"Saturday, February 1, 2014",19701,11
14,199,"Saturday, February 1, 2014",68001,63
14,199,"Saturday, February 1, 2014",501,64
14,199,"Saturday, February 1, 2014",20041,65
14,199,"Saturday, February 1, 2014",68001,84
14,199,"Saturday, February 1, 2014",64,62
14,199,"Saturday, February 1, 2014",66002,46
14,199,"Saturday, February 1, 2014",59,64
14,199,"Saturday, February 1, 2014",39813,31
14,199,"Saturday, February 1, 2014",40003,42
14,199,"Saturday, February 1, 2014",19701,50
14,199,"Saturday, February 1, 2014",84,61
14,199,"Saturday, February 1, 2014",63,83
14,199,"Saturday, February 1, 2014",14,36
14,199,"Saturday, February 1, 2014",27,10
14,199,"Saturday, February 1, 2014",188,61
14,199,"Saturday, February 1, 2014",2801,84
14,199,"Saturday, February 1, 2014",68,63
14,199,"Saturday, February 1, 2014",116,24
14,199,"Saturday, February 1, 2014",63,68
14,199,"Saturday, February 1, 2014",20001,17
14,199,"Saturday, February 1, 2014",116,30
14,199,"Saturday, February 1, 2014",19701,11
14,199,"Saturday, February 1, 2014",24701,65
14,199,"Saturday, February 1, 2014",158,39
14,199,"Saturday, February 1, 2014",20058,76
14,199,"Saturday, February 1, 2014",20001,44
14,199,"Saturday, February 1, 2014",24701,71
14,199,"Saturday, February 1, 2014",1,47
14,199,"Saturday, February 1, 2014",188,84
14,199,"Saturday, February 1, 2014",46001,10
14,199,"Saturday, February 1, 2014",24701,81
14,199,"Saturday, February 1, 2014",38848,87
14,199,"Saturday, February 1, 2014",1,20
14,199,"Saturday, February 1, 2014",29001,73
14,199,"Saturday, February 1, 2014",24701,80
14,199,"Saturday, February 1, 2014",71601,22
14,199,"Saturday, February 1, 2014",24701,63
14,199,"Saturday, February 1, 2014",2801,73
14,199,"Saturday, February 1, 2014",29001,85
14,199,"Saturday, February 1, 2014",50001,24
14,199,"Saturday, February 1, 2014",68,65
14,199,"Saturday, February 1, 2014",1,50
14,199,"Saturday, February 1, 2014",41,23
14,199,"Saturday, February 1, 2014",48001,83
14,199,"Saturday, February 1, 2014",71601,47
14,199,"Saturday, February 1, 2014",12,41
14,199,"Saturday, February 1, 2014",50001,19
14,199,"Saturday, February 1, 2014",20041,90
14,199,"Saturday, February 1, 2014",27,44
14,199,"Saturday, February 1, 2014",29001,78
14,199,"Saturday, February 1, 2014",39813,26
14,199,"Saturday, February 1, 2014",19701,27
14,199,"Saturday, February 1, 2014",39813,26
14,199,"Saturday, February 1, 2014",88901,68
14,199,"Saturday, February 1, 2014",53001,81
14,199,"Saturday, February 1, 2014",68,68
14,199,"Saturday, February 1, 2014",64,78
14,199,"Saturday, February 1, 2014",71601,21
14,199,"Saturday, February 1, 2014",67,88
14,199,"Saturday, February 1, 2014",82001,68
7,199,"Monday, July 1, 2013",41,24
7,199,"Monday, July 1, 2013",71,82
7,199,"Monday, July 1, 2013",3033,66
7,199,"Monday, July 1, 2013",14,13
7,199,"Monday, July 1, 2013",82001,88
7,199,"Monday, July 1, 2013",67,77
7,199,"Monday, July 1, 2013",188,86
7,199,"Monday, July 1, 2013",188,83
7,199,"Monday, July 1, 2013",46001,21
7,199,"Monday, July 1, 2013",19701,18
7,199,"Monday, July 1, 2013",50001,25
7,199,"Monday, July 1, 2013",188,68
7,199,"Monday, July 1, 2013",188,81
7,199,"Monday, July 1, 2013",20058,78
7,199,"Monday, July 1, 2013",56,14
7,199,"Monday, July 1, 2013",71,61
7,199,"Monday, July 1, 2013",39813,28
7,199,"Monday, July 1, 2013",158,34
7,199,"Monday, July 1, 2013",20058,72
7,199,"Monday, July 1, 2013",158,40
7,199,"Monday, July 1, 2013",20058,74
7,199,"Monday, July 1, 2013",24701,61
7,199,"Monday, July 1, 2013",29001,67
7,199,"Monday, July 1, 2013",57001,66
7,199,"Monday, July 1, 2013",24701,71
7,199,"Monday, July 1, 2013",20001,44
7,199,"Monday, July 1, 2013",5101,62
7,199,"Monday, July 1, 2013",2801,85
7,199,"Monday, July 1, 2013",68,74
7,199,"Monday, July 1, 2013",20001,40
7,199,"Monday, July 1, 2013",40003,19
7,199,"Monday, July 1, 2013",53001,82
7,199,"Monday, July 1, 2013",66002,48
7,199,"Monday, July 1, 2013",67,80
7,199,"Monday, July 1, 2013",48001,83
7,199,"Monday, July 1, 2013",48001,72
7,199,"Monday, July 1, 2013",43001,87
7,199,"Monday, July 1, 2013",2801,87
7,199,"Monday, July 1, 2013",59,70
7,199,"Monday, July 1, 2013",3033,75
7,199,"Monday, July 1, 2013",58001,65
7,199,"Monday, July 1, 2013",42223,60
7,199,"Monday, July 1, 2013",50001,16
7,199,"Monday, July 1, 2013",158,11
7,199,"Monday, July 1, 2013",68001,87
7,199,"Monday, July 1, 2013",66002,10
7,199,"Monday, July 1, 2013",59,74
7,199,"Monday, July 1, 2013",84,88
7,199,"Monday, July 1, 2013",71601,43
7,199,"Monday, July 1, 2013",27,28
7,199,"Monday, July 1, 2013",39813,39
7,199,"Monday, July 1, 2013",19701,35
7,199,"Monday, July 1, 2013",6001,30
7,199,"Monday, July 1, 2013",2801,83
7,199,"Monday, July 1, 2013",68,64
7,199,"Monday, July 1, 2013",12,16
7,199,"Monday, July 1, 2013",50001,17
7,199,"Monday, July 1, 2013",116,14
7,199,"Monday, July 1, 2013",64,78
7,199,"Monday, July 1, 2013",48001,68
7,199,"Monday, July 1, 2013",15937,60
7,199,"Monday, July 1, 2013",29001,86
7,199,"Monday, July 1, 2013",29001,68
7,199,"Monday, July 1, 2013",58001,82
7,199,"Monday, July 1, 2013",48001,73
7,199,"Monday, July 1, 2013",42223,60
7,199,"Monday, July 1, 2013",35004,36
7,199,"Monday, July 1, 2013",50001,24
7,199,"Monday, July 1, 2013",35004,47
7,199,"Monday, July 1, 2013",41,38
7,199,"Monday, July 1, 2013",66002,34
7,199,"Monday, July 1, 2013",12,29
7,199,"Monday, July 1, 2013",62356,12
7,199,"Monday, July 1, 2013",64,73
7,199,"Monday, July 1, 2013",58001,62
7,199,"Monday, July 1, 2013",56,37
7,199,"Monday, July 1, 2013",53001,86
7,199,"Monday, July 1, 2013",64,78
20,199,"Friday, August 1, 2014",2801,73
20,199,"Friday, August 1, 2014",116,24
20,199,"Friday, August 1, 2014",63,61
20,199,"Friday, August 1, 2014",63005,64
20,199,"Friday, August 1, 2014",48001,60
20,199,"Friday, August 1, 2014",158,25
20,199,"Friday, August 1, 2014",84,81
20,199,"Friday, August 1, 2014",63,89
20,199,"Friday, August 1, 2014",56,40
20,199,"Friday, August 1, 2014",48001,70
20,199,"Friday, August 1, 2014",501,74
20,199,"Friday, August 1, 2014",67,84
20,199,"Friday, August 1, 2014",71601,20
20,199,"Friday, August 1, 2014",71,61
20,199,"Friday, August 1, 2014",46001,13
20,199,"Friday, August 1, 2014",62356,20
20,199,"Friday, August 1, 2014",48001,76
20,199,"Friday, August 1, 2014",40003,42
20,199,"Friday, August 1, 2014",501,82
20,199,"Friday, August 1, 2014",116,42
20,199,"Friday, August 1, 2014",71,77
20,199,"Friday, August 1, 2014",38848,80
20,199,"Friday, August 1, 2014",27,43
20,199,"Friday, August 1, 2014",12,23
20,199,"Friday, August 1, 2014",20058,66
20,199,"Friday, August 1, 2014",158,34
20,199,"Friday, August 1, 2014",88901,83
20,199,"Friday, August 1, 2014",71,81
20,199,"Friday, August 1, 2014",58001,62
20,199,"Friday, August 1, 2014",53001,61
20,199,"Friday, August 1, 2014",63005,88
20,199,"Friday, August 1, 2014",58001,64
20,199,"Friday, August 1, 2014",68,60
20,199,"Friday, August 1, 2014",5101,72
20,199,"Friday, August 1, 2014",2801,78
20,199,"Friday, August 1, 2014",188,62
20,199,"Friday, August 1, 2014",48001,79
20,199,"Friday, August 1, 2014",41,21
20,199,"Friday, August 1, 2014",88901,90
20,199,"Friday, August 1, 2014",48001,85
20,199,"Friday, August 1, 2014",6001,24
20,199,"Friday, August 1, 2014",88901,82
20,199,"Friday, August 1, 2014",40003,21
20,199,"Friday, August 1, 2014",38848,76
20,199,"Friday, August 1, 2014",46001,49
20,199,"Friday, August 1, 2014",58001,80
20,199,"Friday, August 1, 2014",63,62
20,199,"Friday, August 1, 2014",20058,89
20,199,"Friday, August 1, 2014",39813,33
20,199,"Friday, August 1, 2014",40003,29
20,199,"Friday, August 1, 2014",43001,72
20,199,"Friday, August 1, 2014",12,30
20,199,"Friday, August 1, 2014",56,35
20,199,"Friday, August 1, 2014",3033,86
20,199,"Friday, August 1, 2014",20058,89
20,199,"Friday, August 1, 2014",12,14
20,199,"Friday, August 1, 2014",56,45
20,199,"Friday, August 1, 2014",40003,33
20,199,"Friday, August 1, 2014",43001,66
20,199,"Friday, August 1, 2014",7001,68
20,199,"Friday, August 1, 2014",48001,61
20,199,"Friday, August 1, 2014",53001,74
20,199,"Friday, August 1, 2014",38848,81
20,199,"Friday, August 1, 2014",66002,31
20,199,"Friday, August 1, 2014",12,18
20,199,"Friday, August 1, 2014",63,64
20,199,"Friday, August 1, 2014",53001,80
20,199,"Friday, August 1, 2014",84,66
20,199,"Friday, August 1, 2014",15937,78
20,199,"Friday, August 1, 2014",72,63
20,199,"Friday, August 1, 2014",15937,61
20,199,"Friday, August 1, 2014",24701,69
20,199,"Friday, August 1, 2014",2801,63
20,199,"Friday, August 1, 2014",50001,48
20,199,"Friday, August 1, 2014",58001,89
20,199,"Friday, August 1, 2014",58001,74
20,199,"Friday, August 1, 2014",14,14
20,199,"Friday, August 1, 2014",58001,62
20,199,"Friday, August 1, 2014",29001,84
11,199,"Friday, November 1, 2013",53001,61
11,199,"Friday, November 1, 2013",5101,60
11,199,"Friday, November 1, 2013",35004,17
11,199,"Friday, November 1, 2013",39813,39
11,199,"Friday, November 1, 2013",7001,72
11,199,"Friday, November 1, 2013",40003,21
11,199,"Friday, November 1, 2013",82001,62
11,199,"Friday, November 1, 2013",71601,35
11,199,"Friday, November 1, 2013",39813,17
11,199,"Friday, November 1, 2013",64,63
11,199,"Friday, November 1, 2013",58001,64
11,199,"Friday, November 1, 2013",20041,69
11,199,"Friday, November 1, 2013",2801,74
11,199,"Friday, November 1, 2013",39813,29
11,199,"Friday, November 1, 2013",2801,87
11,199,"Friday, November 1, 2013",71601,20
11,199,"Friday, November 1, 2013",58001,74
11,199,"Friday, November 1, 2013",62356,46
11,199,"Friday, November 1, 2013",43001,88
11,199,"Friday, November 1, 2013",66002,21
11,199,"Friday, November 1, 2013",6001,25
11,199,"Friday, November 1, 2013",66002,24
11,199,"Friday, November 1, 2013",66002,49
11,199,"Friday, November 1, 2013",158,22
11,199,"Friday, November 1, 2013",20001,14
11,199,"Friday, November 1, 2013",27,46
11,199,"Friday, November 1, 2013",20041,84
11,199,"Friday, November 1, 2013",67,85
11,199,"Friday, November 1, 2013",71601,48
11,199,"Friday, November 1, 2013",67,61
11,199,"Friday, November 1, 2013",39813,48
11,199,"Friday, November 1, 2013",82001,83
11,199,"Friday, November 1, 2013",48001,70
11,199,"Friday, November 1, 2013",72,73
11,199,"Friday, November 1, 2013",66002,34
11,199,"Friday, November 1, 2013",53001,79
11,199,"Friday, November 1, 2013",68,76
11,199,"Friday, November 1, 2013",2801,73
11,199,"Friday, November 1, 2013",66002,18
11,199,"Friday, November 1, 2013",5101,60
11,199,"Friday, November 1, 2013",6001,14
11,199,"Friday, November 1, 2013",188,79
11,199,"Friday, November 1, 2013",68,76
11,199,"Friday, November 1, 2013",3033,77
11,199,"Friday, November 1, 2013",19701,16
11,199,"Friday, November 1, 2013",63005,66
11,199,"Friday, November 1, 2013",53001,61
11,199,"Friday, November 1, 2013",68,70
11,199,"Friday, November 1, 2013",59,72
11,199,"Friday, November 1, 2013",68001,61
11,199,"Friday, November 1, 2013",41,16
11,199,"Friday, November 1, 2013",12,18
11,199,"Friday, November 1, 2013",24701,84
11,199,"Friday, November 1, 2013",40003,33
11,199,"Friday, November 1, 2013",6001,27
11,199,"Friday, November 1, 2013",59,62
11,199,"Friday, November 1, 2013",43001,78
11,199,"Friday, November 1, 2013",64,74
11,199,"Friday, November 1, 2013",158,41
11,199,"Friday, November 1, 2013",188,75
11,199,"Friday, November 1, 2013",5101,63
11,199,"Friday, November 1, 2013",58001,78
11,199,"Friday, November 1, 2013",24701,84
11,199,"Friday, November 1, 2013",35004,42
11,199,"Friday, November 1, 2013",6001,37
11,199,"Friday, November 1, 2013",62356,13
11,199,"Friday, November 1, 2013",66002,45
11,199,"Friday, November 1, 2013",88901,71
11,199,"Friday, November 1, 2013",58001,80
11,199,"Friday, November 1, 2013",72,63
11,199,"Friday, November 1, 2013",84,75
11,199,"Friday, November 1, 2013",35004,16
11,199,"Friday, November 1, 2013",116,42
11,199,"Friday, November 1, 2013",501,62
11,199,"Friday, November 1, 2013",63005,74
11,199,"Friday, November 1, 2013",53001,73
11,199,"Friday, November 1, 2013",20041,66
11,199,"Friday, November 1, 2013",39813,27
11,199,"Friday, November 1, 2013",19701,40
18,199,"Sunday, June 1, 2014",1,21
18,199,"Sunday, June 1, 2014",501,77
18,199,"Sunday, June 1, 2014",40003,29
18,199,"Sunday, June 1, 2014",67,82
18,199,"Sunday, June 1, 2014",68,85
18,199,"Sunday, June 1, 2014",68,76
18,199,"Sunday, June 1, 2014",71,81
18,199,"Sunday, June 1, 2014",57001,71
18,199,"Sunday, June 1, 2014",5101,68
18,199,"Sunday, June 1, 2014",46001,34
18,199,"Sunday, June 1, 2014",67,76
18,199,"Sunday, June 1, 2014",59,89
18,199,"Sunday, June 1, 2014",59,84
18,199,"Sunday, June 1, 2014",41,29
18,199,"Sunday, June 1, 2014",38848,74
18,199,"Sunday, June 1, 2014",41,37
18,199,"Sunday, June 1, 2014",56,12
18,199,"Sunday, June 1, 2014",2801,71
18,199,"Sunday, June 1, 2014",68,75
18,199,"Sunday, June 1, 2014",501,88
18,199,"Sunday, June 1, 2014",20041,84
18,199,"Sunday, June 1, 2014",68,88
18,199,"Sunday, June 1, 2014",53001,76
18,199,"Sunday, June 1, 2014",48001,64
18,199,"Sunday, June 1, 2014",40003,33
18,199,"Sunday, June 1, 2014",20001,46
18,199,"Sunday, June 1, 2014",67,79
18,199,"Sunday, June 1, 2014",59,66
18,199,"Sunday, June 1, 2014",29001,63
18,199,"Sunday, June 1, 2014",3033,75
18,199,"Sunday, June 1, 2014",6001,48
18,199,"Sunday, June 1, 2014",82001,80
18,199,"Sunday, June 1, 2014",2801,63
18,199,"Sunday, June 1, 2014",39813,20
18,199,"Sunday, June 1, 2014",57001,72
18,199,"Sunday, June 1, 2014",3033,72
18,199,"Sunday, June 1, 2014",59,84
18,199,"Sunday, June 1, 2014",188,81
18,199,"Sunday, June 1, 2014",46001,28
18,199,"Sunday, June 1, 2014",41,36
18,199,"Sunday, June 1, 2014",27,20
18,199,"Sunday, June 1, 2014",158,22
18,199,"Sunday, June 1, 2014",40003,14
18,199,"Sunday, June 1, 2014",1,50
18,199,"Sunday, June 1, 2014",158,16
18,199,"Sunday, June 1, 2014",43001,62
18,199,"Sunday, June 1, 2014",3033,62
18,199,"Sunday, June 1, 2014",1,49
18,199,"Sunday, June 1, 2014",71,71
18,199,"Sunday, June 1, 2014",68,89
18,199,"Sunday, June 1, 2014",38848,60
18,199,"Sunday, June 1, 2014",27,15
18,199,"Sunday, June 1, 2014",58001,75
18,199,"Sunday, June 1, 2014",158,20
18,199,"Sunday, June 1, 2014",62356,17
18,199,"Sunday, June 1, 2014",2801,66
18,199,"Sunday, June 1, 2014",68001,88
18,199,"Sunday, June 1, 2014",57001,65
18,199,"Sunday, June 1, 2014",20041,87
18,199,"Sunday, June 1, 2014",82001,86
18,199,"Sunday, June 1, 2014",7001,79
18,199,"Sunday, June 1, 2014",50001,46
18,199,"Sunday, June 1, 2014",158,41
18,199,"Sunday, June 1, 2014",24701,84
18,199,"Sunday, June 1, 2014",59,60
18,199,"Sunday, June 1, 2014",46001,27
18,199,"Sunday, June 1, 2014",5101,85
18,199,"Sunday, June 1, 2014",84,84
18,199,"Sunday, June 1, 2014",72,61
18,199,"Sunday, June 1, 2014",12,18
18,199,"Sunday, June 1, 2014",64,70
18,199,"Sunday, June 1, 2014",20001,37
18,199,"Sunday, June 1, 2014",5101,73
18,199,"Sunday, June 1, 2014",19701,17
18,199,"Sunday, June 1, 2014",62356,13
18,199,"Sunday, June 1, 2014",2801,81
18,199,"Sunday, June 1, 2014",72,82
18,199,"Sunday, June 1, 2014",41,12
18,199,"Sunday, June 1, 2014",67,65
18,199,"Sunday, June 1, 2014",82001,89
18,199,"Sunday, June 1, 2014",7001,87
13,199,"Wednesday, January 1, 2014",6001,44
13,199,"Wednesday, January 1, 2014",158,29
13,199,"Wednesday, January 1, 2014",57001,77
13,199,"Wednesday, January 1, 2014",7001,73
13,199,"Wednesday, January 1, 2014",20001,39
13,199,"Wednesday, January 1, 2014",50001,41
13,199,"Wednesday, January 1, 2014",82001,62
13,199,"Wednesday, January 1, 2014",501,85
13,199,"Wednesday, January 1, 2014",56,19
13,199,"Wednesday, January 1, 2014",71,72
13,199,"Wednesday, January 1, 2014",501,64
13,199,"Wednesday, January 1, 2014",59,76
13,199,"Wednesday, January 1, 2014",29001,72
13,199,"Wednesday, January 1, 2014",24701,75
13,199,"Wednesday, January 1, 2014",64,64
13,199,"Wednesday, January 1, 2014",82001,66
13,199,"Wednesday, January 1, 2014",20001,28
13,199,"Wednesday, January 1, 2014",188,81
13,199,"Wednesday, January 1, 2014",1,17
13,199,"Wednesday, January 1, 2014",62356,43
13,199,"Wednesday, January 1, 2014",7001,75
13,199,"Wednesday, January 1, 2014",63005,80
13,199,"Wednesday, January 1, 2014",59,64
13,199,"Wednesday, January 1, 2014",46001,23
13,199,"Wednesday, January 1, 2014",56,50
13,199,"Wednesday, January 1, 2014",5101,89
13,199,"Wednesday, January 1, 2014",2801,67
13,199,"Wednesday, January 1, 2014",43001,66
13,199,"Wednesday, January 1, 2014",12,50
13,199,"Wednesday, January 1, 2014",82001,82
13,199,"Wednesday, January 1, 2014",39813,21
13,199,"Wednesday, January 1, 2014",41,33
13,199,"Wednesday, January 1, 2014",1,20
13,199,"Wednesday, January 1, 2014",50001,24
13,199,"Wednesday, January 1, 2014",72,65
13,199,"Wednesday, January 1, 2014",56,13
13,199,"Wednesday, January 1, 2014",58001,67
13,199,"Wednesday, January 1, 2014",42223,81
13,199,"Wednesday, January 1, 2014",67,60
13,199,"Wednesday, January 1, 2014",72,81
13,199,"Wednesday, January 1, 2014",41,49
13,199,"Wednesday, January 1, 2014",116,11
13,199,"Wednesday, January 1, 2014",67,66
13,199,"Wednesday, January 1, 2014",62356,13
13,199,"Wednesday, January 1, 2014",41,33
13,199,"Wednesday, January 1, 2014",14,43
13,199,"Wednesday, January 1, 2014",188,73
13,199,"Wednesday, January 1, 2014",46001,42
13,199,"Wednesday, January 1, 2014",56,48
13,199,"Wednesday, January 1, 2014",71601,32
13,199,"Wednesday, January 1, 2014",12,30
13,199,"Wednesday, January 1, 2014",1,17
13,199,"Wednesday, January 1, 2014",59,61
13,199,"Wednesday, January 1, 2014",59,69
13,199,"Wednesday, January 1, 2014",20058,63
13,199,"Wednesday, January 1, 2014",62356,15
13,199,"Wednesday, January 1, 2014",48001,66
13,199,"Wednesday, January 1, 2014",84,82
13,199,"Wednesday, January 1, 2014",188,82
13,199,"Wednesday, January 1, 2014",88901,66
13,199,"Wednesday, January 1, 2014",63,64
13,199,"Wednesday, January 1, 2014",35004,19
13,199,"Wednesday, January 1, 2014",2801,71
13,199,"Wednesday, January 1, 2014",27,13
13,199,"Wednesday, January 1, 2014",35004,37
13,199,"Wednesday, January 1, 2014",48001,66
13,199,"Wednesday, January 1, 2014",57001,67
13,199,"Wednesday, January 1, 2014",24701,61
13,199,"Wednesday, January 1, 2014",58001,90
13,199,"Wednesday, January 1, 2014",5101,90
13,199,"Wednesday, January 1, 2014",42223,68
13,199,"Wednesday, January 1, 2014",20041,77
13,199,"Wednesday, January 1, 2014",1,39
13,199,"Wednesday, January 1, 2014",24701,89
13,199,"Wednesday, January 1, 2014",46001,18
13,199,"Wednesday, January 1, 2014",501,84
13,199,"Wednesday, January 1, 2014",56,50
13,199,"Wednesday, January 1, 2014",57001,84
13,199,"Wednesday, January 1, 2014",12,16
13,199,"Wednesday, January 1, 2014",68,76
13,199,"Wednesday, January 1, 2014",29001,69
10,199,"Tuesday, October 1, 2013",20058,82
10,199,"Tuesday, October 1, 2013",40003,35
10,199,"Tuesday, October 1, 2013",68,71
10,199,"Tuesday, October 1, 2013",42223,60
10,199,"Tuesday, October 1, 2013",53001,68
10,199,"Tuesday, October 1, 2013",2801,64
10,199,"Tuesday, October 1, 2013",501,90
10,199,"Tuesday, October 1, 2013",29001,84
10,199,"Tuesday, October 1, 2013",39813,37
10,199,"Tuesday, October 1, 2013",67,62
10,199,"Tuesday, October 1, 2013",501,62
10,199,"Tuesday, October 1, 2013",14,24
10,199,"Tuesday, October 1, 2013",71,66
10,199,"Tuesday, October 1, 2013",71601,23
10,199,"Tuesday, October 1, 2013",48001,76
10,199,"Tuesday, October 1, 2013",24701,71
10,199,"Tuesday, October 1, 2013",82001,74
10,199,"Tuesday, October 1, 2013",19701,37
10,199,"Tuesday, October 1, 2013",68001,69
10,199,"Tuesday, October 1, 2013",15937,77
10,199,"Tuesday, October 1, 2013",12,35
10,199,"Tuesday, October 1, 2013",56,42
10,199,"Tuesday, October 1, 2013",66002,10
10,199,"Tuesday, October 1, 2013",39813,25
10,199,"Tuesday, October 1, 2013",58001,87
10,199,"Tuesday, October 1, 2013",46001,29
10,199,"Tuesday, October 1, 2013",158,42
10,199,"Tuesday, October 1, 2013",71601,47
10,199,"Tuesday, October 1, 2013",64,77
10,199,"Tuesday, October 1, 2013",24701,89
10,199,"Tuesday, October 1, 2013",58001,82
10,199,"Tuesday, October 1, 2013",41,10
10,199,"Tuesday, October 1, 2013",38848,89
10,199,"Tuesday, October 1, 2013",59,87
10,199,"Tuesday, October 1, 2013",58001,74
10,199,"Tuesday, October 1, 2013",15937,87
10,199,"Tuesday, October 1, 2013",82001,66
10,199,"Tuesday, October 1, 2013",82001,63
10,199,"Tuesday, October 1, 2013",20058,77
10,199,"Tuesday, October 1, 2013",41,30
10,199,"Tuesday, October 1, 2013",64,75
10,199,"Tuesday, October 1, 2013",188,89
10,199,"Tuesday, October 1, 2013",43001,72
10,199,"Tuesday, October 1, 2013",66002,49
10,199,"Tuesday, October 1, 2013",39813,18
10,199,"Tuesday, October 1, 2013",68,85
10,199,"Tuesday, October 1, 2013",7001,62
10,199,"Tuesday, October 1, 2013",27,24
10,199,"Tuesday, October 1, 2013",7001,85
10,199,"Tuesday, October 1, 2013",24701,89
10,199,"Tuesday, October 1, 2013",71601,43
10,199,"Tuesday, October 1, 2013",57001,79
10,199,"Tuesday, October 1, 2013",64,65
10,199,"Tuesday, October 1, 2013",3033,87
10,199,"Tuesday, October 1, 2013",20058,74
10,199,"Tuesday, October 1, 2013",158,35
10,199,"Tuesday, October 1, 2013",46001,19
10,199,"Tuesday, October 1, 2013",40003,46
10,199,"Tuesday, October 1, 2013",42223,74
10,199,"Tuesday, October 1, 2013",12,32
10,199,"Tuesday, October 1, 2013",42223,84
10,199,"Tuesday, October 1, 2013",41,33
10,199,"Tuesday, October 1, 2013",56,13
10,199,"Tuesday, October 1, 2013",7001,64
10,199,"Tuesday, October 1, 2013",41,22
10,199,"Tuesday, October 1, 2013",188,73
10,199,"Tuesday, October 1, 2013",188,68
10,199,"Tuesday, October 1, 2013",7001,81
10,199,"Tuesday, October 1, 2013",71,84
10,199,"Tuesday, October 1, 2013",59,70
10,199,"Tuesday, October 1, 2013",3033,89
10,199,"Tuesday, October 1, 2013",64,86
10,199,"Tuesday, October 1, 2013",42223,61
10,199,"Tuesday, October 1, 2013",188,82
10,199,"Tuesday, October 1, 2013",38848,63
10,199,"Tuesday, October 1, 2013",39813,10
10,199,"Tuesday, October 1, 2013",63,67
10,199,"Tuesday, October 1, 2013",501,60
10,199,"Tuesday, October 1, 2013",40003,19
10,199,"Tuesday, October 1, 2013",15937,75
10,199,"Tuesday, October 1, 2013",82001,76
10,199,"Tuesday, October 1, 2013",67,90
10,199,"Tuesday, October 1, 2013",116,40
23,199,"Saturday, November 1, 2014",39813,17
23,199,"Saturday, November 1, 2014",67,66
23,199,"Saturday, November 1, 2014",1,45
23,199,"Saturday, November 1, 2014",20041,77
23,199,"Saturday, November 1, 2014",50001,14
23,199,"Saturday, November 1, 2014",20001,12
23,199,"Saturday, November 1, 2014",56,32
23,199,"Saturday, November 1, 2014",59,66
23,199,"Saturday, November 1, 2014",20058,80
23,199,"Saturday, November 1, 2014",1,21
23,199,"Saturday, November 1, 2014",12,26
23,199,"Saturday, November 1, 2014",5101,81
23,199,"Saturday, November 1, 2014",46001,41
23,199,"Saturday, November 1, 2014",20001,16
23,199,"Saturday, November 1, 2014",501,89
23,199,"Saturday, November 1, 2014",501,80
23,199,"Saturday, November 1, 2014",158,47
23,199,"Saturday, November 1, 2014",46001,41
23,199,"Saturday, November 1, 2014",29001,62
23,199,"Saturday, November 1, 2014",3033,88
23,199,"Saturday, November 1, 2014",3033,83
23,199,"Saturday, November 1, 2014",42223,64
23,199,"Saturday, November 1, 2014",27,25
23,199,"Saturday, November 1, 2014",48001,65
23,199,"Saturday, November 1, 2014",158,26
23,199,"Saturday, November 1, 2014",71601,50
23,199,"Saturday, November 1, 2014",38848,69
23,199,"Saturday, November 1, 2014",42223,62
23,199,"Saturday, November 1, 2014",20041,61
23,199,"Saturday, November 1, 2014",20041,63
23,199,"Saturday, November 1, 2014",20001,41
23,199,"Saturday, November 1, 2014",46001,16
23,199,"Saturday, November 1, 2014",27,16
23,199,"Saturday, November 1, 2014",35004,49
23,199,"Saturday, November 1, 2014",43001,83
23,199,"Saturday, November 1, 2014",6001,19
23,199,"Saturday, November 1, 2014",116,14
23,199,"Saturday, November 1, 2014",2801,69
23,199,"Saturday, November 1, 2014",116,12
23,199,"Saturday, November 1, 2014",3033,63
23,199,"Saturday, November 1, 2014",40003,30
23,199,"Saturday, November 1, 2014",57001,83
23,199,"Saturday, November 1, 2014",82001,82
23,199,"Saturday, November 1, 2014",62356,30
23,199,"Saturday, November 1, 2014",84,82
23,199,"Saturday, November 1, 2014",50001,14
23,199,"Saturday, November 1, 2014",39813,22
23,199,"Saturday, November 1, 2014",501,82
23,199,"Saturday, November 1, 2014",19701,48
23,199,"Saturday, November 1, 2014",72,69
23,199,"Saturday, November 1, 2014",57001,79
23,199,"Saturday, November 1, 2014",15937,84
23,199,"Saturday, November 1, 2014",64,74
23,199,"Saturday, November 1, 2014",2801,82
23,199,"Saturday, November 1, 2014",57001,72
23,199,"Saturday, November 1, 2014",38848,60
23,199,"Saturday, November 1, 2014",40003,33
23,199,"Saturday, November 1, 2014",2801,86
23,199,"Saturday, November 1, 2014",59,73
23,199,"Saturday, November 1, 2014",15937,70
23,199,"Saturday, November 1, 2014",56,11
23,199,"Saturday, November 1, 2014",71601,13
23,199,"Saturday, November 1, 2014",20041,70
23,199,"Saturday, November 1, 2014",59,85
23,199,"Saturday, November 1, 2014",27,37
23,199,"Saturday, November 1, 2014",1,48
23,199,"Saturday, November 1, 2014",63005,79
23,199,"Saturday, November 1, 2014",3033,63
23,199,"Saturday, November 1, 2014",42223,82
23,199,"Saturday, November 1, 2014",72,79
23,199,"Saturday, November 1, 2014",71,88
23,199,"Saturday, November 1, 2014",71,88
23,199,"Saturday, November 1, 2014",188,66
23,199,"Saturday, November 1, 2014",72,61
23,199,"Saturday, November 1, 2014",158,21
23,199,"Saturday, November 1, 2014",19701,18
23,199,"Saturday, November 1, 2014",82001,76
23,199,"Saturday, November 1, 2014",19701,39
23,199,"Saturday, November 1, 2014",27,24
23,199,"Saturday, November 1, 2014",50001,11
23,199,"Saturday, November 1, 2014",48001,77
23,199,"Saturday, November 1, 2014",6001,47
23,199,"Saturday, November 1, 2014",501,86
23,199,"Saturday, November 1, 2014",41,15
23,199,"Saturday, November 1, 2014",82001,83
23,199,"Saturday, November 1, 2014",63005,85
22,199,"Wednesday, October 1, 2014",66002,48
22,199,"Wednesday, October 1, 2014",6001,21
22,199,"Wednesday, October 1, 2014",20041,68
22,199,"Wednesday, October 1, 2014",66002,22
22,199,"Wednesday, October 1, 2014",59,71
22,199,"Wednesday, October 1, 2014",158,36
22,199,"Wednesday, October 1, 2014",29001,75
22,199,"Wednesday, October 1, 2014",62356,40
22,199,"Wednesday, October 1, 2014",63005,90
22,199,"Wednesday, October 1, 2014",68,78
22,199,"Wednesday, October 1, 2014",59,87
22,199,"Wednesday, October 1, 2014",20041,76
22,199,"Wednesday, October 1, 2014",14,33
22,199,"Wednesday, October 1, 2014",29001,80
22,199,"Wednesday, October 1, 2014",15937,78
22,199,"Wednesday, October 1, 2014",7001,61
22,199,"Wednesday, October 1, 2014",63,67
22,199,"Wednesday, October 1, 2014",64,60
22,199,"Wednesday, October 1, 2014",57001,63
22,199,"Wednesday, October 1, 2014",63,64
22,199,"Wednesday, October 1, 2014",63,90
22,199,"Wednesday, October 1, 2014",68,60
22,199,"Wednesday, October 1, 2014",84,70
22,199,"Wednesday, October 1, 2014",3033,65
22,199,"Wednesday, October 1, 2014",38848,90
22,199,"Wednesday, October 1, 2014",71,70
22,199,"Wednesday, October 1, 2014",39813,25
22,199,"Wednesday, October 1, 2014",57001,74
22,199,"Wednesday, October 1, 2014",62356,22
22,199,"Wednesday, October 1, 2014",46001,25
22,199,"Wednesday, October 1, 2014",53001,60
22,199,"Wednesday, October 1, 2014",158,13
22,199,"Wednesday, October 1, 2014",46001,50
22,199,"Wednesday, October 1, 2014",66002,42
22,199,"Wednesday, October 1, 2014",5101,70
22,199,"Wednesday, October 1, 2014",50001,28
22,199,"Wednesday, October 1, 2014",15937,68
22,199,"Wednesday, October 1, 2014",40003,26
22,199,"Wednesday, October 1, 2014",68,77
22,199,"Wednesday, October 1, 2014",14,26
22,199,"Wednesday, October 1, 2014",20041,61
22,199,"Wednesday, October 1, 2014",14,16
22,199,"Wednesday, October 1, 2014",56,36
22,199,"Wednesday, October 1, 2014",20041,65
22,199,"Wednesday, October 1, 2014",63,86
22,199,"Wednesday, October 1, 2014",67,69
22,199,"Wednesday, October 1, 2014",40003,31
22,199,"Wednesday, October 1, 2014",56,20
22,199,"Wednesday, October 1, 2014",158,19
22,199,"Wednesday, October 1, 2014",63005,70
22,199,"Wednesday, October 1, 2014",72,76
22,199,"Wednesday, October 1, 2014",2801,73
22,199,"Wednesday, October 1, 2014",72,65
22,199,"Wednesday, October 1, 2014",1,34
22,199,"Wednesday, October 1, 2014",43001,88
22,199,"Wednesday, October 1, 2014",39813,15
22,199,"Wednesday, October 1, 2014",48001,87
22,199,"Wednesday, October 1, 2014",158,34
22,199,"Wednesday, October 1, 2014",57001,88
22,199,"Wednesday, October 1, 2014",29001,71
22,199,"Wednesday, October 1, 2014",42223,80
22,199,"Wednesday, October 1, 2014",501,61
22,199,"Wednesday, October 1, 2014",50001,26
22,199,"Wednesday, October 1, 2014",24701,69
22,199,"Wednesday, October 1, 2014",188,80
22,199,"Wednesday, October 1, 2014",35004,38
22,199,"Wednesday, October 1, 2014",6001,43
22,199,"Wednesday, October 1, 2014",12,38
22,199,"Wednesday, October 1, 2014",12,46
22,199,"Wednesday, October 1, 2014",68001,68
22,199,"Wednesday, October 1, 2014",2801,69
22,199,"Wednesday, October 1, 2014",46001,38
22,199,"Wednesday, October 1, 2014",2801,72
22,199,"Wednesday, October 1, 2014",20001,14
22,199,"Wednesday, October 1, 2014",82001,90
22,199,"Wednesday, October 1, 2014",68001,74
22,199,"Wednesday, October 1, 2014",84,83
22,199,"Wednesday, October 1, 2014",6001,11
22,199,"Wednesday, October 1, 2014",53001,64
22,199,"Wednesday, October 1, 2014",6001,37
22,199,"Wednesday, October 1, 2014",68001,68
22,199,"Wednesday, October 1, 2014",7001,65
22,199,"Wednesday, October 1, 2014",56,22
22,199,"Wednesday, October 1, 2014",35004,48
22,199,"Wednesday, October 1, 2014",46001,17
22,199,"Wednesday, October 1, 2014",59,87
22,199,"Wednesday, October 1, 2014",46001,43
22,199,"Wednesday, October 1, 2014",38848,80
19,199,"Tuesday, July 1, 2014",63,66
19,199,"Tuesday, July 1, 2014",20058,87
19,199,"Tuesday, July 1, 2014",7001,84
19,199,"Tuesday, July 1, 2014",59,64
19,199,"Tuesday, July 1, 2014",7001,88
19,199,"Tuesday, July 1, 2014",71601,33
19,199,"Tuesday, July 1, 2014",19701,28
19,199,"Tuesday, July 1, 2014",35004,16
19,199,"Tuesday, July 1, 2014",59,75
19,199,"Tuesday, July 1, 2014",56,29
19,199,"Tuesday, July 1, 2014",68,81
19,199,"Tuesday, July 1, 2014",19701,15
19,199,"Tuesday, July 1, 2014",88901,80
19,199,"Tuesday, July 1, 2014",56,40
19,199,"Tuesday, July 1, 2014",27,20
19,199,"Tuesday, July 1, 2014",24701,87
19,199,"Tuesday, July 1, 2014",24701,78
19,199,"Tuesday, July 1, 2014",48001,82
19,199,"Tuesday, July 1, 2014",84,60
19,199,"Tuesday, July 1, 2014",20041,82
19,199,"Tuesday, July 1, 2014",46001,43
19,199,"Tuesday, July 1, 2014",158,12
19,199,"Tuesday, July 1, 2014",42223,64
19,199,"Tuesday, July 1, 2014",63005,66
19,199,"Tuesday, July 1, 2014",7001,69
19,199,"Tuesday, July 1, 2014",66002,18
19,199,"Tuesday, July 1, 2014",84,75
19,199,"Tuesday, July 1, 2014",82001,66
19,199,"Tuesday, July 1, 2014",43001,83
19,199,"Tuesday, July 1, 2014",7001,70
19,199,"Tuesday, July 1, 2014",35004,17
19,199,"Tuesday, July 1, 2014",71,84
19,199,"Tuesday, July 1, 2014",20041,86
19,199,"Tuesday, July 1, 2014",35004,43
19,199,"Tuesday, July 1, 2014",24701,63
19,199,"Tuesday, July 1, 2014",72,73
19,199,"Tuesday, July 1, 2014",20001,44
19,199,"Tuesday, July 1, 2014",27,12
19,199,"Tuesday, July 1, 2014",68,60
19,199,"Tuesday, July 1, 2014",20058,64
19,199,"Tuesday, July 1, 2014",2801,78
19,199,"Tuesday, July 1, 2014",66002,49
19,199,"Tuesday, July 1, 2014",39813,32
19,199,"Tuesday, July 1, 2014",27,22
19,199,"Tuesday, July 1, 2014",188,85
19,199,"Tuesday, July 1, 2014",39813,34
19,199,"Tuesday, July 1, 2014",62356,17
19,199,"Tuesday, July 1, 2014",64,65
19,199,"Tuesday, July 1, 2014",62356,11
19,199,"Tuesday, July 1, 2014",39813,38
19,199,"Tuesday, July 1, 2014",2801,73
19,199,"Tuesday, July 1, 2014",48001,77
19,199,"Tuesday, July 1, 2014",66002,49
19,199,"Tuesday, July 1, 2014",20058,80
19,199,"Tuesday, July 1, 2014",68001,71
19,199,"Tuesday, July 1, 2014",501,81
19,199,"Tuesday, July 1, 2014",59,70
19,199,"Tuesday, July 1, 2014",71,71
19,199,"Tuesday, July 1, 2014",59,79
19,199,"Tuesday, July 1, 2014",158,19
19,199,"Tuesday, July 1, 2014",39813,15
19,199,"Tuesday, July 1, 2014",24701,72
19,199,"Tuesday, July 1, 2014",42223,63
19,199,"Tuesday, July 1, 2014",57001,82
19,199,"Tuesday, July 1, 2014",66002,32
19,199,"Tuesday, July 1, 2014",57001,65
19,199,"Tuesday, July 1, 2014",35004,34
19,199,"Tuesday, July 1, 2014",64,69
19,199,"Tuesday, July 1, 2014",63005,72
19,199,"Tuesday, July 1, 2014",63,77
19,199,"Tuesday, July 1, 2014",82001,88
19,199,"Tuesday, July 1, 2014",57001,76
19,199,"Tuesday, July 1, 2014",63,78
19,199,"Tuesday, July 1, 2014",59,85
19,199,"Tuesday, July 1, 2014",43001,80
19,199,"Tuesday, July 1, 2014",6001,14
19,199,"Tuesday, July 1, 2014",43001,85
19,199,"Tuesday, July 1, 2014",42223,60
19,199,"Tuesday, July 1, 2014",68,78
19,199,"Tuesday, July 1, 2014",39813,26
19,199,"Tuesday, July 1, 2014",501,85
19,199,"Tuesday, July 1, 2014",50001,50
19,199,"Tuesday, July 1, 2014",6001,30
19,199,"Tuesday, July 1, 2014",40003,50
19,199,"Tuesday, July 1, 2014",53001,86
19,199,"Tuesday, July 1, 2014",71601,14
19,199,"Tuesday, July 1, 2014",3033,75
19,199,"Tuesday, July 1, 2014",62356,12
19,199,"Tuesday, July 1, 2014",58001,67
19,199,"Tuesday, July 1, 2014",24701,68
12,199,"Sunday, December 1, 2013",158,15
12,199,"Sunday, December 1, 2013",64,79
12,199,"Sunday, December 1, 2013",71,71
12,199,"Sunday, December 1, 2013",68001,77
12,199,"Sunday, December 1, 2013",35004,14
12,199,"Sunday, December 1, 2013",2801,64
12,199,"Sunday, December 1, 2013",19701,36
12,199,"Sunday, December 1, 2013",20001,10
12,199,"Sunday, December 1, 2013",12,39
12,199,"Sunday, December 1, 2013",42223,87
12,199,"Sunday, December 1, 2013",27,40
12,199,"Sunday, December 1, 2013",58001,84
12,199,"Sunday, December 1, 2013",188,60
12,199,"Sunday, December 1, 2013",53001,64
12,199,"Sunday, December 1, 2013",501,78
12,199,"Sunday, December 1, 2013",1,42
12,199,"Sunday, December 1, 2013",14,28
12,199,"Sunday, December 1, 2013",38848,63
12,199,"Sunday, December 1, 2013",20058,87
12,199,"Sunday, December 1, 2013",3033,60
12,199,"Sunday, December 1, 2013",116,46
12,199,"Sunday, December 1, 2013",48001,66
12,199,"Sunday, December 1, 2013",38848,72
12,199,"Sunday, December 1, 2013",59,77
12,199,"Sunday, December 1, 2013",63,82
12,199,"Sunday, December 1, 2013",57001,66
12,199,"Sunday, December 1, 2013",46001,35
12,199,"Sunday, December 1, 2013",42223,89
12,199,"Sunday, December 1, 2013",38848,61
12,199,"Sunday, December 1, 2013",53001,86
12,199,"Sunday, December 1, 2013",40003,41
12,199,"Sunday, December 1, 2013",82001,90
12,199,"Sunday, December 1, 2013",158,13
12,199,"Sunday, December 1, 2013",39813,40
12,199,"Sunday, December 1, 2013",88901,75
12,199,"Sunday, December 1, 2013",62356,10
12,199,"Sunday, December 1, 2013",41,39
12,199,"Sunday, December 1, 2013",41,46
12,199,"Sunday, December 1, 2013",158,22
12,199,"Sunday, December 1, 2013",68,84
12,199,"Sunday, December 1, 2013",1,14
12,199,"Sunday, December 1, 2013",62356,33
12,199,"Sunday, December 1, 2013",19701,26
12,199,"Sunday, December 1, 2013",14,12
12,199,"Sunday, December 1, 2013",53001,87
12,199,"Sunday, December 1, 2013",48001,85
12,199,"Sunday, December 1, 2013",24701,89
12,199,"Sunday, December 1, 2013",14,13
12,199,"Sunday, December 1, 2013",41,28
12,199,"Sunday, December 1, 2013",46001,45
12,199,"Sunday, December 1, 2013",67,78
12,199,"Sunday, December 1, 2013",59,76
12,199,"Sunday, December 1, 2013",71,78
12,199,"Sunday, December 1, 2013",82001,60
12,199,"Sunday, December 1, 2013",12,49
12,199,"Sunday, December 1, 2013",84,71
12,199,"Sunday, December 1, 2013",71,64
12,199,"Sunday, December 1, 2013",6001,39
12,199,"Sunday, December 1, 2013",66002,27
12,199,"Sunday, December 1, 2013",46001,19
12,199,"Sunday, December 1, 2013",46001,22
12,199,"Sunday, December 1, 2013",27,38
12,199,"Sunday, December 1, 2013",5101,85
12,199,"Sunday, December 1, 2013",20001,14
12,199,"Sunday, December 1, 2013",20001,32
12,199,"Sunday, December 1, 2013",2801,82
12,199,"Sunday, December 1, 2013",20041,73
12,199,"Sunday, December 1, 2013",3033,73
12,199,"Sunday, December 1, 2013",56,19
12,199,"Sunday, December 1, 2013",64,63
12,199,"Sunday, December 1, 2013",6001,16
12,199,"Sunday, December 1, 2013",24701,89
12,199,"Sunday, December 1, 2013",5101,80
12,199,"Sunday, December 1, 2013",63,70
12,199,"Sunday, December 1, 2013",29001,60
12,199,"Sunday, December 1, 2013",59,70
12,199,"Sunday, December 1, 2013",82001,88
12,199,"Sunday, December 1, 2013",68,69
12,199,"Sunday, December 1, 2013",12,36
12,199,"Sunday, December 1, 2013",39813,46
12,199,"Sunday, December 1, 2013",88901,69
12,199,"Sunday, December 1, 2013",62356,15
12,199,"Sunday, December 1, 2013",50001,49
12,199,"Sunday, December 1, 2013",7001,79
12,199,"Sunday, December 1, 2013",39813,18
12,199,"Sunday, December 1, 2013",66002,26
12,199,"Sunday, December 1, 2013",67,60
12,199,"Sunday, December 1, 2013",20041,64
12,199,"Sunday, December 1, 2013",12,37
12,199,"Sunday, December 1, 2013",58001,68
12,199,"Sunday, December 1, 2013",19701,29
12,199,"Sunday, December 1, 2013",20041,62
12,199,"Sunday, December 1, 2013",24701,67
12,199,"Sunday, December 1, 2013",20041,82
12,199,"Sunday, December 1, 2013",35004,38
12,199,"Sunday, December 1, 2013",40003,18
17,199,"Thursday, May 1, 2014",6001,48
17,199,"Thursday, May 1, 2014",66002,12
17,199,"Thursday, May 1, 2014",53001,77
17,199,"Thursday, May 1, 2014",188,66
17,199,"Thursday, May 1, 2014",38848,71
17,199,"Thursday, May 1, 2014",20001,20
17,199,"Thursday, May 1, 2014",82001,76
17,199,"Thursday, May 1, 2014",63005,60
17,199,"Thursday, May 1, 2014",46001,29
17,199,"Thursday, May 1, 2014",66002,14
17,199,"Thursday, May 1, 2014",48001,85
17,199,"Thursday, May 1, 2014",40003,23
17,199,"Thursday, May 1, 2014",64,64
17,199,"Thursday, May 1, 2014",19701,28
17,199,"Thursday, May 1, 2014",20001,40
17,199,"Thursday, May 1, 2014",14,50
17,199,"Thursday, May 1, 2014",15937,70
17,199,"Thursday, May 1, 2014",158,11
17,199,"Thursday, May 1, 2014",5101,71
17,199,"Thursday, May 1, 2014",27,34
17,199,"Thursday, May 1, 2014",66002,49
17,199,"Thursday, May 1, 2014",6001,48
17,199,"Thursday, May 1, 2014",58001,69
17,199,"Thursday, May 1, 2014",158,12
17,199,"Thursday, May 1, 2014",71601,31
17,199,"Thursday, May 1, 2014",43001,86
17,199,"Thursday, May 1, 2014",56,46
17,199,"Thursday, May 1, 2014",1,43
17,199,"Thursday, May 1, 2014",15937,64
17,199,"Thursday, May 1, 2014",88901,84
17,199,"Thursday, May 1, 2014",43001,61
17,199,"Thursday, May 1, 2014",56,50
17,199,"Thursday, May 1, 2014",50001,29
17,199,"Thursday, May 1, 2014",88901,79
17,199,"Thursday, May 1, 2014",43001,74
17,199,"Thursday, May 1, 2014",50001,33
17,199,"Thursday, May 1, 2014",2801,78
17,199,"Thursday, May 1, 2014",40003,41
17,199,"Thursday, May 1, 2014",43001,79
17,199,"Thursday, May 1, 2014",56,33
17,199,"Thursday, May 1, 2014",57001,90
17,199,"Thursday, May 1, 2014",38848,72
17,199,"Thursday, May 1, 2014",46001,41
17,199,"Thursday, May 1, 2014",188,71
17,199,"Thursday, May 1, 2014",82001,89
17,199,"Thursday, May 1, 2014",53001,85
17,199,"Thursday, May 1, 2014",7001,76
17,199,"Thursday, May 1, 2014",67,72
17,199,"Thursday, May 1, 2014",71,67
17,199,"Thursday, May 1, 2014",14,22
17,199,"Thursday, May 1, 2014",42223,73
17,199,"Thursday, May 1, 2014",116,35
17,199,"Thursday, May 1, 2014",42223,71
17,199,"Thursday, May 1, 2014",67,62
17,199,"Thursday, May 1, 2014",71601,27
17,199,"Thursday, May 1, 2014",188,86
17,199,"Thursday, May 1, 2014",71601,35
17,199,"Thursday, May 1, 2014",63,62
17,199,"Thursday, May 1, 2014",57001,69
17,199,"Thursday, May 1, 2014",14,40
17,199,"Thursday, May 1, 2014",68,60
17,199,"Thursday, May 1, 2014",57001,70
17,199,"Thursday, May 1, 2014",68,67
17,199,"Thursday, May 1, 2014",59,78
17,199,"Thursday, May 1, 2014",53001,63
17,199,"Thursday, May 1, 2014",20001,42
17,199,"Thursday, May 1, 2014",63,64
17,199,"Thursday, May 1, 2014",2801,90
17,199,"Thursday, May 1, 2014",48001,72
17,199,"Thursday, May 1, 2014",82001,82
17,199,"Thursday, May 1, 2014",20058,80
17,199,"Thursday, May 1, 2014",72,81
17,199,"Thursday, May 1, 2014",63,83
17,199,"Thursday, May 1, 2014",53001,72
17,199,"Thursday, May 1, 2014",29001,60
17,199,"Thursday, May 1, 2014",43001,70
17,199,"Thursday, May 1, 2014",6001,25
17,199,"Thursday, May 1, 2014",158,30
17,199,"Thursday, May 1, 2014",3033,83
17,199,"Thursday, May 1, 2014",2801,72
17,199,"Thursday, May 1, 2014",88901,80
17,199,"Thursday, May 1, 2014",50001,14
17,199,"Thursday, May 1, 2014",64,65
17,199,"Thursday, May 1, 2014",188,61
17,199,"Thursday, May 1, 2014",29001,89
17,199,"Thursday, May 1, 2014",38848,83
17,199,"Thursday, May 1, 2014",53001,86
17,199,"Thursday, May 1, 2014",3033,82
17,199,"Thursday, May 1, 2014",82001,73
17,199,"Thursday, May 1, 2014",501,75
17,199,"Thursday, May 1, 2014",24701,60
17,199,"Thursday, May 1, 2014",53001,88
17,199,"Thursday, May 1, 2014",3033,87
17,199,"Thursday, May 1, 2014",501,83
17,199,"Thursday, May 1, 2014",48001,68
17,199,"Thursday, May 1, 2014",41,45
17,199,"Thursday, May 1, 2014",48001,81
17,199,"Thursday, May 1, 2014",7001,85
17,199,"Thursday, May 1, 2014",19701,41
17,199,"Thursday, May 1, 2014",56,46
15,199,"Saturday, March 1, 2014",53001,73
15,199,"Saturday, March 1, 2014",46001,48
15,199,"Saturday, March 1, 2014",84,75
15,199,"Saturday, March 1, 2014",20001,22
15,199,"Saturday, March 1, 2014",67,71
15,199,"Saturday, March 1, 2014",20058,67
15,199,"Saturday, March 1, 2014",62356,26
15,199,"Saturday, March 1, 2014",20001,19
15,199,"Saturday, March 1, 2014",14,16
15,199,"Saturday, March 1, 2014",72,90
15,199,"Saturday, March 1, 2014",63005,72
15,199,"Saturday, March 1, 2014",63,62
15,199,"Saturday, March 1, 2014",188,87
15,199,"Saturday, March 1, 2014",5101,81
15,199,"Saturday, March 1, 2014",501,71
15,199,"Saturday, March 1, 2014",5101,73
15,199,"Saturday, March 1, 2014",82001,69
15,199,"Saturday, March 1, 2014",20041,74
15,199,"Saturday, March 1, 2014",20001,16
15,199,"Saturday, March 1, 2014",62356,14
15,199,"Saturday, March 1, 2014",71,78
15,199,"Saturday, March 1, 2014",29001,76
15,199,"Saturday, March 1, 2014",46001,49
15,199,"Saturday, March 1, 2014",20001,17
15,199,"Saturday, March 1, 2014",48001,73
15,199,"Saturday, March 1, 2014",501,65
15,199,"Saturday, March 1, 2014",14,28
15,199,"Saturday, March 1, 2014",6001,30
15,199,"Saturday, March 1, 2014",20001,31
15,199,"Saturday, March 1, 2014",20001,12
15,199,"Saturday, March 1, 2014",68,82
15,199,"Saturday, March 1, 2014",40003,12
15,199,"Saturday, March 1, 2014",58001,82
15,199,"Saturday, March 1, 2014",84,62
15,199,"Saturday, March 1, 2014",29001,75
15,199,"Saturday, March 1, 2014",66002,23
15,199,"Saturday, March 1, 2014",50001,37
15,199,"Saturday, March 1, 2014",48001,84
15,199,"Saturday, March 1, 2014",63005,66
15,199,"Saturday, March 1, 2014",56,41
15,199,"Saturday, March 1, 2014",72,82
15,199,"Saturday, March 1, 2014",5101,68
15,199,"Saturday, March 1, 2014",48001,72
15,199,"Saturday, March 1, 2014",38848,89
15,199,"Saturday, March 1, 2014",43001,82
15,199,"Saturday, March 1, 2014",1,34
15,199,"Saturday, March 1, 2014",42223,61
15,199,"Saturday, March 1, 2014",66002,41
15,199,"Saturday, March 1, 2014",53001,70
15,199,"Saturday, March 1, 2014",20041,64
15,199,"Saturday, March 1, 2014",29001,77
15,199,"Saturday, March 1, 2014",48001,64
15,199,"Saturday, March 1, 2014",46001,49
15,199,"Saturday, March 1, 2014",14,17
15,199,"Saturday, March 1, 2014",1,23
15,199,"Saturday, March 1, 2014",56,12
15,199,"Saturday, March 1, 2014",58001,62
15,199,"Saturday, March 1, 2014",14,21
15,199,"Saturday, March 1, 2014",27,39
15,199,"Saturday, March 1, 2014",66002,26
15,199,"Saturday, March 1, 2014",66002,19
15,199,"Saturday, March 1, 2014",1,35
15,199,"Saturday, March 1, 2014",42223,89
15,199,"Saturday, March 1, 2014",41,49
15,199,"Saturday, March 1, 2014",5101,82
15,199,"Saturday, March 1, 2014",27,45
15,199,"Saturday, March 1, 2014",43001,81
15,199,"Saturday, March 1, 2014",59,74
15,199,"Saturday, March 1, 2014",62356,22
15,199,"Saturday, March 1, 2014",64,78
15,199,"Saturday, March 1, 2014",68,70
15,199,"Saturday, March 1, 2014",68,77
15,199,"Saturday, March 1, 2014",41,24
15,199,"Saturday, March 1, 2014",158,28
15,199,"Saturday, March 1, 2014",53001,75
15,199,"Saturday, March 1, 2014",501,70
15,199,"Saturday, March 1, 2014",41,35
15,199,"Saturday, March 1, 2014",46001,38
15,199,"Saturday, March 1, 2014",57001,79
15,199,"Saturday, March 1, 2014",20001,29
15,199,"Saturday, March 1, 2014",14,10
15,199,"Saturday, March 1, 2014",82001,87
15,199,"Saturday, March 1, 2014",50001,16
15,199,"Saturday, March 1, 2014",46001,19
15,199,"Saturday, March 1, 2014",12,33
15,199,"Saturday, March 1, 2014",5101,65
15,199,"Saturday, March 1, 2014",71,81
15,199,"Saturday, March 1, 2014",67,61
15,199,"Saturday, March 1, 2014",188,67
15,199,"Saturday, March 1, 2014",57001,64
15,199,"Saturday, March 1, 2014",56,30
15,199,"Saturday, March 1, 2014",82001,72
15,199,"Saturday, March 1, 2014",3033,64
15,199,"Saturday, March 1, 2014",35004,43
15,199,"Saturday, March 1, 2014",59,74
15,199,"Saturday, March 1, 2014",63005,86
15,199,"Saturday, March 1, 2014",1,33
15,199,"Saturday, March 1, 2014",68,73
15,199,"Saturday, March 1, 2014",88901,68
15,199,"Saturday, March 1, 2014",35004,15
9,199,"Sunday, September 1, 2013",158,46
9,199,"Sunday, September 1, 2013",58001,68
9,199,"Sunday, September 1, 2013",63,73
9,199,"Sunday, September 1, 2013",24701,82
9,199,"Sunday, September 1, 2013",2801,83
9,199,"Sunday, September 1, 2013",3033,64
9,199,"Sunday, September 1, 2013",84,76
9,199,"Sunday, September 1, 2013",158,49
9,199,"Sunday, September 1, 2013",43001,67
9,199,"Sunday, September 1, 2013",48001,89
9,199,"Sunday, September 1, 2013",41,34
9,199,"Sunday, September 1, 2013",40003,22
9,199,"Sunday, September 1, 2013",20058,61
9,199,"Sunday, September 1, 2013",71601,36
9,199,"Sunday, September 1, 2013",42223,68
9,199,"Sunday, September 1, 2013",84,86
9,199,"Sunday, September 1, 2013",14,22
9,199,"Sunday, September 1, 2013",56,11
9,199,"Sunday, September 1, 2013",116,13
9,199,"Sunday, September 1, 2013",20041,63
9,199,"Sunday, September 1, 2013",14,41
9,199,"Sunday, September 1, 2013",59,67
9,199,"Sunday, September 1, 2013",501,62
9,199,"Sunday, September 1, 2013",35004,12
9,199,"Sunday, September 1, 2013",50001,35
9,199,"Sunday, September 1, 2013",2801,74
9,199,"Sunday, September 1, 2013",64,80
9,199,"Sunday, September 1, 2013",50001,28
9,199,"Sunday, September 1, 2013",71,67
9,199,"Sunday, September 1, 2013",43001,63
9,199,"Sunday, September 1, 2013",62356,41
9,199,"Sunday, September 1, 2013",1,30
9,199,"Sunday, September 1, 2013",19701,37
9,199,"Sunday, September 1, 2013",35004,47
9,199,"Sunday, September 1, 2013",71601,43
9,199,"Sunday, September 1, 2013",12,39
9,199,"Sunday, September 1, 2013",39813,36
9,199,"Sunday, September 1, 2013",88901,76
9,199,"Sunday, September 1, 2013",27,22
9,199,"Sunday, September 1, 2013",42223,80
9,199,"Sunday, September 1, 2013",68001,64
9,199,"Sunday, September 1, 2013",20041,90
9,199,"Sunday, September 1, 2013",27,34
9,199,"Sunday, September 1, 2013",63005,68
9,199,"Sunday, September 1, 2013",82001,76
9,199,"Sunday, September 1, 2013",72,73
9,199,"Sunday, September 1, 2013",62356,45
9,199,"Sunday, September 1, 2013",71601,47
9,199,"Sunday, September 1, 2013",27,38
9,199,"Sunday, September 1, 2013",58001,90
9,199,"Sunday, September 1, 2013",116,12
9,199,"Sunday, September 1, 2013",40003,50
9,199,"Sunday, September 1, 2013",50001,46
9,199,"Sunday, September 1, 2013",27,12
9,199,"Sunday, September 1, 2013",48001,74
9,199,"Sunday, September 1, 2013",39813,50
9,199,"Sunday, September 1, 2013",67,77
9,199,"Sunday, September 1, 2013",71601,23
9,199,"Sunday, September 1, 2013",71601,45
9,199,"Sunday, September 1, 2013",20001,29
9,199,"Sunday, September 1, 2013",15937,63
9,199,"Sunday, September 1, 2013",1,46
9,199,"Sunday, September 1, 2013",56,17
9,199,"Sunday, September 1, 2013",14,14
9,199,"Sunday, September 1, 2013",46001,21
9,199,"Sunday, September 1, 2013",88901,65
9,199,"Sunday, September 1, 2013",6001,26
9,199,"Sunday, September 1, 2013",19701,40
9,199,"Sunday, September 1, 2013",84,82
9,199,"Sunday, September 1, 2013",42223,71
9,199,"Sunday, September 1, 2013",68,63
9,199,"Sunday, September 1, 2013",67,81
9,199,"Sunday, September 1, 2013",88901,68
9,199,"Sunday, September 1, 2013",66002,12
9,199,"Sunday, September 1, 2013",6001,11
9,199,"Sunday, September 1, 2013",46001,49
9,199,"Sunday, September 1, 2013",59,81
9,199,"Sunday, September 1, 2013",40003,33
9,199,"Sunday, September 1, 2013",82001,66
9,199,"Sunday, September 1, 2013",72,61
9,199,"Sunday, September 1, 2013",50001,40
9,199,"Sunday, September 1, 2013",66002,37
9,199,"Sunday, September 1, 2013",20041,61
9,199,"Sunday, September 1, 2013",53001,88
9,199,"Sunday, September 1, 2013",29001,89
9,199,"Sunday, September 1, 2013",1,33
9,199,"Sunday, September 1, 2013",3033,76
9,199,"Sunday, September 1, 2013",7001,83
9,199,"Sunday, September 1, 2013",66002,31
9,199,"Sunday, September 1, 2013",68001,87
9,199,"Sunday, September 1, 2013",6001,15
9,199,"Sunday, September 1, 2013",35004,35
9,199,"Sunday, September 1, 2013",82001,60
9,199,"Sunday, September 1, 2013",48001,74
9,199,"Sunday, September 1, 2013",188,67
9,199,"Sunday, September 1, 2013",7001,84
9,199,"Sunday, September 1, 2013",53001,78
9,199,"Sunday, September 1, 2013",501,78
9,199,"Sunday, September 1, 2013",501,79
9,199,"Sunday, September 1, 2013",71601,45
9,199,"Sunday, September 1, 2013",53001,78
9,199,"Sunday, September 1, 2013",2801,82
9,199,"Sunday, September 1, 2013",29001,89
9,199,"Sunday, September 1, 2013",7001,87
9,199,"Sunday, September 1, 2013",3033,87
9,199,"Sunday, September 1, 2013",46001,37
9,199,"Sunday, September 1, 2013",68001,83
9,199,"Sunday, September 1, 2013",501,83
18,1233,"Sunday, June 1, 2014",24701,88
18,1233,"Sunday, June 1, 2014",35004,71
18,1233,"Sunday, June 1, 2014",66002,61
18,1233,"Sunday, June 1, 2014",24701,72
18,1233,"Sunday, June 1, 2014",2801,66
18,1233,"Sunday, June 1, 2014",50001,89
18,1233,"Sunday, June 1, 2014",50001,74
18,1233,"Sunday, June 1, 2014",84,82
18,1233,"Sunday, June 1, 2014",20058,61
18,1233,"Sunday, June 1, 2014",41,74
18,1233,"Sunday, June 1, 2014",20041,90
18,1233,"Sunday, June 1, 2014",48001,68
18,1233,"Sunday, June 1, 2014",38848,67
18,1233,"Sunday, June 1, 2014",1,64
18,1233,"Sunday, June 1, 2014",82001,60
18,1233,"Sunday, June 1, 2014",68,75
18,1233,"Sunday, June 1, 2014",2801,90
18,1233,"Sunday, June 1, 2014",50001,79
18,1233,"Sunday, June 1, 2014",71601,74
18,1233,"Sunday, June 1, 2014",501,79
18,1233,"Sunday, June 1, 2014",43001,72
18,1233,"Sunday, June 1, 2014",188,67
18,1233,"Sunday, June 1, 2014",84,65
18,1233,"Sunday, June 1, 2014",5101,71
18,1233,"Sunday, June 1, 2014",20041,89
18,1233,"Sunday, June 1, 2014",43001,80
18,1233,"Sunday, June 1, 2014",42223,69
18,1233,"Sunday, June 1, 2014",68,82
18,1233,"Sunday, June 1, 2014",67,69
18,1233,"Sunday, June 1, 2014",67,83
18,1233,"Sunday, June 1, 2014",57001,74
18,1233,"Sunday, June 1, 2014",38848,68
18,1233,"Sunday, June 1, 2014",63005,87
18,1233,"Sunday, June 1, 2014",116,67
18,1233,"Sunday, June 1, 2014",188,89
18,1233,"Sunday, June 1, 2014",68001,69
18,1233,"Sunday, June 1, 2014",48001,81
18,1233,"Sunday, June 1, 2014",63,67
18,1233,"Sunday, June 1, 2014",56,75
18,1233,"Sunday, June 1, 2014",43001,81
18,1233,"Sunday, June 1, 2014",3033,89
18,1233,"Sunday, June 1, 2014",20058,85
18,1233,"Sunday, June 1, 2014",71601,73
18,1233,"Sunday, June 1, 2014",7001,87
18,1233,"Sunday, June 1, 2014",1,80
18,1233,"Sunday, June 1, 2014",116,71
18,1233,"Sunday, June 1, 2014",67,87
18,1233,"Sunday, June 1, 2014",50001,75
18,1233,"Sunday, June 1, 2014",2801,81
18,1233,"Sunday, June 1, 2014",40003,83
18,1233,"Sunday, June 1, 2014",48001,61
18,1233,"Sunday, June 1, 2014",88901,86
18,1233,"Sunday, June 1, 2014",5101,72
18,1233,"Sunday, June 1, 2014",158,78
18,1233,"Sunday, June 1, 2014",15937,78
18,1233,"Sunday, June 1, 2014",72,68
18,1233,"Sunday, June 1, 2014",39813,70
18,1233,"Sunday, June 1, 2014",501,90
18,1233,"Sunday, June 1, 2014",71601,69
18,1233,"Sunday, June 1, 2014",41,88
18,1233,"Sunday, June 1, 2014",35004,82
18,1233,"Sunday, June 1, 2014",20001,61
18,1233,"Sunday, June 1, 2014",14,62
18,1233,"Sunday, June 1, 2014",50001,88
18,1233,"Sunday, June 1, 2014",20041,76
18,1233,"Sunday, June 1, 2014",501,67
18,1233,"Sunday, June 1, 2014",71,66
18,1233,"Sunday, June 1, 2014",15937,85
18,1233,"Sunday, June 1, 2014",3033,80
18,1233,"Sunday, June 1, 2014",6001,83
18,1233,"Sunday, June 1, 2014",15937,62
18,1233,"Sunday, June 1, 2014",42223,69
18,1233,"Sunday, June 1, 2014",2801,83
18,1233,"Sunday, June 1, 2014",3033,67
18,1233,"Sunday, June 1, 2014",66002,89
18,1233,"Sunday, June 1, 2014",41,73
18,1233,"Sunday, June 1, 2014",50001,62
18,1233,"Sunday, June 1, 2014",48001,70
18,1233,"Sunday, June 1, 2014",188,84
18,1233,"Sunday, June 1, 2014",43001,87
18,1233,"Sunday, June 1, 2014",20001,66
18,1233,"Sunday, June 1, 2014",6001,61
18,1233,"Sunday, June 1, 2014",20041,67
18,1233,"Sunday, June 1, 2014",53001,80
18,1233,"Sunday, June 1, 2014",68,81
18,1233,"Sunday, June 1, 2014",57001,75
18,1233,"Sunday, June 1, 2014",1,80
18,1233,"Sunday, June 1, 2014",84,72
18,1233,"Sunday, June 1, 2014",41,82
18,1233,"Sunday, June 1, 2014",68,73
18,1233,"Sunday, June 1, 2014",40003,81
18,1233,"Sunday, June 1, 2014",20001,81
18,1233,"Sunday, June 1, 2014",84,75
18,1233,"Sunday, June 1, 2014",12,64
18,1233,"Sunday, June 1, 2014",71601,66
18,1233,"Sunday, June 1, 2014",63,85
18,1233,"Sunday, June 1, 2014",72,62
18,1233,"Sunday, June 1, 2014",68001,88
18,1233,"Sunday, June 1, 2014",62356,60
18,1233,"Sunday, June 1, 2014",67,81
18,1233,"Sunday, June 1, 2014",2801,88
18,1233,"Sunday, June 1, 2014",1,88
15,1233,"Saturday, March 1, 2014",116,83
15,1233,"Saturday, March 1, 2014",88901,85
15,1233,"Saturday, March 1, 2014",20058,76
15,1233,"Saturday, March 1, 2014",63,86
15,1233,"Saturday, March 1, 2014",3033,63
15,1233,"Saturday, March 1, 2014",50001,79
15,1233,"Saturday, March 1, 2014",35004,69
15,1233,"Saturday, March 1, 2014",24701,62
15,1233,"Saturday, March 1, 2014",2801,71
15,1233,"Saturday, March 1, 2014",50001,77
15,1233,"Saturday, March 1, 2014",15937,74
15,1233,"Saturday, March 1, 2014",71,75
15,1233,"Saturday, March 1, 2014",63005,86
15,1233,"Saturday, March 1, 2014",63,78
15,1233,"Saturday, March 1, 2014",57001,68
15,1233,"Saturday, March 1, 2014",53001,82
15,1233,"Saturday, March 1, 2014",116,60
15,1233,"Saturday, March 1, 2014",14,73
15,1233,"Saturday, March 1, 2014",56,64
15,1233,"Saturday, March 1, 2014",39813,76
15,1233,"Saturday, March 1, 2014",27,77
15,1233,"Saturday, March 1, 2014",88901,66
15,1233,"Saturday, March 1, 2014",39813,60
15,1233,"Saturday, March 1, 2014",14,62
15,1233,"Saturday, March 1, 2014",24701,63
15,1233,"Saturday, March 1, 2014",42223,83
15,1233,"Saturday, March 1, 2014",12,66
15,1233,"Saturday, March 1, 2014",56,66
15,1233,"Saturday, March 1, 2014",24701,76
15,1233,"Saturday, March 1, 2014",59,75
15,1233,"Saturday, March 1, 2014",39813,86
15,1233,"Saturday, March 1, 2014",71,81
15,1233,"Saturday, March 1, 2014",64,90
15,1233,"Saturday, March 1, 2014",116,65
15,1233,"Saturday, March 1, 2014",19701,81
15,1233,"Saturday, March 1, 2014",68001,83
15,1233,"Saturday, March 1, 2014",6001,60
15,1233,"Saturday, March 1, 2014",88901,79
15,1233,"Saturday, March 1, 2014",35004,79
15,1233,"Saturday, March 1, 2014",38848,70
15,1233,"Saturday, March 1, 2014",64,87
15,1233,"Saturday, March 1, 2014",56,68
15,1233,"Saturday, March 1, 2014",43001,85
15,1233,"Saturday, March 1, 2014",72,77
15,1233,"Saturday, March 1, 2014",68001,78
15,1233,"Saturday, March 1, 2014",12,61
15,1233,"Saturday, March 1, 2014",84,81
15,1233,"Saturday, March 1, 2014",501,61
15,1233,"Saturday, March 1, 2014",63005,67
15,1233,"Saturday, March 1, 2014",40003,78
15,1233,"Saturday, March 1, 2014",7001,66
15,1233,"Saturday, March 1, 2014",188,86
15,1233,"Saturday, March 1, 2014",72,84
15,1233,"Saturday, March 1, 2014",41,78
15,1233,"Saturday, March 1, 2014",71,66
15,1233,"Saturday, March 1, 2014",67,62
15,1233,"Saturday, March 1, 2014",19701,68
15,1233,"Saturday, March 1, 2014",12,60
15,1233,"Saturday, March 1, 2014",48001,62
15,1233,"Saturday, March 1, 2014",84,78
15,1233,"Saturday, March 1, 2014",1,81
15,1233,"Saturday, March 1, 2014",63,80
15,1233,"Saturday, March 1, 2014",27,87
15,1233,"Saturday, March 1, 2014",1,85
15,1233,"Saturday, March 1, 2014",20001,62
15,1233,"Saturday, March 1, 2014",27,82
15,1233,"Saturday, March 1, 2014",72,90
15,1233,"Saturday, March 1, 2014",27,69
15,1233,"Saturday, March 1, 2014",29001,66
15,1233,"Saturday, March 1, 2014",71601,89
15,1233,"Saturday, March 1, 2014",82001,65
15,1233,"Saturday, March 1, 2014",6001,64
15,1233,"Saturday, March 1, 2014",188,60
15,1233,"Saturday, March 1, 2014",19701,63
15,1233,"Saturday, March 1, 2014",88901,71
15,1233,"Saturday, March 1, 2014",64,81
15,1233,"Saturday, March 1, 2014",20041,70
15,1233,"Saturday, March 1, 2014",20041,64
15,1233,"Saturday, March 1, 2014",71601,81
15,1233,"Saturday, March 1, 2014",71,84
15,1233,"Saturday, March 1, 2014",27,89
15,1233,"Saturday, March 1, 2014",84,89
15,1233,"Saturday, March 1, 2014",43001,67
15,1233,"Saturday, March 1, 2014",53001,89
15,1233,"Saturday, March 1, 2014",67,63
15,1233,"Saturday, March 1, 2014",63,68
15,1233,"Saturday, March 1, 2014",71601,80
15,1233,"Saturday, March 1, 2014",14,62
15,1233,"Saturday, March 1, 2014",71601,88
15,1233,"Saturday, March 1, 2014",68,81
15,1233,"Saturday, March 1, 2014",67,81
15,1233,"Saturday, March 1, 2014",42223,64
15,1233,"Saturday, March 1, 2014",82001,81
7,1233,"Monday, July 1, 2013",12,78
7,1233,"Monday, July 1, 2013",20001,66
7,1233,"Monday, July 1, 2013",7001,78
7,1233,"Monday, July 1, 2013",68,88
7,1233,"Monday, July 1, 2013",188,74
7,1233,"Monday, July 1, 2013",29001,64
7,1233,"Monday, July 1, 2013",24701,79
7,1233,"Monday, July 1, 2013",1,66
7,1233,"Monday, July 1, 2013",63005,63
7,1233,"Monday, July 1, 2013",82001,77
7,1233,"Monday, July 1, 2013",62356,72
7,1233,"Monday, July 1, 2013",57001,82
7,1233,"Monday, July 1, 2013",14,65
7,1233,"Monday, July 1, 2013",24701,63
7,1233,"Monday, July 1, 2013",58001,76
7,1233,"Monday, July 1, 2013",14,72
7,1233,"Monday, July 1, 2013",63005,61
7,1233,"Monday, July 1, 2013",39813,84
7,1233,"Monday, July 1, 2013",71601,76
7,1233,"Monday, July 1, 2013",53001,88
7,1233,"Monday, July 1, 2013",35004,80
7,1233,"Monday, July 1, 2013",88901,70
7,1233,"Monday, July 1, 2013",43001,63
7,1233,"Monday, July 1, 2013",59,69
7,1233,"Monday, July 1, 2013",27,64
7,1233,"Monday, July 1, 2013",24701,81
7,1233,"Monday, July 1, 2013",5101,66
7,1233,"Monday, July 1, 2013",188,79
7,1233,"Monday, July 1, 2013",27,80
7,1233,"Monday, July 1, 2013",48001,84
7,1233,"Monday, July 1, 2013",68,88
7,1233,"Monday, July 1, 2013",71601,75
7,1233,"Monday, July 1, 2013",53001,81
7,1233,"Monday, July 1, 2013",63,85
7,1233,"Monday, July 1, 2013",72,63
7,1233,"Monday, July 1, 2013",43001,90
7,1233,"Monday, July 1, 2013",39813,73
7,1233,"Monday, July 1, 2013",68001,81
7,1233,"Monday, July 1, 2013",63,64
7,1233,"Monday, July 1, 2013",19701,61
7,1233,"Monday, July 1, 2013",2801,64
7,1233,"Monday, July 1, 2013",57001,68
7,1233,"Monday, July 1, 2013",7001,82
7,1233,"Monday, July 1, 2013",68,65
7,1233,"Monday, July 1, 2013",57001,90
7,1233,"Monday, July 1, 2013",38848,81
7,1233,"Monday, July 1, 2013",63,74
7,1233,"Monday, July 1, 2013",3033,84
7,1233,"Monday, July 1, 2013",68001,68
7,1233,"Monday, July 1, 2013",6001,87
7,1233,"Monday, July 1, 2013",188,74
7,1233,"Monday, July 1, 2013",64,80
7,1233,"Monday, July 1, 2013",15937,89
7,1233,"Monday, July 1, 2013",20058,61
7,1233,"Monday, July 1, 2013",58001,68
7,1233,"Monday, July 1, 2013",59,83
7,1233,"Monday, July 1, 2013",67,87
7,1233,"Monday, July 1, 2013",15937,66
7,1233,"Monday, July 1, 2013",50001,75
7,1233,"Monday, July 1, 2013",63005,90
7,1233,"Monday, July 1, 2013",6001,87
7,1233,"Monday, July 1, 2013",3033,71
7,1233,"Monday, July 1, 2013",38848,75
7,1233,"Monday, July 1, 2013",48001,73
7,1233,"Monday, July 1, 2013",82001,83
7,1233,"Monday, July 1, 2013",20041,83
7,1233,"Monday, July 1, 2013",3033,75
7,1233,"Monday, July 1, 2013",82001,74
7,1233,"Monday, July 1, 2013",12,66
7,1233,"Monday, July 1, 2013",2801,84
7,1233,"Monday, July 1, 2013",71,78
7,1233,"Monday, July 1, 2013",68001,69
7,1233,"Monday, July 1, 2013",67,75
7,1233,"Monday, July 1, 2013",20058,65
7,1233,"Monday, July 1, 2013",43001,85
7,1233,"Monday, July 1, 2013",48001,90
7,1233,"Monday, July 1, 2013",27,61
7,1233,"Monday, July 1, 2013",20058,90
7,1233,"Monday, July 1, 2013",6001,88
7,1233,"Monday, July 1, 2013",82001,80
7,1233,"Monday, July 1, 2013",63,84
7,1233,"Monday, July 1, 2013",39813,82
7,1233,"Monday, July 1, 2013",66002,80
7,1233,"Monday, July 1, 2013",42223,67
7,1233,"Monday, July 1, 2013",27,69
7,1233,"Monday, July 1, 2013",84,75
7,1233,"Monday, July 1, 2013",5101,72
7,1233,"Monday, July 1, 2013",6001,80
7,1233,"Monday, July 1, 2013",43001,85
7,1233,"Monday, July 1, 2013",39813,72
7,1233,"Monday, July 1, 2013",38848,81
7,1233,"Monday, July 1, 2013",46001,67
10,1233,"Tuesday, October 1, 2013",42223,61
10,1233,"Tuesday, October 1, 2013",42223,86
10,1233,"Tuesday, October 1, 2013",20058,71
10,1233,"Tuesday, October 1, 2013",116,60
10,1233,"Tuesday, October 1, 2013",2801,90
10,1233,"Tuesday, October 1, 2013",3033,66
10,1233,"Tuesday, October 1, 2013",39813,72
10,1233,"Tuesday, October 1, 2013",24701,86
10,1233,"Tuesday, October 1, 2013",38848,88
10,1233,"Tuesday, October 1, 2013",46001,89
10,1233,"Tuesday, October 1, 2013",56,90
10,1233,"Tuesday, October 1, 2013",15937,72
10,1233,"Tuesday, October 1, 2013",3033,77
10,1233,"Tuesday, October 1, 2013",20001,89
10,1233,"Tuesday, October 1, 2013",68,80
10,1233,"Tuesday, October 1, 2013",63,86
10,1233,"Tuesday, October 1, 2013",27,78
10,1233,"Tuesday, October 1, 2013",66002,68
10,1233,"Tuesday, October 1, 2013",68,69
10,1233,"Tuesday, October 1, 2013",46001,86
10,1233,"Tuesday, October 1, 2013",19701,62
10,1233,"Tuesday, October 1, 2013",62356,69
10,1233,"Tuesday, October 1, 2013",46001,83
10,1233,"Tuesday, October 1, 2013",64,70
10,1233,"Tuesday, October 1, 2013",42223,86
10,1233,"Tuesday, October 1, 2013",40003,63
10,1233,"Tuesday, October 1, 2013",63,68
10,1233,"Tuesday, October 1, 2013",158,66
10,1233,"Tuesday, October 1, 2013",35004,69
10,1233,"Tuesday, October 1, 2013",1,65
10,1233,"Tuesday, October 1, 2013",14,63
10,1233,"Tuesday, October 1, 2013",63005,63
10,1233,"Tuesday, October 1, 2013",72,61
10,1233,"Tuesday, October 1, 2013",48001,76
10,1233,"Tuesday, October 1, 2013",42223,87
10,1233,"Tuesday, October 1, 2013",7001,89
10,1233,"Tuesday, October 1, 2013",3033,75
10,1233,"Tuesday, October 1, 2013",15937,82
10,1233,"Tuesday, October 1, 2013",24701,80
10,1233,"Tuesday, October 1, 2013",88901,79
10,1233,"Tuesday, October 1, 2013",24701,84
10,1233,"Tuesday, October 1, 2013",27,79
10,1233,"Tuesday, October 1, 2013",20001,73
10,1233,"Tuesday, October 1, 2013",38848,68
10,1233,"Tuesday, October 1, 2013",68001,64
10,1233,"Tuesday, October 1, 2013",158,85
10,1233,"Tuesday, October 1, 2013",188,81
10,1233,"Tuesday, October 1, 2013",39813,80
10,1233,"Tuesday, October 1, 2013",20058,88
10,1233,"Tuesday, October 1, 2013",43001,78
10,1233,"Tuesday, October 1, 2013",43001,65
10,1233,"Tuesday, October 1, 2013",68001,89
10,1233,"Tuesday, October 1, 2013",1,83
10,1233,"Tuesday, October 1, 2013",64,73
10,1233,"Tuesday, October 1, 2013",50001,89
10,1233,"Tuesday, October 1, 2013",68,82
10,1233,"Tuesday, October 1, 2013",5101,80
10,1233,"Tuesday, October 1, 2013",53001,64
10,1233,"Tuesday, October 1, 2013",2801,62
10,1233,"Tuesday, October 1, 2013",56,79
10,1233,"Tuesday, October 1, 2013",43001,80
10,1233,"Tuesday, October 1, 2013",20001,63
10,1233,"Tuesday, October 1, 2013",35004,78
10,1233,"Tuesday, October 1, 2013",5101,90
10,1233,"Tuesday, October 1, 2013",158,78
10,1233,"Tuesday, October 1, 2013",68,74
10,1233,"Tuesday, October 1, 2013",20041,80
10,1233,"Tuesday, October 1, 2013",84,82
10,1233,"Tuesday, October 1, 2013",66002,86
10,1233,"Tuesday, October 1, 2013",7001,82
10,1233,"Tuesday, October 1, 2013",14,67
10,1233,"Tuesday, October 1, 2013",12,85
10,1233,"Tuesday, October 1, 2013",12,90
10,1233,"Tuesday, October 1, 2013",501,65
10,1233,"Tuesday, October 1, 2013",62356,69
10,1233,"Tuesday, October 1, 2013",3033,71
10,1233,"Tuesday, October 1, 2013",35004,62
10,1233,"Tuesday, October 1, 2013",35004,83
10,1233,"Tuesday, October 1, 2013",58001,61
10,1233,"Tuesday, October 1, 2013",63,64
10,1233,"Tuesday, October 1, 2013",71601,74
10,1233,"Tuesday, October 1, 2013",82001,75
10,1233,"Tuesday, October 1, 2013",2801,83
10,1233,"Tuesday, October 1, 2013",46001,69
10,1233,"Tuesday, October 1, 2013",40003,64
10,1233,"Tuesday, October 1, 2013",24701,84
10,1233,"Tuesday, October 1, 2013",71,72
10,1233,"Tuesday, October 1, 2013",57001,80
16,1233,"Tuesday, April 1, 2014",1,71
16,1233,"Tuesday, April 1, 2014",88901,85
16,1233,"Tuesday, April 1, 2014",41,88
16,1233,"Tuesday, April 1, 2014",2801,60
16,1233,"Tuesday, April 1, 2014",20001,85
16,1233,"Tuesday, April 1, 2014",20058,62
16,1233,"Tuesday, April 1, 2014",56,78
16,1233,"Tuesday, April 1, 2014",63,85
16,1233,"Tuesday, April 1, 2014",66002,67
16,1233,"Tuesday, April 1, 2014",64,89
16,1233,"Tuesday, April 1, 2014",1,77
16,1233,"Tuesday, April 1, 2014",5101,77
16,1233,"Tuesday, April 1, 2014",5101,84
16,1233,"Tuesday, April 1, 2014",71,67
16,1233,"Tuesday, April 1, 2014",27,65
16,1233,"Tuesday, April 1, 2014",72,80
16,1233,"Tuesday, April 1, 2014",20001,64
16,1233,"Tuesday, April 1, 2014",42223,65
16,1233,"Tuesday, April 1, 2014",46001,75
16,1233,"Tuesday, April 1, 2014",64,65
16,1233,"Tuesday, April 1, 2014",35004,78
16,1233,"Tuesday, April 1, 2014",66002,70
16,1233,"Tuesday, April 1, 2014",59,85
16,1233,"Tuesday, April 1, 2014",2801,83
16,1233,"Tuesday, April 1, 2014",43001,76
16,1233,"Tuesday, April 1, 2014",20058,80
16,1233,"Tuesday, April 1, 2014",19701,84
16,1233,"Tuesday, April 1, 2014",50001,78
16,1233,"Tuesday, April 1, 2014",50001,80
16,1233,"Tuesday, April 1, 2014",63005,61
16,1233,"Tuesday, April 1, 2014",64,74
16,1233,"Tuesday, April 1, 2014",71,90
16,1233,"Tuesday, April 1, 2014",43001,78
16,1233,"Tuesday, April 1, 2014",72,78
16,1233,"Tuesday, April 1, 2014",24701,65
16,1233,"Tuesday, April 1, 2014",3033,64
16,1233,"Tuesday, April 1, 2014",82001,89
16,1233,"Tuesday, April 1, 2014",19701,80
16,1233,"Tuesday, April 1, 2014",1,68
16,1233,"Tuesday, April 1, 2014",38848,73
16,1233,"Tuesday, April 1, 2014",501,72
16,1233,"Tuesday, April 1, 2014",72,90
16,1233,"Tuesday, April 1, 2014",68,81
16,1233,"Tuesday, April 1, 2014",88901,70
16,1233,"Tuesday, April 1, 2014",41,66
16,1233,"Tuesday, April 1, 2014",188,87
16,1233,"Tuesday, April 1, 2014",43001,78
16,1233,"Tuesday, April 1, 2014",63,66
16,1233,"Tuesday, April 1, 2014",62356,81
16,1233,"Tuesday, April 1, 2014",20001,76
16,1233,"Tuesday, April 1, 2014",88901,76
16,1233,"Tuesday, April 1, 2014",67,77
16,1233,"Tuesday, April 1, 2014",58001,62
16,1233,"Tuesday, April 1, 2014",12,70
16,1233,"Tuesday, April 1, 2014",53001,66
16,1233,"Tuesday, April 1, 2014",2801,77
16,1233,"Tuesday, April 1, 2014",20001,78
16,1233,"Tuesday, April 1, 2014",59,70
16,1233,"Tuesday, April 1, 2014",5101,88
16,1233,"Tuesday, April 1, 2014",20058,71
16,1233,"Tuesday, April 1, 2014",66002,87
16,1233,"Tuesday, April 1, 2014",50001,85
16,1233,"Tuesday, April 1, 2014",82001,82
16,1233,"Tuesday, April 1, 2014",43001,64
16,1233,"Tuesday, April 1, 2014",1,71
16,1233,"Tuesday, April 1, 2014",71601,81
16,1233,"Tuesday, April 1, 2014",68,67
16,1233,"Tuesday, April 1, 2014",63005,89
16,1233,"Tuesday, April 1, 2014",68001,77
16,1233,"Tuesday, April 1, 2014",19701,60
16,1233,"Tuesday, April 1, 2014",20058,62
16,1233,"Tuesday, April 1, 2014",2801,71
16,1233,"Tuesday, April 1, 2014",43001,82
16,1233,"Tuesday, April 1, 2014",14,70
16,1233,"Tuesday, April 1, 2014",63005,83
16,1233,"Tuesday, April 1, 2014",68001,70
16,1233,"Tuesday, April 1, 2014",40003,88
16,1233,"Tuesday, April 1, 2014",38848,81
16,1233,"Tuesday, April 1, 2014",20041,67
16,1233,"Tuesday, April 1, 2014",35004,81
16,1233,"Tuesday, April 1, 2014",29001,77
16,1233,"Tuesday, April 1, 2014",88901,75
16,1233,"Tuesday, April 1, 2014",82001,73
16,1233,"Tuesday, April 1, 2014",14,74
16,1233,"Tuesday, April 1, 2014",41,73
16,1233,"Tuesday, April 1, 2014",48001,60
16,1233,"Tuesday, April 1, 2014",58001,64
16,1233,"Tuesday, April 1, 2014",20001,78
22,1233,"Wednesday, October 1, 2014",20058,80
22,1233,"Wednesday, October 1, 2014",29001,74
22,1233,"Wednesday, October 1, 2014",57001,77
22,1233,"Wednesday, October 1, 2014",66002,80
22,1233,"Wednesday, October 1, 2014",62356,61
22,1233,"Wednesday, October 1, 2014",501,75
22,1233,"Wednesday, October 1, 2014",1,70
22,1233,"Wednesday, October 1, 2014",29001,71
22,1233,"Wednesday, October 1, 2014",68,88
22,1233,"Wednesday, October 1, 2014",2801,61
22,1233,"Wednesday, October 1, 2014",19701,61
22,1233,"Wednesday, October 1, 2014",5101,72
22,1233,"Wednesday, October 1, 2014",501,71
22,1233,"Wednesday, October 1, 2014",14,72
22,1233,"Wednesday, October 1, 2014",188,83
22,1233,"Wednesday, October 1, 2014",158,90
22,1233,"Wednesday, October 1, 2014",72,77
22,1233,"Wednesday, October 1, 2014",40003,79
22,1233,"Wednesday, October 1, 2014",501,75
22,1233,"Wednesday, October 1, 2014",64,69
22,1233,"Wednesday, October 1, 2014",14,83
22,1233,"Wednesday, October 1, 2014",64,65
22,1233,"Wednesday, October 1, 2014",88901,73
22,1233,"Wednesday, October 1, 2014",68,61
22,1233,"Wednesday, October 1, 2014",43001,64
22,1233,"Wednesday, October 1, 2014",66002,70
22,1233,"Wednesday, October 1, 2014",7001,80
22,1233,"Wednesday, October 1, 2014",20001,62
22,1233,"Wednesday, October 1, 2014",41,74
22,1233,"Wednesday, October 1, 2014",158,65
22,1233,"Wednesday, October 1, 2014",29001,79
22,1233,"Wednesday, October 1, 2014",68001,90
22,1233,"Wednesday, October 1, 2014",68,62
22,1233,"Wednesday, October 1, 2014",20041,66
22,1233,"Wednesday, October 1, 2014",58001,79
22,1233,"Wednesday, October 1, 2014",158,75
22,1233,"Wednesday, October 1, 2014",56,90
22,1233,"Wednesday, October 1, 2014",20041,72
22,1233,"Wednesday, October 1, 2014",68,82
22,1233,"Wednesday, October 1, 2014",68,87
22,1233,"Wednesday, October 1, 2014",39813,68
22,1233,"Wednesday, October 1, 2014",43001,71
22,1233,"Wednesday, October 1, 2014",158,68
22,1233,"Wednesday, October 1, 2014",63,77
22,1233,"Wednesday, October 1, 2014",1,60
22,1233,"Wednesday, October 1, 2014",71,89
22,1233,"Wednesday, October 1, 2014",68,60
22,1233,"Wednesday, October 1, 2014",15937,89
22,1233,"Wednesday, October 1, 2014",7001,64
22,1233,"Wednesday, October 1, 2014",24701,82
22,1233,"Wednesday, October 1, 2014",66002,60
22,1233,"Wednesday, October 1, 2014",63,76
22,1233,"Wednesday, October 1, 2014",29001,74
22,1233,"Wednesday, October 1, 2014",12,86
22,1233,"Wednesday, October 1, 2014",1,79
22,1233,"Wednesday, October 1, 2014",6001,65
22,1233,"Wednesday, October 1, 2014",48001,87
22,1233,"Wednesday, October 1, 2014",59,65
22,1233,"Wednesday, October 1, 2014",20041,74
22,1233,"Wednesday, October 1, 2014",71,73
22,1233,"Wednesday, October 1, 2014",2801,71
22,1233,"Wednesday, October 1, 2014",15937,81
22,1233,"Wednesday, October 1, 2014",7001,62
22,1233,"Wednesday, October 1, 2014",84,73
22,1233,"Wednesday, October 1, 2014",43001,78
22,1233,"Wednesday, October 1, 2014",19701,66
22,1233,"Wednesday, October 1, 2014",3033,65
22,1233,"Wednesday, October 1, 2014",158,78
22,1233,"Wednesday, October 1, 2014",62356,62
22,1233,"Wednesday, October 1, 2014",19701,88
22,1233,"Wednesday, October 1, 2014",68,74
22,1233,"Wednesday, October 1, 2014",14,86
22,1233,"Wednesday, October 1, 2014",43001,89
22,1233,"Wednesday, October 1, 2014",14,90
22,1233,"Wednesday, October 1, 2014",1,70
22,1233,"Wednesday, October 1, 2014",63005,86
22,1233,"Wednesday, October 1, 2014",5101,86
22,1233,"Wednesday, October 1, 2014",72,74
22,1233,"Wednesday, October 1, 2014",42223,62
22,1233,"Wednesday, October 1, 2014",82001,74
22,1233,"Wednesday, October 1, 2014",56,69
22,1233,"Wednesday, October 1, 2014",59,78
22,1233,"Wednesday, October 1, 2014",50001,90
22,1233,"Wednesday, October 1, 2014",46001,75
22,1233,"Wednesday, October 1, 2014",20041,84
22,1233,"Wednesday, October 1, 2014",15937,72
22,1233,"Wednesday, October 1, 2014",1,68
24,1233,"Monday, December 1, 2014",501,84
24,1233,"Monday, December 1, 2014",64,80
24,1233,"Monday, December 1, 2014",2801,87
24,1233,"Monday, December 1, 2014",188,79
24,1233,"Monday, December 1, 2014",48001,60
24,1233,"Monday, December 1, 2014",63,75
24,1233,"Monday, December 1, 2014",71,62
24,1233,"Monday, December 1, 2014",15937,74
24,1233,"Monday, December 1, 2014",24701,67
24,1233,"Monday, December 1, 2014",19701,60
24,1233,"Monday, December 1, 2014",20058,77
24,1233,"Monday, December 1, 2014",62356,61
24,1233,"Monday, December 1, 2014",116,80
24,1233,"Monday, December 1, 2014",64,70
24,1233,"Monday, December 1, 2014",42223,68
24,1233,"Monday, December 1, 2014",68001,82
24,1233,"Monday, December 1, 2014",40003,75
24,1233,"Monday, December 1, 2014",2801,73
24,1233,"Monday, December 1, 2014",5101,70
24,1233,"Monday, December 1, 2014",53001,75
24,1233,"Monday, December 1, 2014",88901,61
24,1233,"Monday, December 1, 2014",39813,83
24,1233,"Monday, December 1, 2014",14,71
24,1233,"Monday, December 1, 2014",501,83
24,1233,"Monday, December 1, 2014",64,74
24,1233,"Monday, December 1, 2014",84,76
24,1233,"Monday, December 1, 2014",158,77
24,1233,"Monday, December 1, 2014",62356,71
24,1233,"Monday, December 1, 2014",24701,70
24,1233,"Monday, December 1, 2014",68,64
24,1233,"Monday, December 1, 2014",35004,87
24,1233,"Monday, December 1, 2014",63005,87
24,1233,"Monday, December 1, 2014",6001,89
24,1233,"Monday, December 1, 2014",67,75
24,1233,"Monday, December 1, 2014",116,64
24,1233,"Monday, December 1, 2014",1,75
24,1233,"Monday, December 1, 2014",63005,64
24,1233,"Monday, December 1, 2014",56,75
24,1233,"Monday, December 1, 2014",71,79
24,1233,"Monday, December 1, 2014",2801,86
24,1233,"Monday, December 1, 2014",48001,76
24,1233,"Monday, December 1, 2014",41,75
24,1233,"Monday, December 1, 2014",63,64
24,1233,"Monday, December 1, 2014",59,63
24,1233,"Monday, December 1, 2014",24701,83
24,1233,"Monday, December 1, 2014",2801,79
24,1233,"Monday, December 1, 2014",58001,78
24,1233,"Monday, December 1, 2014",5101,80
24,1233,"Monday, December 1, 2014",84,85
24,1233,"Monday, December 1, 2014",1,69
24,1233,"Monday, December 1, 2014",71601,81
24,1233,"Monday, December 1, 2014",20041,79
24,1233,"Monday, December 1, 2014",72,84
24,1233,"Monday, December 1, 2014",5101,82
24,1233,"Monday, December 1, 2014",12,71
24,1233,"Monday, December 1, 2014",63005,65
24,1233,"Monday, December 1, 2014",64,90
24,1233,"Monday, December 1, 2014",56,78
24,1233,"Monday, December 1, 2014",64,75
24,1233,"Monday, December 1, 2014",82001,90
24,1233,"Monday, December 1, 2014",2801,76
24,1233,"Monday, December 1, 2014",38848,73
24,1233,"Monday, December 1, 2014",158,61
24,1233,"Monday, December 1, 2014",72,65
24,1233,"Monday, December 1, 2014",14,83
24,1233,"Monday, December 1, 2014",29001,60
24,1233,"Monday, December 1, 2014",68,90
24,1233,"Monday, December 1, 2014",7001,85
24,1233,"Monday, December 1, 2014",42223,64
24,1233,"Monday, December 1, 2014",68,62
24,1233,"Monday, December 1, 2014",20001,66
24,1233,"Monday, December 1, 2014",158,77
24,1233,"Monday, December 1, 2014",116,66
24,1233,"Monday, December 1, 2014",501,68
24,1233,"Monday, December 1, 2014",46001,83
24,1233,"Monday, December 1, 2014",29001,83
24,1233,"Monday, December 1, 2014",20001,78
24,1233,"Monday, December 1, 2014",20041,76
24,1233,"Monday, December 1, 2014",40003,61
24,1233,"Monday, December 1, 2014",12,61
24,1233,"Monday, December 1, 2014",3033,78
24,1233,"Monday, December 1, 2014",12,61
24,1233,"Monday, December 1, 2014",59,72
24,1233,"Monday, December 1, 2014",88901,63
24,1233,"Monday, December 1, 2014",29001,87
24,1233,"Monday, December 1, 2014",56,70
13,1233,"Wednesday, January 1, 2014",7001,60
13,1233,"Wednesday, January 1, 2014",12,70
13,1233,"Wednesday, January 1, 2014",63005,71
13,1233,"Wednesday, January 1, 2014",3033,71
13,1233,"Wednesday, January 1, 2014",59,74
13,1233,"Wednesday, January 1, 2014",3033,81
13,1233,"Wednesday, January 1, 2014",43001,89
13,1233,"Wednesday, January 1, 2014",71601,65
13,1233,"Wednesday, January 1, 2014",72,78
13,1233,"Wednesday, January 1, 2014",82001,60
13,1233,"Wednesday, January 1, 2014",6001,74
13,1233,"Wednesday, January 1, 2014",158,85
13,1233,"Wednesday, January 1, 2014",46001,76
13,1233,"Wednesday, January 1, 2014",12,79
13,1233,"Wednesday, January 1, 2014",68001,86
13,1233,"Wednesday, January 1, 2014",82001,66
13,1233,"Wednesday, January 1, 2014",116,64
13,1233,"Wednesday, January 1, 2014",67,63
13,1233,"Wednesday, January 1, 2014",59,67
13,1233,"Wednesday, January 1, 2014",1,80
13,1233,"Wednesday, January 1, 2014",35004,76
13,1233,"Wednesday, January 1, 2014",63,75
13,1233,"Wednesday, January 1, 2014",3033,77
13,1233,"Wednesday, January 1, 2014",64,65
13,1233,"Wednesday, January 1, 2014",58001,65
13,1233,"Wednesday, January 1, 2014",12,68
13,1233,"Wednesday, January 1, 2014",19701,78
13,1233,"Wednesday, January 1, 2014",188,73
13,1233,"Wednesday, January 1, 2014",56,79
13,1233,"Wednesday, January 1, 2014",24701,90
13,1233,"Wednesday, January 1, 2014",501,87
13,1233,"Wednesday, January 1, 2014",38848,70
13,1233,"Wednesday, January 1, 2014",27,70
13,1233,"Wednesday, January 1, 2014",68,90
13,1233,"Wednesday, January 1, 2014",116,86
13,1233,"Wednesday, January 1, 2014",15937,74
13,1233,"Wednesday, January 1, 2014",14,70
13,1233,"Wednesday, January 1, 2014",68,67
13,1233,"Wednesday, January 1, 2014",68001,60
13,1233,"Wednesday, January 1, 2014",14,81
13,1233,"Wednesday, January 1, 2014",46001,61
13,1233,"Wednesday, January 1, 2014",71601,73
13,1233,"Wednesday, January 1, 2014",62356,60
13,1233,"Wednesday, January 1, 2014",29001,68
13,1233,"Wednesday, January 1, 2014",5101,76
13,1233,"Wednesday, January 1, 2014",41,80
13,1233,"Wednesday, January 1, 2014",35004,72
13,1233,"Wednesday, January 1, 2014",68,61
13,1233,"Wednesday, January 1, 2014",71601,71
13,1233,"Wednesday, January 1, 2014",58001,71
13,1233,"Wednesday, January 1, 2014",48001,78
13,1233,"Wednesday, January 1, 2014",15937,78
13,1233,"Wednesday, January 1, 2014",116,78
13,1233,"Wednesday, January 1, 2014",71,84
13,1233,"Wednesday, January 1, 2014",1,78
13,1233,"Wednesday, January 1, 2014",64,67
13,1233,"Wednesday, January 1, 2014",24701,65
13,1233,"Wednesday, January 1, 2014",3033,62
13,1233,"Wednesday, January 1, 2014",88901,71
13,1233,"Wednesday, January 1, 2014",20058,71
13,1233,"Wednesday, January 1, 2014",82001,68
13,1233,"Wednesday, January 1, 2014",15937,75
13,1233,"Wednesday, January 1, 2014",39813,78
13,1233,"Wednesday, January 1, 2014",2801,80
13,1233,"Wednesday, January 1, 2014",12,73
13,1233,"Wednesday, January 1, 2014",501,89
13,1233,"Wednesday, January 1, 2014",66002,62
13,1233,"Wednesday, January 1, 2014",67,85
13,1233,"Wednesday, January 1, 2014",1,88
13,1233,"Wednesday, January 1, 2014",48001,72
13,1233,"Wednesday, January 1, 2014",38848,79
13,1233,"Wednesday, January 1, 2014",62356,62
13,1233,"Wednesday, January 1, 2014",27,68
13,1233,"Wednesday, January 1, 2014",64,63
13,1233,"Wednesday, January 1, 2014",116,81
13,1233,"Wednesday, January 1, 2014",84,70
13,1233,"Wednesday, January 1, 2014",188,82
13,1233,"Wednesday, January 1, 2014",5101,90
13,1233,"Wednesday, January 1, 2014",20041,84
13,1233,"Wednesday, January 1, 2014",19701,64
13,1233,"Wednesday, January 1, 2014",188,62
13,1233,"Wednesday, January 1, 2014",56,84
13,1233,"Wednesday, January 1, 2014",50001,77
13,1233,"Wednesday, January 1, 2014",68,69
13,1233,"Wednesday, January 1, 2014",63005,72
19,1233,"Tuesday, July 1, 2014",5101,82
19,1233,"Tuesday, July 1, 2014",58001,62
19,1233,"Tuesday, July 1, 2014",14,85
19,1233,"Tuesday, July 1, 2014",40003,74
19,1233,"Tuesday, July 1, 2014",38848,60
19,1233,"Tuesday, July 1, 2014",35004,89
19,1233,"Tuesday, July 1, 2014",35004,83
19,1233,"Tuesday, July 1, 2014",82001,68
19,1233,"Tuesday, July 1, 2014",40003,67
19,1233,"Tuesday, July 1, 2014",64,63
19,1233,"Tuesday, July 1, 2014",66002,84
19,1233,"Tuesday, July 1, 2014",72,82
19,1233,"Tuesday, July 1, 2014",59,67
19,1233,"Tuesday, July 1, 2014",43001,85
19,1233,"Tuesday, July 1, 2014",68,63
19,1233,"Tuesday, July 1, 2014",116,90
19,1233,"Tuesday, July 1, 2014",24701,81
19,1233,"Tuesday, July 1, 2014",39813,63
19,1233,"Tuesday, July 1, 2014",27,64
19,1233,"Tuesday, July 1, 2014",64,60
19,1233,"Tuesday, July 1, 2014",63005,88
19,1233,"Tuesday, July 1, 2014",158,69
19,1233,"Tuesday, July 1, 2014",71601,79
19,1233,"Tuesday, July 1, 2014",15937,71
19,1233,"Tuesday, July 1, 2014",24701,81
19,1233,"Tuesday, July 1, 2014",2801,62
19,1233,"Tuesday, July 1, 2014",50001,86
19,1233,"Tuesday, July 1, 2014",38848,82
19,1233,"Tuesday, July 1, 2014",84,82
19,1233,"Tuesday, July 1, 2014",68001,90
19,1233,"Tuesday, July 1, 2014",6001,86
19,1233,"Tuesday, July 1, 2014",15937,60
19,1233,"Tuesday, July 1, 2014",15937,72
19,1233,"Tuesday, July 1, 2014",35004,60
19,1233,"Tuesday, July 1, 2014",71601,82
19,1233,"Tuesday, July 1, 2014",82001,82
19,1233,"Tuesday, July 1, 2014",88901,72
19,1233,"Tuesday, July 1, 2014",62356,71
19,1233,"Tuesday, July 1, 2014",41,86
19,1233,"Tuesday, July 1, 2014",82001,77
19,1233,"Tuesday, July 1, 2014",48001,61
19,1233,"Tuesday, July 1, 2014",82001,68
19,1233,"Tuesday, July 1, 2014",53001,62
19,1233,"Tuesday, July 1, 2014",46001,79
19,1233,"Tuesday, July 1, 2014",67,73
19,1233,"Tuesday, July 1, 2014",58001,86
19,1233,"Tuesday, July 1, 2014",24701,60
19,1233,"Tuesday, July 1, 2014",29001,85
19,1233,"Tuesday, July 1, 2014",20058,71
19,1233,"Tuesday, July 1, 2014",20041,60
19,1233,"Tuesday, July 1, 2014",1,64
19,1233,"Tuesday, July 1, 2014",14,66
19,1233,"Tuesday, July 1, 2014",46001,63
19,1233,"Tuesday, July 1, 2014",42223,65
19,1233,"Tuesday, July 1, 2014",56,66
19,1233,"Tuesday, July 1, 2014",82001,68
19,1233,"Tuesday, July 1, 2014",35004,82
19,1233,"Tuesday, July 1, 2014",71,80
19,1233,"Tuesday, July 1, 2014",15937,78
19,1233,"Tuesday, July 1, 2014",1,64
19,1233,"Tuesday, July 1, 2014",116,76
19,1233,"Tuesday, July 1, 2014",42223,73
19,1233,"Tuesday, July 1, 2014",40003,90
19,1233,"Tuesday, July 1, 2014",7001,81
19,1233,"Tuesday, July 1, 2014",14,88
19,1233,"Tuesday, July 1, 2014",116,67
19,1233,"Tuesday, July 1, 2014",38848,70
19,1233,"Tuesday, July 1, 2014",50001,90
19,1233,"Tuesday, July 1, 2014",48001,69
19,1233,"Tuesday, July 1, 2014",20001,62
19,1233,"Tuesday, July 1, 2014",46001,78
19,1233,"Tuesday, July 1, 2014",12,60
19,1233,"Tuesday, July 1, 2014",48001,73
19,1233,"Tuesday, July 1, 2014",20001,86
19,1233,"Tuesday, July 1, 2014",7001,71
19,1233,"Tuesday, July 1, 2014",2801,71
19,1233,"Tuesday, July 1, 2014",27,61
19,1233,"Tuesday, July 1, 2014",20041,78
19,1233,"Tuesday, July 1, 2014",58001,61
19,1233,"Tuesday, July 1, 2014",71601,87
19,1233,"Tuesday, July 1, 2014",62356,68
19,1233,"Tuesday, July 1, 2014",48001,79
8,1233,"Thursday, August 1, 2013",6001,83
8,1233,"Thursday, August 1, 2013",20058,71
8,1233,"Thursday, August 1, 2013",53001,89
8,1233,"Thursday, August 1, 2013",2801,76
8,1233,"Thursday, August 1, 2013",12,66
8,1233,"Thursday, August 1, 2013",19701,60
8,1233,"Thursday, August 1, 2013",42223,70
8,1233,"Thursday, August 1, 2013",50001,84
8,1233,"Thursday, August 1, 2013",72,73
8,1233,"Thursday, August 1, 2013",57001,64
8,1233,"Thursday, August 1, 2013",84,89
8,1233,"Thursday, August 1, 2013",15937,67
8,1233,"Thursday, August 1, 2013",7001,74
8,1233,"Thursday, August 1, 2013",46001,89
8,1233,"Thursday, August 1, 2013",15937,79
8,1233,"Thursday, August 1, 2013",64,74
8,1233,"Thursday, August 1, 2013",5101,79
8,1233,"Thursday, August 1, 2013",68,66
8,1233,"Thursday, August 1, 2013",158,61
8,1233,"Thursday, August 1, 2013",71,65
8,1233,"Thursday, August 1, 2013",41,90
8,1233,"Thursday, August 1, 2013",71,75
8,1233,"Thursday, August 1, 2013",3033,82
8,1233,"Thursday, August 1, 2013",20001,90
8,1233,"Thursday, August 1, 2013",67,65
8,1233,"Thursday, August 1, 2013",7001,70
8,1233,"Thursday, August 1, 2013",14,69
8,1233,"Thursday, August 1, 2013",14,67
8,1233,"Thursday, August 1, 2013",5101,67
8,1233,"Thursday, August 1, 2013",48001,90
8,1233,"Thursday, August 1, 2013",58001,78
8,1233,"Thursday, August 1, 2013",82001,66
8,1233,"Thursday, August 1, 2013",20041,85
8,1233,"Thursday, August 1, 2013",88901,88
8,1233,"Thursday, August 1, 2013",59,60
8,1233,"Thursday, August 1, 2013",15937,61
8,1233,"Thursday, August 1, 2013",29001,86
8,1233,"Thursday, August 1, 2013",50001,78
8,1233,"Thursday, August 1, 2013",2801,71
8,1233,"Thursday, August 1, 2013",68001,66
8,1233,"Thursday, August 1, 2013",5101,79
8,1233,"Thursday, August 1, 2013",20041,65
8,1233,"Thursday, August 1, 2013",68,65
8,1233,"Thursday, August 1, 2013",57001,89
8,1233,"Thursday, August 1, 2013",5101,87
8,1233,"Thursday, August 1, 2013",84,75
8,1233,"Thursday, August 1, 2013",53001,79
8,1233,"Thursday, August 1, 2013",56,72
8,1233,"Thursday, August 1, 2013",56,85
8,1233,"Thursday, August 1, 2013",40003,62
8,1233,"Thursday, August 1, 2013",59,67
8,1233,"Thursday, August 1, 2013",68,90
8,1233,"Thursday, August 1, 2013",57001,83
8,1233,"Thursday, August 1, 2013",71,77
8,1233,"Thursday, August 1, 2013",1,60
8,1233,"Thursday, August 1, 2013",58001,81
8,1233,"Thursday, August 1, 2013",501,87
8,1233,"Thursday, August 1, 2013",40003,76
8,1233,"Thursday, August 1, 2013",43001,80
8,1233,"Thursday, August 1, 2013",501,82
8,1233,"Thursday, August 1, 2013",12,75
8,1233,"Thursday, August 1, 2013",72,63
8,1233,"Thursday, August 1, 2013",39813,84
8,1233,"Thursday, August 1, 2013",72,78
8,1233,"Thursday, August 1, 2013",50001,90
8,1233,"Thursday, August 1, 2013",66002,78
8,1233,"Thursday, August 1, 2013",84,83
8,1233,"Thursday, August 1, 2013",14,89
8,1233,"Thursday, August 1, 2013",38848,78
8,1233,"Thursday, August 1, 2013",20001,63
8,1233,"Thursday, August 1, 2013",1,74
8,1233,"Thursday, August 1, 2013",71,84
8,1233,"Thursday, August 1, 2013",1,84
8,1233,"Thursday, August 1, 2013",15937,77
8,1233,"Thursday, August 1, 2013",72,78
8,1233,"Thursday, August 1, 2013",68001,82
8,1233,"Thursday, August 1, 2013",188,60
8,1233,"Thursday, August 1, 2013",63005,64
8,1233,"Thursday, August 1, 2013",48001,61
8,1233,"Thursday, August 1, 2013",64,87
8,1233,"Thursday, August 1, 2013",82001,88
8,1233,"Thursday, August 1, 2013",116,69
14,1233,"Saturday, February 1, 2014",29001,78
14,1233,"Saturday, February 1, 2014",20041,90
14,1233,"Saturday, February 1, 2014",5101,89
14,1233,"Saturday, February 1, 2014",20058,66
14,1233,"Saturday, February 1, 2014",20041,68
14,1233,"Saturday, February 1, 2014",39813,87
14,1233,"Saturday, February 1, 2014",7001,90
14,1233,"Saturday, February 1, 2014",88901,80
14,1233,"Saturday, February 1, 2014",39813,77
14,1233,"Saturday, February 1, 2014",116,62
14,1233,"Saturday, February 1, 2014",42223,67
14,1233,"Saturday, February 1, 2014",35004,79
14,1233,"Saturday, February 1, 2014",41,86
14,1233,"Saturday, February 1, 2014",158,62
14,1233,"Saturday, February 1, 2014",63,66
14,1233,"Saturday, February 1, 2014",59,81
14,1233,"Saturday, February 1, 2014",5101,74
14,1233,"Saturday, February 1, 2014",71,68
14,1233,"Saturday, February 1, 2014",40003,75
14,1233,"Saturday, February 1, 2014",29001,65
14,1233,"Saturday, February 1, 2014",24701,69
14,1233,"Saturday, February 1, 2014",58001,75
14,1233,"Saturday, February 1, 2014",57001,87
14,1233,"Saturday, February 1, 2014",27,68
14,1233,"Saturday, February 1, 2014",63005,69
14,1233,"Saturday, February 1, 2014",38848,78
14,1233,"Saturday, February 1, 2014",3033,63
14,1233,"Saturday, February 1, 2014",19701,62
14,1233,"Saturday, February 1, 2014",63005,87
14,1233,"Saturday, February 1, 2014",72,76
14,1233,"Saturday, February 1, 2014",38848,84
14,1233,"Saturday, February 1, 2014",56,72
14,1233,"Saturday, February 1, 2014",15937,76
14,1233,"Saturday, February 1, 2014",88901,60
14,1233,"Saturday, February 1, 2014",39813,86
14,1233,"Saturday, February 1, 2014",63005,67
14,1233,"Saturday, February 1, 2014",68,89
14,1233,"Saturday, February 1, 2014",66002,82
14,1233,"Saturday, February 1, 2014",82001,80
14,1233,"Saturday, February 1, 2014",68,82
14,1233,"Saturday, February 1, 2014",43001,72
14,1233,"Saturday, February 1, 2014",46001,70
14,1233,"Saturday, February 1, 2014",41,65
14,1233,"Saturday, February 1, 2014",71,60
14,1233,"Saturday, February 1, 2014",2801,72
14,1233,"Saturday, February 1, 2014",6001,85
14,1233,"Saturday, February 1, 2014",67,85
14,1233,"Saturday, February 1, 2014",14,80
14,1233,"Saturday, February 1, 2014",29001,88
14,1233,"Saturday, February 1, 2014",82001,78
14,1233,"Saturday, February 1, 2014",64,66
14,1233,"Saturday, February 1, 2014",14,86
14,1233,"Saturday, February 1, 2014",20001,67
14,1233,"Saturday, February 1, 2014",53001,77
14,1233,"Saturday, February 1, 2014",116,90
14,1233,"Saturday, February 1, 2014",67,68
14,1233,"Saturday, February 1, 2014",20058,82
14,1233,"Saturday, February 1, 2014",39813,81
14,1233,"Saturday, February 1, 2014",158,64
14,1233,"Saturday, February 1, 2014",24701,75
14,1233,"Saturday, February 1, 2014",62356,88
14,1233,"Saturday, February 1, 2014",72,62
14,1233,"Saturday, February 1, 2014",6001,85
14,1233,"Saturday, February 1, 2014",84,84
14,1233,"Saturday, February 1, 2014",188,63
14,1233,"Saturday, February 1, 2014",15937,85
14,1233,"Saturday, February 1, 2014",59,65
14,1233,"Saturday, February 1, 2014",29001,75
14,1233,"Saturday, February 1, 2014",20058,60
14,1233,"Saturday, February 1, 2014",188,73
14,1233,"Saturday, February 1, 2014",59,85
14,1233,"Saturday, February 1, 2014",46001,60
14,1233,"Saturday, February 1, 2014",50001,74
14,1233,"Saturday, February 1, 2014",56,74
14,1233,"Saturday, February 1, 2014",56,84
14,1233,"Saturday, February 1, 2014",82001,81
14,1233,"Saturday, February 1, 2014",116,72
14,1233,"Saturday, February 1, 2014",7001,68
14,1233,"Saturday, February 1, 2014",2801,66
14,1233,"Saturday, February 1, 2014",29001,62
12,1233,"Sunday, December 1, 2013",59,64
12,1233,"Sunday, December 1, 2013",12,86
12,1233,"Sunday, December 1, 2013",48001,70
12,1233,"Sunday, December 1, 2013",35004,79
12,1233,"Sunday, December 1, 2013",64,87
12,1233,"Sunday, December 1, 2013",116,82
12,1233,"Sunday, December 1, 2013",42223,69
12,1233,"Sunday, December 1, 2013",116,62
12,1233,"Sunday, December 1, 2013",56,78
12,1233,"Sunday, December 1, 2013",12,76
12,1233,"Sunday, December 1, 2013",3033,61
12,1233,"Sunday, December 1, 2013",48001,67
12,1233,"Sunday, December 1, 2013",24701,79
12,1233,"Sunday, December 1, 2013",40003,90
12,1233,"Sunday, December 1, 2013",20058,67
12,1233,"Sunday, December 1, 2013",50001,82
12,1233,"Sunday, December 1, 2013",66002,86
12,1233,"Sunday, December 1, 2013",62356,67
12,1233,"Sunday, December 1, 2013",6001,73
12,1233,"Sunday, December 1, 2013",188,90
12,1233,"Sunday, December 1, 2013",40003,84
12,1233,"Sunday, December 1, 2013",38848,65
12,1233,"Sunday, December 1, 2013",39813,77
12,1233,"Sunday, December 1, 2013",43001,61
12,1233,"Sunday, December 1, 2013",62356,73
12,1233,"Sunday, December 1, 2013",24701,88
12,1233,"Sunday, December 1, 2013",40003,77
12,1233,"Sunday, December 1, 2013",39813,69
12,1233,"Sunday, December 1, 2013",14,90
12,1233,"Sunday, December 1, 2013",20041,72
12,1233,"Sunday, December 1, 2013",12,69
12,1233,"Sunday, December 1, 2013",14,73
12,1233,"Sunday, December 1, 2013",188,84
12,1233,"Sunday, December 1, 2013",62356,79
12,1233,"Sunday, December 1, 2013",53001,60
12,1233,"Sunday, December 1, 2013",41,63
12,1233,"Sunday, December 1, 2013",35004,74
12,1233,"Sunday, December 1, 2013",40003,75
12,1233,"Sunday, December 1, 2013",20041,73
12,1233,"Sunday, December 1, 2013",72,76
12,1233,"Sunday, December 1, 2013",82001,82
12,1233,"Sunday, December 1, 2013",68,69
12,1233,"Sunday, December 1, 2013",59,90
12,1233,"Sunday, December 1, 2013",24701,80
12,1233,"Sunday, December 1, 2013",42223,81
12,1233,"Sunday, December 1, 2013",158,63
12,1233,"Sunday, December 1, 2013",35004,79
12,1233,"Sunday, December 1, 2013",35004,65
12,1233,"Sunday, December 1, 2013",20001,90
12,1233,"Sunday, December 1, 2013",67,87
12,1233,"Sunday, December 1, 2013",39813,71
12,1233,"Sunday, December 1, 2013",12,83
12,1233,"Sunday, December 1, 2013",67,83
12,1233,"Sunday, December 1, 2013",3033,63
12,1233,"Sunday, December 1, 2013",5101,70
12,1233,"Sunday, December 1, 2013",67,67
12,1233,"Sunday, December 1, 2013",59,69
12,1233,"Sunday, December 1, 2013",71601,79
12,1233,"Sunday, December 1, 2013",14,88
12,1233,"Sunday, December 1, 2013",82001,63
12,1233,"Sunday, December 1, 2013",35004,77
12,1233,"Sunday, December 1, 2013",6001,61
12,1233,"Sunday, December 1, 2013",5101,78
12,1233,"Sunday, December 1, 2013",48001,82
12,1233,"Sunday, December 1, 2013",29001,70
12,1233,"Sunday, December 1, 2013",72,73
12,1233,"Sunday, December 1, 2013",14,82
12,1233,"Sunday, December 1, 2013",66002,71
12,1233,"Sunday, December 1, 2013",27,61
12,1233,"Sunday, December 1, 2013",71,82
12,1233,"Sunday, December 1, 2013",14,64
12,1233,"Sunday, December 1, 2013",67,63
12,1233,"Sunday, December 1, 2013",2801,77
12,1233,"Sunday, December 1, 2013",62356,82
12,1233,"Sunday, December 1, 2013",63005,70
12,1233,"Sunday, December 1, 2013",20058,69
12,1233,"Sunday, December 1, 2013",66002,73
12,1233,"Sunday, December 1, 2013",3033,64
12,1233,"Sunday, December 1, 2013",19701,62
9,1233,"Sunday, September 1, 2013",64,79
9,1233,"Sunday, September 1, 2013",27,61
9,1233,"Sunday, September 1, 2013",42223,79
9,1233,"Sunday, September 1, 2013",24701,66
9,1233,"Sunday, September 1, 2013",62356,61
9,1233,"Sunday, September 1, 2013",35004,79
9,1233,"Sunday, September 1, 2013",59,60
9,1233,"Sunday, September 1, 2013",15937,64
9,1233,"Sunday, September 1, 2013",50001,64
9,1233,"Sunday, September 1, 2013",14,61
9,1233,"Sunday, September 1, 2013",43001,66
9,1233,"Sunday, September 1, 2013",1,65
9,1233,"Sunday, September 1, 2013",158,88
9,1233,"Sunday, September 1, 2013",53001,60
9,1233,"Sunday, September 1, 2013",20058,64
9,1233,"Sunday, September 1, 2013",116,64
9,1233,"Sunday, September 1, 2013",158,64
9,1233,"Sunday, September 1, 2013",14,85
9,1233,"Sunday, September 1, 2013",27,88
9,1233,"Sunday, September 1, 2013",40003,65
9,1233,"Sunday, September 1, 2013",64,66
9,1233,"Sunday, September 1, 2013",158,71
9,1233,"Sunday, September 1, 2013",6001,74
9,1233,"Sunday, September 1, 2013",15937,69
9,1233,"Sunday, September 1, 2013",158,69
9,1233,"Sunday, September 1, 2013",50001,71
9,1233,"Sunday, September 1, 2013",66002,69
9,1233,"Sunday, September 1, 2013",68,72
9,1233,"Sunday, September 1, 2013",12,88
9,1233,"Sunday, September 1, 2013",66002,67
9,1233,"Sunday, September 1, 2013",71,89
9,1233,"Sunday, September 1, 2013",68001,63
9,1233,"Sunday, September 1, 2013",53001,76
9,1233,"Sunday, September 1, 2013",35004,84
9,1233,"Sunday, September 1, 2013",27,83
9,1233,"Sunday, September 1, 2013",42223,66
9,1233,"Sunday, September 1, 2013",158,60
9,1233,"Sunday, September 1, 2013",158,90
9,1233,"Sunday, September 1, 2013",58001,90
9,1233,"Sunday, September 1, 2013",57001,72
9,1233,"Sunday, September 1, 2013",35004,68
9,1233,"Sunday, September 1, 2013",1,78
9,1233,"Sunday, September 1, 2013",43001,77
9,1233,"Sunday, September 1, 2013",58001,77
9,1233,"Sunday, September 1, 2013",5101,69
9,1233,"Sunday, September 1, 2013",48001,90
9,1233,"Sunday, September 1, 2013",63,77
9,1233,"Sunday, September 1, 2013",29001,88
9,1233,"Sunday, September 1, 2013",116,61
9,1233,"Sunday, September 1, 2013",68,78
9,1233,"Sunday, September 1, 2013",15937,88
9,1233,"Sunday, September 1, 2013",27,90
9,1233,"Sunday, September 1, 2013",71,74
9,1233,"Sunday, September 1, 2013",62356,80
9,1233,"Sunday, September 1, 2013",84,64
9,1233,"Sunday, September 1, 2013",63,74
9,1233,"Sunday, September 1, 2013",27,67
9,1233,"Sunday, September 1, 2013",24701,69
9,1233,"Sunday, September 1, 2013",71601,89
9,1233,"Sunday, September 1, 2013",66002,65
9,1233,"Sunday, September 1, 2013",3033,83
9,1233,"Sunday, September 1, 2013",53001,64
9,1233,"Sunday, September 1, 2013",116,64
9,1233,"Sunday, September 1, 2013",68001,80
9,1233,"Sunday, September 1, 2013",82001,78
9,1233,"Sunday, September 1, 2013",68,70
9,1233,"Sunday, September 1, 2013",57001,70
9,1233,"Sunday, September 1, 2013",68001,78
9,1233,"Sunday, September 1, 2013",1,70
9,1233,"Sunday, September 1, 2013",66002,70
9,1233,"Sunday, September 1, 2013",29001,67
9,1233,"Sunday, September 1, 2013",46001,60
9,1233,"Sunday, September 1, 2013",72,72
9,1233,"Sunday, September 1, 2013",63,83
9,1233,"Sunday, September 1, 2013",68,65
9,1233,"Sunday, September 1, 2013",14,71
9,1233,"Sunday, September 1, 2013",41,88
21,1233,"Monday, September 1, 2014",68001,64
21,1233,"Monday, September 1, 2014",24701,66
21,1233,"Monday, September 1, 2014",42223,72
21,1233,"Monday, September 1, 2014",2801,88
21,1233,"Monday, September 1, 2014",20041,60
21,1233,"Monday, September 1, 2014",19701,90
21,1233,"Monday, September 1, 2014",188,60
21,1233,"Monday, September 1, 2014",29001,82
21,1233,"Monday, September 1, 2014",64,67
21,1233,"Monday, September 1, 2014",38848,71
21,1233,"Monday, September 1, 2014",2801,61
21,1233,"Monday, September 1, 2014",82001,67
21,1233,"Monday, September 1, 2014",41,80
21,1233,"Monday, September 1, 2014",20001,86
21,1233,"Monday, September 1, 2014",58001,73
21,1233,"Monday, September 1, 2014",56,72
21,1233,"Monday, September 1, 2014",29001,63
21,1233,"Monday, September 1, 2014",3033,85
21,1233,"Monday, September 1, 2014",38848,60
21,1233,"Monday, September 1, 2014",56,86
21,1233,"Monday, September 1, 2014",20041,86
21,1233,"Monday, September 1, 2014",43001,86
21,1233,"Monday, September 1, 2014",46001,72
21,1233,"Monday, September 1, 2014",72,66
21,1233,"Monday, September 1, 2014",72,90
21,1233,"Monday, September 1, 2014",14,64
21,1233,"Monday, September 1, 2014",188,60
21,1233,"Monday, September 1, 2014",3033,80
21,1233,"Monday, September 1, 2014",7001,66
21,1233,"Monday, September 1, 2014",84,61
21,1233,"Monday, September 1, 2014",20058,75
21,1233,"Monday, September 1, 2014",158,79
21,1233,"Monday, September 1, 2014",116,70
21,1233,"Monday, September 1, 2014",41,88
21,1233,"Monday, September 1, 2014",72,86
21,1233,"Monday, September 1, 2014",63,88
21,1233,"Monday, September 1, 2014",116,82
21,1233,"Monday, September 1, 2014",68,80
21,1233,"Monday, September 1, 2014",188,83
21,1233,"Monday, September 1, 2014",68,60
21,1233,"Monday, September 1, 2014",40003,68
21,1233,"Monday, September 1, 2014",188,65
21,1233,"Monday, September 1, 2014",38848,72
21,1233,"Monday, September 1, 2014",68001,85
21,1233,"Monday, September 1, 2014",35004,76
21,1233,"Monday, September 1, 2014",53001,82
21,1233,"Monday, September 1, 2014",57001,81
21,1233,"Monday, September 1, 2014",50001,80
21,1233,"Monday, September 1, 2014",24701,67
21,1233,"Monday, September 1, 2014",58001,62
21,1233,"Monday, September 1, 2014",501,86
21,1233,"Monday, September 1, 2014",64,63
21,1233,"Monday, September 1, 2014",7001,79
21,1233,"Monday, September 1, 2014",29001,83
21,1233,"Monday, September 1, 2014",116,63
21,1233,"Monday, September 1, 2014",6001,82
21,1233,"Monday, September 1, 2014",20041,73
21,1233,"Monday, September 1, 2014",58001,78
21,1233,"Monday, September 1, 2014",57001,88
21,1233,"Monday, September 1, 2014",24701,88
21,1233,"Monday, September 1, 2014",68,60
21,1233,"Monday, September 1, 2014",188,72
21,1233,"Monday, September 1, 2014",64,61
21,1233,"Monday, September 1, 2014",14,62
21,1233,"Monday, September 1, 2014",2801,85
21,1233,"Monday, September 1, 2014",15937,81
21,1233,"Monday, September 1, 2014",71601,67
21,1233,"Monday, September 1, 2014",53001,60
21,1233,"Monday, September 1, 2014",20058,75
21,1233,"Monday, September 1, 2014",15937,90
21,1233,"Monday, September 1, 2014",46001,62
21,1233,"Monday, September 1, 2014",15937,76
21,1233,"Monday, September 1, 2014",116,73
21,1233,"Monday, September 1, 2014",42223,76
21,1233,"Monday, September 1, 2014",6001,62
20,1233,"Friday, August 1, 2014",50001,89
20,1233,"Friday, August 1, 2014",158,83
20,1233,"Friday, August 1, 2014",116,80
20,1233,"Friday, August 1, 2014",6001,64
20,1233,"Friday, August 1, 2014",20041,60
20,1233,"Friday, August 1, 2014",41,62
20,1233,"Friday, August 1, 2014",19701,84
20,1233,"Friday, August 1, 2014",58001,87
20,1233,"Friday, August 1, 2014",58001,90
20,1233,"Friday, August 1, 2014",501,68
20,1233,"Friday, August 1, 2014",58001,85
20,1233,"Friday, August 1, 2014",71,75
20,1233,"Friday, August 1, 2014",39813,62
20,1233,"Friday, August 1, 2014",38848,71
20,1233,"Friday, August 1, 2014",19701,66
20,1233,"Friday, August 1, 2014",19701,73
20,1233,"Friday, August 1, 2014",57001,68
20,1233,"Friday, August 1, 2014",24701,61
20,1233,"Friday, August 1, 2014",14,85
20,1233,"Friday, August 1, 2014",27,62
20,1233,"Friday, August 1, 2014",29001,87
20,1233,"Friday, August 1, 2014",158,90
20,1233,"Friday, August 1, 2014",158,88
20,1233,"Friday, August 1, 2014",59,73
20,1233,"Friday, August 1, 2014",24701,79
20,1233,"Friday, August 1, 2014",68001,66
20,1233,"Friday, August 1, 2014",188,75
20,1233,"Friday, August 1, 2014",68,84
20,1233,"Friday, August 1, 2014",67,77
20,1233,"Friday, August 1, 2014",68001,78
20,1233,"Friday, August 1, 2014",68001,71
20,1233,"Friday, August 1, 2014",20058,75
20,1233,"Friday, August 1, 2014",3033,78
20,1233,"Friday, August 1, 2014",57001,78
20,1233,"Friday, August 1, 2014",82001,89
20,1233,"Friday, August 1, 2014",68,74
20,1233,"Friday, August 1, 2014",1,74
20,1233,"Friday, August 1, 2014",88901,76
20,1233,"Friday, August 1, 2014",46001,84
20,1233,"Friday, August 1, 2014",42223,82
20,1233,"Friday, August 1, 2014",72,77
20,1233,"Friday, August 1, 2014",63,70
20,1233,"Friday, August 1, 2014",50001,65
20,1233,"Friday, August 1, 2014",116,81
20,1233,"Friday, August 1, 2014",56,79
20,1233,"Friday, August 1, 2014",20001,80
20,1233,"Friday, August 1, 2014",20041,80
20,1233,"Friday, August 1, 2014",46001,78
20,1233,"Friday, August 1, 2014",63005,75
20,1233,"Friday, August 1, 2014",20041,85
20,1233,"Friday, August 1, 2014",3033,68
20,1233,"Friday, August 1, 2014",66002,64
20,1233,"Friday, August 1, 2014",68001,88
20,1233,"Friday, August 1, 2014",39813,81
20,1233,"Friday, August 1, 2014",71601,66
20,1233,"Friday, August 1, 2014",3033,82
20,1233,"Friday, August 1, 2014",6001,82
20,1233,"Friday, August 1, 2014",15937,82
20,1233,"Friday, August 1, 2014",7001,60
20,1233,"Friday, August 1, 2014",116,62
20,1233,"Friday, August 1, 2014",12,81
20,1233,"Friday, August 1, 2014",41,67
20,1233,"Friday, August 1, 2014",68001,74
20,1233,"Friday, August 1, 2014",40003,84
20,1233,"Friday, August 1, 2014",71,87
20,1233,"Friday, August 1, 2014",64,81
20,1233,"Friday, August 1, 2014",14,62
20,1233,"Friday, August 1, 2014",19701,68
20,1233,"Friday, August 1, 2014",68001,62
20,1233,"Friday, August 1, 2014",20058,88
20,1233,"Friday, August 1, 2014",64,72
20,1233,"Friday, August 1, 2014",12,78
20,1233,"Friday, August 1, 2014",15937,86
11,1233,"Friday, November 1, 2013",2801,67
11,1233,"Friday, November 1, 2013",63,67
11,1233,"Friday, November 1, 2013",56,71
11,1233,"Friday, November 1, 2013",67,61
11,1233,"Friday, November 1, 2013",188,90
11,1233,"Friday, November 1, 2013",3033,72
11,1233,"Friday, November 1, 2013",72,88
11,1233,"Friday, November 1, 2013",68,89
11,1233,"Friday, November 1, 2013",84,80
11,1233,"Friday, November 1, 2013",116,61
11,1233,"Friday, November 1, 2013",38848,89
11,1233,"Friday, November 1, 2013",53001,72
11,1233,"Friday, November 1, 2013",43001,77
11,1233,"Friday, November 1, 2013",27,77
11,1233,"Friday, November 1, 2013",71,63
11,1233,"Friday, November 1, 2013",27,78
11,1233,"Friday, November 1, 2013",7001,68
11,1233,"Friday, November 1, 2013",62356,83
11,1233,"Friday, November 1, 2013",2801,84
11,1233,"Friday, November 1, 2013",20041,65
11,1233,"Friday, November 1, 2013",43001,65
11,1233,"Friday, November 1, 2013",29001,75
11,1233,"Friday, November 1, 2013",35004,87
11,1233,"Friday, November 1, 2013",29001,61
11,1233,"Friday, November 1, 2013",62356,66
11,1233,"Friday, November 1, 2013",64,60
11,1233,"Friday, November 1, 2013",27,77
11,1233,"Friday, November 1, 2013",68,76
11,1233,"Friday, November 1, 2013",24701,82
11,1233,"Friday, November 1, 2013",116,77
11,1233,"Friday, November 1, 2013",64,83
11,1233,"Friday, November 1, 2013",84,65
11,1233,"Friday, November 1, 2013",6001,66
11,1233,"Friday, November 1, 2013",48001,71
11,1233,"Friday, November 1, 2013",20041,77
11,1233,"Friday, November 1, 2013",42223,68
11,1233,"Friday, November 1, 2013",71,72
11,1233,"Friday, November 1, 2013",12,83
11,1233,"Friday, November 1, 2013",71,60
11,1233,"Friday, November 1, 2013",3033,81
11,1233,"Friday, November 1, 2013",50001,82
11,1233,"Friday, November 1, 2013",67,61
11,1233,"Friday, November 1, 2013",58001,67
11,1233,"Friday, November 1, 2013",71601,65
11,1233,"Friday, November 1, 2013",27,71
11,1233,"Friday, November 1, 2013",50001,71
11,1233,"Friday, November 1, 2013",1,61
11,1233,"Friday, November 1, 2013",7001,85
11,1233,"Friday, November 1, 2013",1,85
11,1233,"Friday, November 1, 2013",46001,80
11,1233,"Friday, November 1, 2013",6001,64
11,1233,"Friday, November 1, 2013",42223,73
11,1233,"Friday, November 1, 2013",501,75
11,1233,"Friday, November 1, 2013",1,67
11,1233,"Friday, November 1, 2013",41,87
11,1233,"Friday, November 1, 2013",53001,62
11,1233,"Friday, November 1, 2013",53001,68
11,1233,"Friday, November 1, 2013",188,67
11,1233,"Friday, November 1, 2013",12,80
11,1233,"Friday, November 1, 2013",116,65
11,1233,"Friday, November 1, 2013",72,68
11,1233,"Friday, November 1, 2013",116,80
11,1233,"Friday, November 1, 2013",43001,90
11,1233,"Friday, November 1, 2013",72,90
11,1233,"Friday, November 1, 2013",64,76
11,1233,"Friday, November 1, 2013",188,81
11,1233,"Friday, November 1, 2013",2801,79
11,1233,"Friday, November 1, 2013",72,72
11,1233,"Friday, November 1, 2013",42223,82
11,1233,"Friday, November 1, 2013",38848,69
11,1233,"Friday, November 1, 2013",188,82
11,1233,"Friday, November 1, 2013",20041,69
23,1233,"Saturday, November 1, 2014",66002,64
23,1233,"Saturday, November 1, 2014",63,86
23,1233,"Saturday, November 1, 2014",2801,70
23,1233,"Saturday, November 1, 2014",29001,74
23,1233,"Saturday, November 1, 2014",63,62
23,1233,"Saturday, November 1, 2014",158,71
23,1233,"Saturday, November 1, 2014",27,83
23,1233,"Saturday, November 1, 2014",53001,72
23,1233,"Saturday, November 1, 2014",40003,81
23,1233,"Saturday, November 1, 2014",58001,80
23,1233,"Saturday, November 1, 2014",188,73
23,1233,"Saturday, November 1, 2014",14,87
23,1233,"Saturday, November 1, 2014",71601,75
23,1233,"Saturday, November 1, 2014",56,89
23,1233,"Saturday, November 1, 2014",29001,73
23,1233,"Saturday, November 1, 2014",66002,61
23,1233,"Saturday, November 1, 2014",20041,90
23,1233,"Saturday, November 1, 2014",19701,68
23,1233,"Saturday, November 1, 2014",59,70
23,1233,"Saturday, November 1, 2014",62356,81
23,1233,"Saturday, November 1, 2014",40003,62
23,1233,"Saturday, November 1, 2014",39813,71
23,1233,"Saturday, November 1, 2014",42223,72
23,1233,"Saturday, November 1, 2014",15937,71
23,1233,"Saturday, November 1, 2014",15937,77
23,1233,"Saturday, November 1, 2014",72,75
23,1233,"Saturday, November 1, 2014",43001,70
23,1233,"Saturday, November 1, 2014",63005,89
23,1233,"Saturday, November 1, 2014",67,63
23,1233,"Saturday, November 1, 2014",501,75
23,1233,"Saturday, November 1, 2014",50001,77
23,1233,"Saturday, November 1, 2014",41,87
23,1233,"Saturday, November 1, 2014",62356,73
23,1233,"Saturday, November 1, 2014",82001,76
23,1233,"Saturday, November 1, 2014",57001,83
23,1233,"Saturday, November 1, 2014",2801,80
23,1233,"Saturday, November 1, 2014",29001,78
23,1233,"Saturday, November 1, 2014",53001,84
23,1233,"Saturday, November 1, 2014",59,89
23,1233,"Saturday, November 1, 2014",63005,73
23,1233,"Saturday, November 1, 2014",1,73
23,1233,"Saturday, November 1, 2014",57001,72
23,1233,"Saturday, November 1, 2014",7001,89
23,1233,"Saturday, November 1, 2014",38848,85
23,1233,"Saturday, November 1, 2014",68,67
23,1233,"Saturday, November 1, 2014",58001,68
23,1233,"Saturday, November 1, 2014",20041,74
23,1233,"Saturday, November 1, 2014",72,75
23,1233,"Saturday, November 1, 2014",41,66
23,1233,"Saturday, November 1, 2014",38848,69
23,1233,"Saturday, November 1, 2014",41,64
23,1233,"Saturday, November 1, 2014",66002,89
23,1233,"Saturday, November 1, 2014",48001,64
23,1233,"Saturday, November 1, 2014",56,71
23,1233,"Saturday, November 1, 2014",501,70
23,1233,"Saturday, November 1, 2014",27,61
23,1233,"Saturday, November 1, 2014",59,83
23,1233,"Saturday, November 1, 2014",35004,80
23,1233,"Saturday, November 1, 2014",50001,73
23,1233,"Saturday, November 1, 2014",66002,61
23,1233,"Saturday, November 1, 2014",72,86
23,1233,"Saturday, November 1, 2014",42223,79
23,1233,"Saturday, November 1, 2014",46001,60
23,1233,"Saturday, November 1, 2014",68,64
23,1233,"Saturday, November 1, 2014",38848,84
23,1233,"Saturday, November 1, 2014",48001,76
23,1233,"Saturday, November 1, 2014",20058,69
23,1233,"Saturday, November 1, 2014",46001,80
23,1233,"Saturday, November 1, 2014",63,72
17,1233,"Thursday, May 1, 2014",42223,89
17,1233,"Thursday, May 1, 2014",66002,84
17,1233,"Thursday, May 1, 2014",20001,84
17,1233,"Thursday, May 1, 2014",27,64
17,1233,"Thursday, May 1, 2014",84,77
17,1233,"Thursday, May 1, 2014",12,82
17,1233,"Thursday, May 1, 2014",38848,79
17,1233,"Thursday, May 1, 2014",50001,75
17,1233,"Thursday, May 1, 2014",15937,89
17,1233,"Thursday, May 1, 2014",43001,84
17,1233,"Thursday, May 1, 2014",20001,61
17,1233,"Thursday, May 1, 2014",46001,86
17,1233,"Thursday, May 1, 2014",6001,89
17,1233,"Thursday, May 1, 2014",62356,65
17,1233,"Thursday, May 1, 2014",67,88
17,1233,"Thursday, May 1, 2014",57001,60
17,1233,"Thursday, May 1, 2014",27,61
17,1233,"Thursday, May 1, 2014",20058,80
17,1233,"Thursday, May 1, 2014",7001,89
17,1233,"Thursday, May 1, 2014",58001,61
17,1233,"Thursday, May 1, 2014",24701,78
17,1233,"Thursday, May 1, 2014",46001,84
17,1233,"Thursday, May 1, 2014",3033,67
17,1233,"Thursday, May 1, 2014",50001,63
17,1233,"Thursday, May 1, 2014",58001,68
17,1233,"Thursday, May 1, 2014",42223,89
17,1233,"Thursday, May 1, 2014",72,67
17,1233,"Thursday, May 1, 2014",35004,70
17,1233,"Thursday, May 1, 2014",68001,72
17,1233,"Thursday, May 1, 2014",84,80
17,1233,"Thursday, May 1, 2014",53001,82
17,1233,"Thursday, May 1, 2014",3033,66
17,1233,"Thursday, May 1, 2014",27,66
17,1233,"Thursday, May 1, 2014",58001,60
17,1233,"Thursday, May 1, 2014",68001,90
17,1233,"Thursday, May 1, 2014",68,75
17,1233,"Thursday, May 1, 2014",88901,86
17,1233,"Thursday, May 1, 2014",7001,65
17,1233,"Thursday, May 1, 2014",66002,80
17,1233,"Thursday, May 1, 2014",24701,69
17,1233,"Thursday, May 1, 2014",38848,78
17,1233,"Thursday, May 1, 2014",46001,62
17,1233,"Thursday, May 1, 2014",72,78
17,1233,"Thursday, May 1, 2014",188,76
17,1233,"Thursday, May 1, 2014",38848,79
17,1233,"Thursday, May 1, 2014",59,76
17,1233,"Thursday, May 1, 2014",1,67
17,1233,"Thursday, May 1, 2014",82001,89
17,1233,"Thursday, May 1, 2014",40003,66
17,1233,"Thursday, May 1, 2014",84,82
17,1233,"Thursday, May 1, 2014",63,67
17,1233,"Thursday, May 1, 2014",53001,73
17,1233,"Thursday, May 1, 2014",5101,88
17,1233,"Thursday, May 1, 2014",41,63
17,1233,"Thursday, May 1, 2014",46001,75
17,1233,"Thursday, May 1, 2014",1,89
17,1233,"Thursday, May 1, 2014",46001,75
17,1233,"Thursday, May 1, 2014",67,67
17,1233,"Thursday, May 1, 2014",56,84
17,1233,"Thursday, May 1, 2014",20001,82
17,1233,"Thursday, May 1, 2014",72,71
17,1233,"Thursday, May 1, 2014",43001,90
17,1233,"Thursday, May 1, 2014",58001,82
17,1233,"Thursday, May 1, 2014",3033,63
17,1233,"Thursday, May 1, 2014",71601,80
17,1233,"Thursday, May 1, 2014",158,67
17,1233,"Thursday, May 1, 2014",24701,65
17,1233,"Thursday, May 1, 2014",62356,78
17,1233,"Thursday, May 1, 2014",3033,65
17,1233,"Thursday, May 1, 2014",3033,65
17,1233,"Thursday, May 1, 2014",57001,90
17,1233,"Thursday, May 1, 2014",66002,77
11,1726,"Friday, November 1, 2013",59,64
11,1726,"Friday, November 1, 2013",84,61
11,1726,"Friday, November 1, 2013",71601,65
11,1726,"Friday, November 1, 2013",24701,69
11,1726,"Friday, November 1, 2013",66002,62
11,1726,"Friday, November 1, 2013",72,88
11,1726,"Friday, November 1, 2013",19701,86
11,1726,"Friday, November 1, 2013",56,90
11,1726,"Friday, November 1, 2013",59,72
11,1726,"Friday, November 1, 2013",7001,67
11,1726,"Friday, November 1, 2013",6001,87
11,1726,"Friday, November 1, 2013",41,77
11,1726,"Friday, November 1, 2013",42223,84
11,1726,"Friday, November 1, 2013",66002,85
11,1726,"Friday, November 1, 2013",20001,76
11,1726,"Friday, November 1, 2013",29001,64
11,1726,"Friday, November 1, 2013",3033,75
11,1726,"Friday, November 1, 2013",19701,79
11,1726,"Friday, November 1, 2013",46001,70
11,1726,"Friday, November 1, 2013",57001,74
11,1726,"Friday, November 1, 2013",68001,79
11,1726,"Friday, November 1, 2013",63,83
11,1726,"Friday, November 1, 2013",48001,76
11,1726,"Friday, November 1, 2013",72,69
11,1726,"Friday, November 1, 2013",50001,87
11,1726,"Friday, November 1, 2013",72,83
11,1726,"Friday, November 1, 2013",41,88
11,1726,"Friday, November 1, 2013",188,65
11,1726,"Friday, November 1, 2013",71,81
11,1726,"Friday, November 1, 2013",6001,83
11,1726,"Friday, November 1, 2013",38848,69
11,1726,"Friday, November 1, 2013",1,85
11,1726,"Friday, November 1, 2013",501,64
11,1726,"Friday, November 1, 2013",39813,75
11,1726,"Friday, November 1, 2013",15937,67
11,1726,"Friday, November 1, 2013",82001,76
11,1726,"Friday, November 1, 2013",39813,63
11,1726,"Friday, November 1, 2013",59,69
11,1726,"Friday, November 1, 2013",67,73
11,1726,"Friday, November 1, 2013",3033,73
11,1726,"Friday, November 1, 2013",20058,72
11,1726,"Friday, November 1, 2013",2801,82
11,1726,"Friday, November 1, 2013",40003,83
11,1726,"Friday, November 1, 2013",40003,86
11,1726,"Friday, November 1, 2013",188,69
11,1726,"Friday, November 1, 2013",63005,77
11,1726,"Friday, November 1, 2013",84,73
11,1726,"Friday, November 1, 2013",84,63
11,1726,"Friday, November 1, 2013",42223,73
11,1726,"Friday, November 1, 2013",3033,71
11,1726,"Friday, November 1, 2013",67,61
11,1726,"Friday, November 1, 2013",2801,66
11,1726,"Friday, November 1, 2013",68,83
11,1726,"Friday, November 1, 2013",59,89
11,1726,"Friday, November 1, 2013",46001,60
11,1726,"Friday, November 1, 2013",64,82
11,1726,"Friday, November 1, 2013",53001,83
11,1726,"Friday, November 1, 2013",84,78
11,1726,"Friday, November 1, 2013",67,81
11,1726,"Friday, November 1, 2013",56,88
11,1726,"Friday, November 1, 2013",15937,79
17,1726,"Thursday, May 1, 2014",64,72
17,1726,"Thursday, May 1, 2014",59,62
17,1726,"Thursday, May 1, 2014",27,61
17,1726,"Thursday, May 1, 2014",41,67
17,1726,"Thursday, May 1, 2014",20041,72
17,1726,"Thursday, May 1, 2014",84,84
17,1726,"Thursday, May 1, 2014",1,83
17,1726,"Thursday, May 1, 2014",38848,82
17,1726,"Thursday, May 1, 2014",2801,60
17,1726,"Thursday, May 1, 2014",63,63
17,1726,"Thursday, May 1, 2014",88901,78
17,1726,"Thursday, May 1, 2014",20041,64
17,1726,"Thursday, May 1, 2014",27,84
17,1726,"Thursday, May 1, 2014",50001,71
17,1726,"Thursday, May 1, 2014",3033,90
17,1726,"Thursday, May 1, 2014",35004,80
17,1726,"Thursday, May 1, 2014",72,90
17,1726,"Thursday, May 1, 2014",58001,86
17,1726,"Thursday, May 1, 2014",19701,75
17,1726,"Thursday, May 1, 2014",71601,68
17,1726,"Thursday, May 1, 2014",24701,82
17,1726,"Thursday, May 1, 2014",63005,75
17,1726,"Thursday, May 1, 2014",46001,81
17,1726,"Thursday, May 1, 2014",58001,68
17,1726,"Thursday, May 1, 2014",20058,71
17,1726,"Thursday, May 1, 2014",46001,78
17,1726,"Thursday, May 1, 2014",501,74
17,1726,"Thursday, May 1, 2014",20001,71
17,1726,"Thursday, May 1, 2014",19701,62
17,1726,"Thursday, May 1, 2014",39813,75
17,1726,"Thursday, May 1, 2014",2801,89
17,1726,"Thursday, May 1, 2014",2801,71
17,1726,"Thursday, May 1, 2014",68,60
17,1726,"Thursday, May 1, 2014",24701,74
17,1726,"Thursday, May 1, 2014",41,72
17,1726,"Thursday, May 1, 2014",158,63
17,1726,"Thursday, May 1, 2014",29001,62
17,1726,"Thursday, May 1, 2014",12,81
17,1726,"Thursday, May 1, 2014",43001,83
17,1726,"Thursday, May 1, 2014",58001,73
17,1726,"Thursday, May 1, 2014",50001,72
17,1726,"Thursday, May 1, 2014",66002,78
17,1726,"Thursday, May 1, 2014",5101,82
17,1726,"Thursday, May 1, 2014",1,75
17,1726,"Thursday, May 1, 2014",46001,70
17,1726,"Thursday, May 1, 2014",43001,82
17,1726,"Thursday, May 1, 2014",68001,75
17,1726,"Thursday, May 1, 2014",63005,62
17,1726,"Thursday, May 1, 2014",46001,71
17,1726,"Thursday, May 1, 2014",35004,62
17,1726,"Thursday, May 1, 2014",38848,81
17,1726,"Thursday, May 1, 2014",43001,62
17,1726,"Thursday, May 1, 2014",3033,75
17,1726,"Thursday, May 1, 2014",48001,82
17,1726,"Thursday, May 1, 2014",2801,63
17,1726,"Thursday, May 1, 2014",50001,69
17,1726,"Thursday, May 1, 2014",58001,69
17,1726,"Thursday, May 1, 2014",1,67
7,1726,"Monday, July 1, 2013",19701,67
7,1726,"Monday, July 1, 2013",71601,66
7,1726,"Monday, July 1, 2013",20001,72
7,1726,"Monday, July 1, 2013",50001,72
7,1726,"Monday, July 1, 2013",66002,66
7,1726,"Monday, July 1, 2013",35004,63
7,1726,"Monday, July 1, 2013",20041,89
7,1726,"Monday, July 1, 2013",59,69
7,1726,"Monday, July 1, 2013",35004,81
7,1726,"Monday, July 1, 2013",2801,65
7,1726,"Monday, July 1, 2013",5101,76
7,1726,"Monday, July 1, 2013",40003,72
7,1726,"Monday, July 1, 2013",15937,87
7,1726,"Monday, July 1, 2013",46001,90
7,1726,"Monday, July 1, 2013",15937,72
7,1726,"Monday, July 1, 2013",58001,71
7,1726,"Monday, July 1, 2013",501,68
7,1726,"Monday, July 1, 2013",56,71
7,1726,"Monday, July 1, 2013",15937,70
7,1726,"Monday, July 1, 2013",72,90
7,1726,"Monday, July 1, 2013",68,71
7,1726,"Monday, July 1, 2013",68,67
7,1726,"Monday, July 1, 2013",35004,65
7,1726,"Monday, July 1, 2013",158,74
7,1726,"Monday, July 1, 2013",3033,87
7,1726,"Monday, July 1, 2013",68,63
7,1726,"Monday, July 1, 2013",35004,86
7,1726,"Monday, July 1, 2013",116,87
7,1726,"Monday, July 1, 2013",84,62
7,1726,"Monday, July 1, 2013",116,72
7,1726,"Monday, July 1, 2013",43001,83
7,1726,"Monday, July 1, 2013",43001,90
7,1726,"Monday, July 1, 2013",38848,90
7,1726,"Monday, July 1, 2013",66002,71
7,1726,"Monday, July 1, 2013",14,81
7,1726,"Monday, July 1, 2013",38848,72
7,1726,"Monday, July 1, 2013",57001,88
7,1726,"Monday, July 1, 2013",12,83
7,1726,"Monday, July 1, 2013",67,62
7,1726,"Monday, July 1, 2013",15937,83
7,1726,"Monday, July 1, 2013",35004,71
7,1726,"Monday, July 1, 2013",71,70
7,1726,"Monday, July 1, 2013",41,78
7,1726,"Monday, July 1, 2013",27,82
7,1726,"Monday, July 1, 2013",56,83
7,1726,"Monday, July 1, 2013",82001,60
7,1726,"Monday, July 1, 2013",14,67
7,1726,"Monday, July 1, 2013",41,88
7,1726,"Monday, July 1, 2013",59,61
7,1726,"Monday, July 1, 2013",63005,67
7,1726,"Monday, July 1, 2013",27,84
7,1726,"Monday, July 1, 2013",24701,68
7,1726,"Monday, July 1, 2013",56,80
7,1726,"Monday, July 1, 2013",68,76
7,1726,"Monday, July 1, 2013",2801,86
7,1726,"Monday, July 1, 2013",43001,61
7,1726,"Monday, July 1, 2013",27,85
7,1726,"Monday, July 1, 2013",35004,87
7,1726,"Monday, July 1, 2013",64,78
7,1726,"Monday, July 1, 2013",501,84
7,1726,"Monday, July 1, 2013",2801,73
7,1726,"Monday, July 1, 2013",27,78
7,1726,"Monday, July 1, 2013",2801,68
7,1726,"Monday, July 1, 2013",19701,72
20,1726,"Friday, August 1, 2014",41,85
20,1726,"Friday, August 1, 2014",20041,81
20,1726,"Friday, August 1, 2014",57001,66
20,1726,"Friday, August 1, 2014",5101,81
20,1726,"Friday, August 1, 2014",68,86
20,1726,"Friday, August 1, 2014",1,64
20,1726,"Friday, August 1, 2014",20058,70
20,1726,"Friday, August 1, 2014",62356,65
20,1726,"Friday, August 1, 2014",63,70
20,1726,"Friday, August 1, 2014",62356,88
20,1726,"Friday, August 1, 2014",72,66
20,1726,"Friday, August 1, 2014",68001,84
20,1726,"Friday, August 1, 2014",39813,61
20,1726,"Friday, August 1, 2014",68001,79
20,1726,"Friday, August 1, 2014",46001,76
20,1726,"Friday, August 1, 2014",1,61
20,1726,"Friday, August 1, 2014",40003,61
20,1726,"Friday, August 1, 2014",62356,88
20,1726,"Friday, August 1, 2014",50001,69
20,1726,"Friday, August 1, 2014",56,87
20,1726,"Friday, August 1, 2014",50001,68
20,1726,"Friday, August 1, 2014",15937,60
20,1726,"Friday, August 1, 2014",67,72
20,1726,"Friday, August 1, 2014",24701,75
20,1726,"Friday, August 1, 2014",84,80
20,1726,"Friday, August 1, 2014",6001,74
20,1726,"Friday, August 1, 2014",53001,74
20,1726,"Friday, August 1, 2014",46001,83
20,1726,"Friday, August 1, 2014",27,89
20,1726,"Friday, August 1, 2014",63,72
20,1726,"Friday, August 1, 2014",35004,65
20,1726,"Friday, August 1, 2014",20001,84
20,1726,"Friday, August 1, 2014",50001,71
20,1726,"Friday, August 1, 2014",68001,62
20,1726,"Friday, August 1, 2014",82001,83
20,1726,"Friday, August 1, 2014",50001,81
20,1726,"Friday, August 1, 2014",68001,80
20,1726,"Friday, August 1, 2014",24701,79
20,1726,"Friday, August 1, 2014",82001,73
20,1726,"Friday, August 1, 2014",188,90
20,1726,"Friday, August 1, 2014",64,83
20,1726,"Friday, August 1, 2014",67,65
20,1726,"Friday, August 1, 2014",15937,80
20,1726,"Friday, August 1, 2014",15937,60
20,1726,"Friday, August 1, 2014",14,73
20,1726,"Friday, August 1, 2014",29001,60
20,1726,"Friday, August 1, 2014",66002,69
20,1726,"Friday, August 1, 2014",2801,88
20,1726,"Friday, August 1, 2014",67,87
20,1726,"Friday, August 1, 2014",20058,90
20,1726,"Friday, August 1, 2014",158,60
20,1726,"Friday, August 1, 2014",59,83
20,1726,"Friday, August 1, 2014",59,81
20,1726,"Friday, August 1, 2014",19701,86
20,1726,"Friday, August 1, 2014",116,71
20,1726,"Friday, August 1, 2014",71601,79
20,1726,"Friday, August 1, 2014",50001,73
20,1726,"Friday, August 1, 2014",40003,84
20,1726,"Friday, August 1, 2014",63,78
20,1726,"Friday, August 1, 2014",6001,73
20,1726,"Friday, August 1, 2014",116,90
20,1726,"Friday, August 1, 2014",20058,66
20,1726,"Friday, August 1, 2014",46001,74
20,1726,"Friday, August 1, 2014",38848,70
20,1726,"Friday, August 1, 2014",5101,64
20,1726,"Friday, August 1, 2014",50001,82
20,1726,"Friday, August 1, 2014",62356,60
20,1726,"Friday, August 1, 2014",15937,82
20,1726,"Friday, August 1, 2014",41,84
20,1726,"Friday, August 1, 2014",39813,72
13,1726,"Wednesday, January 1, 2014",62356,68
13,1726,"Wednesday, January 1, 2014",71601,85
13,1726,"Wednesday, January 1, 2014",188,79
13,1726,"Wednesday, January 1, 2014",62356,87
13,1726,"Wednesday, January 1, 2014",39813,72
13,1726,"Wednesday, January 1, 2014",116,87
13,1726,"Wednesday, January 1, 2014",53001,63
13,1726,"Wednesday, January 1, 2014",56,63
13,1726,"Wednesday, January 1, 2014",68001,82
13,1726,"Wednesday, January 1, 2014",46001,68
13,1726,"Wednesday, January 1, 2014",41,63
13,1726,"Wednesday, January 1, 2014",20058,81
13,1726,"Wednesday, January 1, 2014",7001,76
13,1726,"Wednesday, January 1, 2014",6001,79
13,1726,"Wednesday, January 1, 2014",88901,64
13,1726,"Wednesday, January 1, 2014",72,69
13,1726,"Wednesday, January 1, 2014",48001,62
13,1726,"Wednesday, January 1, 2014",88901,69
13,1726,"Wednesday, January 1, 2014",43001,82
13,1726,"Wednesday, January 1, 2014",501,87
13,1726,"Wednesday, January 1, 2014",39813,86
13,1726,"Wednesday, January 1, 2014",15937,71
13,1726,"Wednesday, January 1, 2014",38848,82
13,1726,"Wednesday, January 1, 2014",68001,71
13,1726,"Wednesday, January 1, 2014",71,60
13,1726,"Wednesday, January 1, 2014",20041,73
13,1726,"Wednesday, January 1, 2014",59,86
13,1726,"Wednesday, January 1, 2014",20001,77
13,1726,"Wednesday, January 1, 2014",38848,67
13,1726,"Wednesday, January 1, 2014",63005,80
13,1726,"Wednesday, January 1, 2014",1,68
13,1726,"Wednesday, January 1, 2014",63005,67
13,1726,"Wednesday, January 1, 2014",46001,75
13,1726,"Wednesday, January 1, 2014",20041,85
13,1726,"Wednesday, January 1, 2014",20041,73
13,1726,"Wednesday, January 1, 2014",38848,81
13,1726,"Wednesday, January 1, 2014",188,67
13,1726,"Wednesday, January 1, 2014",62356,73
13,1726,"Wednesday, January 1, 2014",20058,66
13,1726,"Wednesday, January 1, 2014",6001,88
13,1726,"Wednesday, January 1, 2014",50001,63
13,1726,"Wednesday, January 1, 2014",66002,67
13,1726,"Wednesday, January 1, 2014",24701,64
13,1726,"Wednesday, January 1, 2014",116,68
13,1726,"Wednesday, January 1, 2014",14,81
13,1726,"Wednesday, January 1, 2014",24701,87
13,1726,"Wednesday, January 1, 2014",27,88
13,1726,"Wednesday, January 1, 2014",158,90
13,1726,"Wednesday, January 1, 2014",116,79
13,1726,"Wednesday, January 1, 2014",46001,74
13,1726,"Wednesday, January 1, 2014",158,79
13,1726,"Wednesday, January 1, 2014",6001,89
13,1726,"Wednesday, January 1, 2014",12,85
13,1726,"Wednesday, January 1, 2014",46001,78
13,1726,"Wednesday, January 1, 2014",50001,79
13,1726,"Wednesday, January 1, 2014",35004,89
13,1726,"Wednesday, January 1, 2014",72,71
13,1726,"Wednesday, January 1, 2014",53001,80
13,1726,"Wednesday, January 1, 2014",12,71
13,1726,"Wednesday, January 1, 2014",67,77
13,1726,"Wednesday, January 1, 2014",67,90
13,1726,"Wednesday, January 1, 2014",39813,65
13,1726,"Wednesday, January 1, 2014",20041,80
13,1726,"Wednesday, January 1, 2014",68,73
13,1726,"Wednesday, January 1, 2014",62356,78
13,1726,"Wednesday, January 1, 2014",39813,78
13,1726,"Wednesday, January 1, 2014",67,79
13,1726,"Wednesday, January 1, 2014",24701,61
13,1726,"Wednesday, January 1, 2014",56,72
13,1726,"Wednesday, January 1, 2014",71601,87
13,1726,"Wednesday, January 1, 2014",40003,76
13,1726,"Wednesday, January 1, 2014",68,84
13,1726,"Wednesday, January 1, 2014",3033,67
13,1726,"Wednesday, January 1, 2014",3033,89
14,1726,"Saturday, February 1, 2014",82001,66
14,1726,"Saturday, February 1, 2014",50001,75
14,1726,"Saturday, February 1, 2014",53001,79
14,1726,"Saturday, February 1, 2014",20001,69
14,1726,"Saturday, February 1, 2014",6001,89
14,1726,"Saturday, February 1, 2014",67,70
14,1726,"Saturday, February 1, 2014",7001,71
14,1726,"Saturday, February 1, 2014",35004,85
14,1726,"Saturday, February 1, 2014",71,76
14,1726,"Saturday, February 1, 2014",38848,71
14,1726,"Saturday, February 1, 2014",88901,87
14,1726,"Saturday, February 1, 2014",84,62
14,1726,"Saturday, February 1, 2014",12,82
14,1726,"Saturday, February 1, 2014",41,70
14,1726,"Saturday, February 1, 2014",38848,69
14,1726,"Saturday, February 1, 2014",42223,82
14,1726,"Saturday, February 1, 2014",84,84
14,1726,"Saturday, February 1, 2014",158,79
14,1726,"Saturday, February 1, 2014",42223,64
14,1726,"Saturday, February 1, 2014",67,83
14,1726,"Saturday, February 1, 2014",3033,64
14,1726,"Saturday, February 1, 2014",48001,60
14,1726,"Saturday, February 1, 2014",158,79
14,1726,"Saturday, February 1, 2014",41,69
14,1726,"Saturday, February 1, 2014",29001,64
14,1726,"Saturday, February 1, 2014",20041,90
14,1726,"Saturday, February 1, 2014",29001,67
14,1726,"Saturday, February 1, 2014",63005,69
14,1726,"Saturday, February 1, 2014",116,86
14,1726,"Saturday, February 1, 2014",68001,66
14,1726,"Saturday, February 1, 2014",56,73
14,1726,"Saturday, February 1, 2014",20041,87
14,1726,"Saturday, February 1, 2014",82001,80
14,1726,"Saturday, February 1, 2014",116,63
14,1726,"Saturday, February 1, 2014",35004,73
14,1726,"Saturday, February 1, 2014",39813,60
14,1726,"Saturday, February 1, 2014",41,77
14,1726,"Saturday, February 1, 2014",15937,67
14,1726,"Saturday, February 1, 2014",64,85
14,1726,"Saturday, February 1, 2014",71,70
14,1726,"Saturday, February 1, 2014",35004,87
14,1726,"Saturday, February 1, 2014",64,76
14,1726,"Saturday, February 1, 2014",63,85
14,1726,"Saturday, February 1, 2014",66002,61
14,1726,"Saturday, February 1, 2014",71,69
14,1726,"Saturday, February 1, 2014",59,68
14,1726,"Saturday, February 1, 2014",20001,70
14,1726,"Saturday, February 1, 2014",40003,70
14,1726,"Saturday, February 1, 2014",63005,79
14,1726,"Saturday, February 1, 2014",20058,80
14,1726,"Saturday, February 1, 2014",59,82
14,1726,"Saturday, February 1, 2014",14,88
14,1726,"Saturday, February 1, 2014",14,60
14,1726,"Saturday, February 1, 2014",82001,84
14,1726,"Saturday, February 1, 2014",66002,64
14,1726,"Saturday, February 1, 2014",39813,90
14,1726,"Saturday, February 1, 2014",46001,63
14,1726,"Saturday, February 1, 2014",24701,84
14,1726,"Saturday, February 1, 2014",68,90
14,1726,"Saturday, February 1, 2014",1,61
14,1726,"Saturday, February 1, 2014",19701,83
14,1726,"Saturday, February 1, 2014",19701,84
14,1726,"Saturday, February 1, 2014",501,60
14,1726,"Saturday, February 1, 2014",7001,77
14,1726,"Saturday, February 1, 2014",19701,71
14,1726,"Saturday, February 1, 2014",46001,87
14,1726,"Saturday, February 1, 2014",64,63
14,1726,"Saturday, February 1, 2014",84,70
14,1726,"Saturday, February 1, 2014",68001,87
14,1726,"Saturday, February 1, 2014",43001,80
14,1726,"Saturday, February 1, 2014",29001,84
14,1726,"Saturday, February 1, 2014",20058,83
14,1726,"Saturday, February 1, 2014",72,61
14,1726,"Saturday, February 1, 2014",39813,80
14,1726,"Saturday, February 1, 2014",19701,60
14,1726,"Saturday, February 1, 2014",67,64
22,1726,"Wednesday, October 1, 2014",42223,69
22,1726,"Wednesday, October 1, 2014",20001,67
22,1726,"Wednesday, October 1, 2014",14,84
22,1726,"Wednesday, October 1, 2014",6001,61
22,1726,"Wednesday, October 1, 2014",57001,61
22,1726,"Wednesday, October 1, 2014",41,61
22,1726,"Wednesday, October 1, 2014",12,71
22,1726,"Wednesday, October 1, 2014",1,79
22,1726,"Wednesday, October 1, 2014",20041,71
22,1726,"Wednesday, October 1, 2014",5101,89
22,1726,"Wednesday, October 1, 2014",39813,76
22,1726,"Wednesday, October 1, 2014",67,71
22,1726,"Wednesday, October 1, 2014",46001,67
22,1726,"Wednesday, October 1, 2014",63005,67
22,1726,"Wednesday, October 1, 2014",5101,85
22,1726,"Wednesday, October 1, 2014",63,86
22,1726,"Wednesday, October 1, 2014",29001,90
22,1726,"Wednesday, October 1, 2014",116,65
22,1726,"Wednesday, October 1, 2014",43001,73
22,1726,"Wednesday, October 1, 2014",15937,90
22,1726,"Wednesday, October 1, 2014",63005,89
22,1726,"Wednesday, October 1, 2014",84,68
22,1726,"Wednesday, October 1, 2014",35004,80
22,1726,"Wednesday, October 1, 2014",35004,87
22,1726,"Wednesday, October 1, 2014",20058,86
22,1726,"Wednesday, October 1, 2014",40003,74
22,1726,"Wednesday, October 1, 2014",48001,72
22,1726,"Wednesday, October 1, 2014",53001,67
22,1726,"Wednesday, October 1, 2014",6001,82
22,1726,"Wednesday, October 1, 2014",72,61
22,1726,"Wednesday, October 1, 2014",66002,82
22,1726,"Wednesday, October 1, 2014",56,61
22,1726,"Wednesday, October 1, 2014",27,78
22,1726,"Wednesday, October 1, 2014",35004,88
22,1726,"Wednesday, October 1, 2014",48001,82
22,1726,"Wednesday, October 1, 2014",3033,62
22,1726,"Wednesday, October 1, 2014",63005,68
22,1726,"Wednesday, October 1, 2014",2801,83
22,1726,"Wednesday, October 1, 2014",24701,82
22,1726,"Wednesday, October 1, 2014",53001,67
22,1726,"Wednesday, October 1, 2014",3033,78
22,1726,"Wednesday, October 1, 2014",58001,64
22,1726,"Wednesday, October 1, 2014",84,73
22,1726,"Wednesday, October 1, 2014",48001,62
22,1726,"Wednesday, October 1, 2014",40003,77
22,1726,"Wednesday, October 1, 2014",7001,78
22,1726,"Wednesday, October 1, 2014",68,65
22,1726,"Wednesday, October 1, 2014",71601,69
22,1726,"Wednesday, October 1, 2014",72,77
22,1726,"Wednesday, October 1, 2014",24701,60
22,1726,"Wednesday, October 1, 2014",63005,71
22,1726,"Wednesday, October 1, 2014",63,64
22,1726,"Wednesday, October 1, 2014",63005,84
22,1726,"Wednesday, October 1, 2014",15937,82
22,1726,"Wednesday, October 1, 2014",38848,88
22,1726,"Wednesday, October 1, 2014",20041,60
22,1726,"Wednesday, October 1, 2014",64,80
22,1726,"Wednesday, October 1, 2014",6001,89
22,1726,"Wednesday, October 1, 2014",15937,77
22,1726,"Wednesday, October 1, 2014",501,68
22,1726,"Wednesday, October 1, 2014",88901,81
22,1726,"Wednesday, October 1, 2014",64,73
22,1726,"Wednesday, October 1, 2014",71,61
22,1726,"Wednesday, October 1, 2014",158,68
22,1726,"Wednesday, October 1, 2014",56,77
22,1726,"Wednesday, October 1, 2014",40003,64
22,1726,"Wednesday, October 1, 2014",501,84
22,1726,"Wednesday, October 1, 2014",88901,66
22,1726,"Wednesday, October 1, 2014",501,90
22,1726,"Wednesday, October 1, 2014",3033,84
22,1726,"Wednesday, October 1, 2014",15937,79
22,1726,"Wednesday, October 1, 2014",12,88
22,1726,"Wednesday, October 1, 2014",27,69
22,1726,"Wednesday, October 1, 2014",20058,73
22,1726,"Wednesday, October 1, 2014",14,75
15,1726,"Saturday, March 1, 2014",41,78
15,1726,"Saturday, March 1, 2014",116,79
15,1726,"Saturday, March 1, 2014",42223,86
15,1726,"Saturday, March 1, 2014",38848,72
15,1726,"Saturday, March 1, 2014",59,66
15,1726,"Saturday, March 1, 2014",50001,64
15,1726,"Saturday, March 1, 2014",1,66
15,1726,"Saturday, March 1, 2014",7001,79
15,1726,"Saturday, March 1, 2014",71,74
15,1726,"Saturday, March 1, 2014",116,71
15,1726,"Saturday, March 1, 2014",501,78
15,1726,"Saturday, March 1, 2014",68001,90
15,1726,"Saturday, March 1, 2014",68001,65
15,1726,"Saturday, March 1, 2014",71601,90
15,1726,"Saturday, March 1, 2014",5101,63
15,1726,"Saturday, March 1, 2014",5101,62
15,1726,"Saturday, March 1, 2014",57001,75
15,1726,"Saturday, March 1, 2014",20058,64
15,1726,"Saturday, March 1, 2014",64,77
15,1726,"Saturday, March 1, 2014",2801,79
15,1726,"Saturday, March 1, 2014",14,79
15,1726,"Saturday, March 1, 2014",42223,84
15,1726,"Saturday, March 1, 2014",67,72
15,1726,"Saturday, March 1, 2014",63005,90
15,1726,"Saturday, March 1, 2014",38848,65
15,1726,"Saturday, March 1, 2014",35004,63
15,1726,"Saturday, March 1, 2014",43001,60
15,1726,"Saturday, March 1, 2014",19701,65
15,1726,"Saturday, March 1, 2014",24701,82
15,1726,"Saturday, March 1, 2014",58001,90
15,1726,"Saturday, March 1, 2014",1,74
15,1726,"Saturday, March 1, 2014",56,77
15,1726,"Saturday, March 1, 2014",63,78
15,1726,"Saturday, March 1, 2014",24701,60
15,1726,"Saturday, March 1, 2014",501,72
15,1726,"Saturday, March 1, 2014",20001,88
15,1726,"Saturday, March 1, 2014",68,66
15,1726,"Saturday, March 1, 2014",15937,89
15,1726,"Saturday, March 1, 2014",84,86
15,1726,"Saturday, March 1, 2014",40003,66
15,1726,"Saturday, March 1, 2014",42223,87
15,1726,"Saturday, March 1, 2014",58001,74
15,1726,"Saturday, March 1, 2014",63,82
15,1726,"Saturday, March 1, 2014",29001,77
15,1726,"Saturday, March 1, 2014",71,90
15,1726,"Saturday, March 1, 2014",68001,87
15,1726,"Saturday, March 1, 2014",15937,72
15,1726,"Saturday, March 1, 2014",88901,84
15,1726,"Saturday, March 1, 2014",48001,65
15,1726,"Saturday, March 1, 2014",59,67
15,1726,"Saturday, March 1, 2014",48001,61
15,1726,"Saturday, March 1, 2014",46001,90
15,1726,"Saturday, March 1, 2014",64,70
15,1726,"Saturday, March 1, 2014",40003,67
15,1726,"Saturday, March 1, 2014",20058,90
15,1726,"Saturday, March 1, 2014",29001,74
15,1726,"Saturday, March 1, 2014",46001,66
15,1726,"Saturday, March 1, 2014",56,62
15,1726,"Saturday, March 1, 2014",158,85
15,1726,"Saturday, March 1, 2014",53001,74
15,1726,"Saturday, March 1, 2014",14,88
15,1726,"Saturday, March 1, 2014",63,64
15,1726,"Saturday, March 1, 2014",84,76
15,1726,"Saturday, March 1, 2014",56,70
15,1726,"Saturday, March 1, 2014",116,90
15,1726,"Saturday, March 1, 2014",15937,79
15,1726,"Saturday, March 1, 2014",56,85
15,1726,"Saturday, March 1, 2014",82001,74
15,1726,"Saturday, March 1, 2014",20001,70
15,1726,"Saturday, March 1, 2014",6001,82
15,1726,"Saturday, March 1, 2014",41,84
15,1726,"Saturday, March 1, 2014",64,78
15,1726,"Saturday, March 1, 2014",63005,63
15,1726,"Saturday, March 1, 2014",84,74
15,1726,"Saturday, March 1, 2014",56,83
15,1726,"Saturday, March 1, 2014",20001,85
15,1726,"Saturday, March 1, 2014",57001,72
15,1726,"Saturday, March 1, 2014",20001,83
8,1726,"Thursday, August 1, 2013",72,82
8,1726,"Thursday, August 1, 2013",41,74
8,1726,"Thursday, August 1, 2013",43001,70
8,1726,"Thursday, August 1, 2013",62356,89
8,1726,"Thursday, August 1, 2013",68001,60
8,1726,"Thursday, August 1, 2013",15937,79
8,1726,"Thursday, August 1, 2013",82001,69
8,1726,"Thursday, August 1, 2013",501,76
8,1726,"Thursday, August 1, 2013",38848,74
8,1726,"Thursday, August 1, 2013",3033,81
8,1726,"Thursday, August 1, 2013",27,80
8,1726,"Thursday, August 1, 2013",72,67
8,1726,"Thursday, August 1, 2013",56,70
8,1726,"Thursday, August 1, 2013",20001,81
8,1726,"Thursday, August 1, 2013",68,83
8,1726,"Thursday, August 1, 2013",116,64
8,1726,"Thursday, August 1, 2013",57001,87
8,1726,"Thursday, August 1, 2013",46001,83
8,1726,"Thursday, August 1, 2013",35004,66
8,1726,"Thursday, August 1, 2013",66002,61
8,1726,"Thursday, August 1, 2013",88901,71
8,1726,"Thursday, August 1, 2013",46001,65
8,1726,"Thursday, August 1, 2013",27,76
8,1726,"Thursday, August 1, 2013",35004,84
8,1726,"Thursday, August 1, 2013",58001,60
8,1726,"Thursday, August 1, 2013",20001,67
8,1726,"Thursday, August 1, 2013",84,64
8,1726,"Thursday, August 1, 2013",50001,75
8,1726,"Thursday, August 1, 2013",71,83
8,1726,"Thursday, August 1, 2013",1,84
8,1726,"Thursday, August 1, 2013",68001,80
8,1726,"Thursday, August 1, 2013",35004,81
8,1726,"Thursday, August 1, 2013",88901,88
8,1726,"Thursday, August 1, 2013",20058,74
8,1726,"Thursday, August 1, 2013",40003,84
8,1726,"Thursday, August 1, 2013",158,74
8,1726,"Thursday, August 1, 2013",7001,78
8,1726,"Thursday, August 1, 2013",71601,69
8,1726,"Thursday, August 1, 2013",2801,64
8,1726,"Thursday, August 1, 2013",64,83
8,1726,"Thursday, August 1, 2013",63,81
8,1726,"Thursday, August 1, 2013",62356,89
8,1726,"Thursday, August 1, 2013",57001,69
8,1726,"Thursday, August 1, 2013",14,82
8,1726,"Thursday, August 1, 2013",40003,84
8,1726,"Thursday, August 1, 2013",38848,62
8,1726,"Thursday, August 1, 2013",24701,77
8,1726,"Thursday, August 1, 2013",14,71
8,1726,"Thursday, August 1, 2013",39813,81
8,1726,"Thursday, August 1, 2013",67,83
8,1726,"Thursday, August 1, 2013",71,75
8,1726,"Thursday, August 1, 2013",20041,90
8,1726,"Thursday, August 1, 2013",43001,67
8,1726,"Thursday, August 1, 2013",20001,82
8,1726,"Thursday, August 1, 2013",40003,84
8,1726,"Thursday, August 1, 2013",24701,77
8,1726,"Thursday, August 1, 2013",27,77
8,1726,"Thursday, August 1, 2013",2801,86
8,1726,"Thursday, August 1, 2013",84,85
8,1726,"Thursday, August 1, 2013",62356,81
8,1726,"Thursday, August 1, 2013",50001,73
8,1726,"Thursday, August 1, 2013",1,60
8,1726,"Thursday, August 1, 2013",46001,72
8,1726,"Thursday, August 1, 2013",29001,78
8,1726,"Thursday, August 1, 2013",2801,62
8,1726,"Thursday, August 1, 2013",48001,81
8,1726,"Thursday, August 1, 2013",56,81
8,1726,"Thursday, August 1, 2013",35004,78
8,1726,"Thursday, August 1, 2013",57001,81
8,1726,"Thursday, August 1, 2013",48001,83
8,1726,"Thursday, August 1, 2013",56,81
8,1726,"Thursday, August 1, 2013",116,87
8,1726,"Thursday, August 1, 2013",19701,89
8,1726,"Thursday, August 1, 2013",39813,61
8,1726,"Thursday, August 1, 2013",53001,70
8,1726,"Thursday, August 1, 2013",14,79
8,1726,"Thursday, August 1, 2013",2801,77
23,1726,"Saturday, November 1, 2014",29001,63
23,1726,"Saturday, November 1, 2014",38848,73
23,1726,"Saturday, November 1, 2014",501,90
23,1726,"Saturday, November 1, 2014",66002,61
23,1726,"Saturday, November 1, 2014",41,70
23,1726,"Saturday, November 1, 2014",64,73
23,1726,"Saturday, November 1, 2014",19701,84
23,1726,"Saturday, November 1, 2014",71,81
23,1726,"Saturday, November 1, 2014",39813,80
23,1726,"Saturday, November 1, 2014",43001,81
23,1726,"Saturday, November 1, 2014",29001,88
23,1726,"Saturday, November 1, 2014",2801,70
23,1726,"Saturday, November 1, 2014",64,78
23,1726,"Saturday, November 1, 2014",71,67
23,1726,"Saturday, November 1, 2014",14,69
23,1726,"Saturday, November 1, 2014",27,61
23,1726,"Saturday, November 1, 2014",63,84
23,1726,"Saturday, November 1, 2014",38848,63
23,1726,"Saturday, November 1, 2014",5101,69
23,1726,"Saturday, November 1, 2014",53001,85
23,1726,"Saturday, November 1, 2014",57001,74
23,1726,"Saturday, November 1, 2014",3033,86
23,1726,"Saturday, November 1, 2014",29001,84
23,1726,"Saturday, November 1, 2014",5101,82
23,1726,"Saturday, November 1, 2014",53001,82
23,1726,"Saturday, November 1, 2014",53001,86
23,1726,"Saturday, November 1, 2014",20041,68
23,1726,"Saturday, November 1, 2014",19701,63
23,1726,"Saturday, November 1, 2014",58001,78
23,1726,"Saturday, November 1, 2014",42223,68
23,1726,"Saturday, November 1, 2014",20041,64
23,1726,"Saturday, November 1, 2014",20001,62
23,1726,"Saturday, November 1, 2014",41,78
23,1726,"Saturday, November 1, 2014",1,83
23,1726,"Saturday, November 1, 2014",50001,77
23,1726,"Saturday, November 1, 2014",1,78
23,1726,"Saturday, November 1, 2014",116,81
23,1726,"Saturday, November 1, 2014",84,76
23,1726,"Saturday, November 1, 2014",40003,63
23,1726,"Saturday, November 1, 2014",2801,79
23,1726,"Saturday, November 1, 2014",53001,71
23,1726,"Saturday, November 1, 2014",40003,72
23,1726,"Saturday, November 1, 2014",24701,78
23,1726,"Saturday, November 1, 2014",35004,90
23,1726,"Saturday, November 1, 2014",116,82
23,1726,"Saturday, November 1, 2014",40003,90
23,1726,"Saturday, November 1, 2014",39813,73
23,1726,"Saturday, November 1, 2014",12,87
23,1726,"Saturday, November 1, 2014",71601,70
23,1726,"Saturday, November 1, 2014",56,78
23,1726,"Saturday, November 1, 2014",20058,72
23,1726,"Saturday, November 1, 2014",68001,82
23,1726,"Saturday, November 1, 2014",58001,62
23,1726,"Saturday, November 1, 2014",116,72
23,1726,"Saturday, November 1, 2014",82001,64
23,1726,"Saturday, November 1, 2014",12,65
23,1726,"Saturday, November 1, 2014",72,72
23,1726,"Saturday, November 1, 2014",14,83
23,1726,"Saturday, November 1, 2014",188,80
23,1726,"Saturday, November 1, 2014",20041,83
23,1726,"Saturday, November 1, 2014",38848,72
23,1726,"Saturday, November 1, 2014",12,64
23,1726,"Saturday, November 1, 2014",68,72
23,1726,"Saturday, November 1, 2014",62356,67
23,1726,"Saturday, November 1, 2014",88901,86
23,1726,"Saturday, November 1, 2014",38848,82
23,1726,"Saturday, November 1, 2014",68,71
23,1726,"Saturday, November 1, 2014",63005,73
23,1726,"Saturday, November 1, 2014",46001,78
23,1726,"Saturday, November 1, 2014",67,80
23,1726,"Saturday, November 1, 2014",19701,60
23,1726,"Saturday, November 1, 2014",63005,88
23,1726,"Saturday, November 1, 2014",71,68
23,1726,"Saturday, November 1, 2014",40003,75
23,1726,"Saturday, November 1, 2014",19701,66
23,1726,"Saturday, November 1, 2014",56,62
23,1726,"Saturday, November 1, 2014",501,90
23,1726,"Saturday, November 1, 2014",56,67
24,1726,"Monday, December 1, 2014",53001,90
24,1726,"Monday, December 1, 2014",40003,64
24,1726,"Monday, December 1, 2014",501,60
24,1726,"Monday, December 1, 2014",64,72
24,1726,"Monday, December 1, 2014",46001,73
24,1726,"Monday, December 1, 2014",116,89
24,1726,"Monday, December 1, 2014",62356,65
24,1726,"Monday, December 1, 2014",72,72
24,1726,"Monday, December 1, 2014",501,88
24,1726,"Monday, December 1, 2014",67,70
24,1726,"Monday, December 1, 2014",39813,84
24,1726,"Monday, December 1, 2014",57001,76
24,1726,"Monday, December 1, 2014",39813,70
24,1726,"Monday, December 1, 2014",72,68
24,1726,"Monday, December 1, 2014",71601,86
24,1726,"Monday, December 1, 2014",56,70
24,1726,"Monday, December 1, 2014",82001,74
24,1726,"Monday, December 1, 2014",5101,66
24,1726,"Monday, December 1, 2014",84,65
24,1726,"Monday, December 1, 2014",20001,64
24,1726,"Monday, December 1, 2014",66002,79
24,1726,"Monday, December 1, 2014",15937,89
24,1726,"Monday, December 1, 2014",72,66
24,1726,"Monday, December 1, 2014",12,79
24,1726,"Monday, December 1, 2014",188,77
24,1726,"Monday, December 1, 2014",39813,78
24,1726,"Monday, December 1, 2014",19701,75
24,1726,"Monday, December 1, 2014",48001,70
24,1726,"Monday, December 1, 2014",6001,65
24,1726,"Monday, December 1, 2014",1,64
24,1726,"Monday, December 1, 2014",58001,61
24,1726,"Monday, December 1, 2014",39813,64
24,1726,"Monday, December 1, 2014",66002,81
24,1726,"Monday, December 1, 2014",7001,67
24,1726,"Monday, December 1, 2014",46001,64
24,1726,"Monday, December 1, 2014",24701,61
24,1726,"Monday, December 1, 2014",3033,64
24,1726,"Monday, December 1, 2014",66002,60
24,1726,"Monday, December 1, 2014",57001,64
24,1726,"Monday, December 1, 2014",19701,71
24,1726,"Monday, December 1, 2014",59,69
24,1726,"Monday, December 1, 2014",71601,77
24,1726,"Monday, December 1, 2014",46001,84
24,1726,"Monday, December 1, 2014",59,68
24,1726,"Monday, December 1, 2014",48001,87
24,1726,"Monday, December 1, 2014",7001,79
24,1726,"Monday, December 1, 2014",42223,63
24,1726,"Monday, December 1, 2014",19701,81
24,1726,"Monday, December 1, 2014",5101,68
24,1726,"Monday, December 1, 2014",3033,67
24,1726,"Monday, December 1, 2014",12,77
24,1726,"Monday, December 1, 2014",68,80
24,1726,"Monday, December 1, 2014",20041,65
24,1726,"Monday, December 1, 2014",20041,89
24,1726,"Monday, December 1, 2014",71601,77
24,1726,"Monday, December 1, 2014",7001,79
24,1726,"Monday, December 1, 2014",42223,61
24,1726,"Monday, December 1, 2014",39813,61
24,1726,"Monday, December 1, 2014",48001,85
24,1726,"Monday, December 1, 2014",43001,60
24,1726,"Monday, December 1, 2014",5101,84
24,1726,"Monday, December 1, 2014",41,74
24,1726,"Monday, December 1, 2014",15937,79
24,1726,"Monday, December 1, 2014",48001,60
24,1726,"Monday, December 1, 2014",158,62
24,1726,"Monday, December 1, 2014",20001,84
24,1726,"Monday, December 1, 2014",40003,64
24,1726,"Monday, December 1, 2014",88901,78
24,1726,"Monday, December 1, 2014",27,60
24,1726,"Monday, December 1, 2014",3033,87
24,1726,"Monday, December 1, 2014",72,80
24,1726,"Monday, December 1, 2014",40003,64
24,1726,"Monday, December 1, 2014",6001,83
24,1726,"Monday, December 1, 2014",56,84
24,1726,"Monday, December 1, 2014",15937,73
24,1726,"Monday, December 1, 2014",12,77
24,1726,"Monday, December 1, 2014",63005,84
24,1726,"Monday, December 1, 2014",27,66
24,1726,"Monday, December 1, 2014",501,85
24,1726,"Monday, December 1, 2014",63005,66
9,1726,"Sunday, September 1, 2013",71601,62
9,1726,"Sunday, September 1, 2013",35004,77
9,1726,"Sunday, September 1, 2013",2801,86
9,1726,"Sunday, September 1, 2013",57001,62
9,1726,"Sunday, September 1, 2013",88901,79
9,1726,"Sunday, September 1, 2013",66002,75
9,1726,"Sunday, September 1, 2013",501,78
9,1726,"Sunday, September 1, 2013",20041,83
9,1726,"Sunday, September 1, 2013",6001,76
9,1726,"Sunday, September 1, 2013",3033,73
9,1726,"Sunday, September 1, 2013",29001,72
9,1726,"Sunday, September 1, 2013",12,84
9,1726,"Sunday, September 1, 2013",5101,67
9,1726,"Sunday, September 1, 2013",53001,87
9,1726,"Sunday, September 1, 2013",67,84
9,1726,"Sunday, September 1, 2013",62356,76
9,1726,"Sunday, September 1, 2013",58001,84
9,1726,"Sunday, September 1, 2013",27,86
9,1726,"Sunday, September 1, 2013",57001,88
9,1726,"Sunday, September 1, 2013",158,79
9,1726,"Sunday, September 1, 2013",56,78
9,1726,"Sunday, September 1, 2013",68001,77
9,1726,"Sunday, September 1, 2013",88901,71
9,1726,"Sunday, September 1, 2013",63,70
9,1726,"Sunday, September 1, 2013",188,62
9,1726,"Sunday, September 1, 2013",38848,64
9,1726,"Sunday, September 1, 2013",67,72
9,1726,"Sunday, September 1, 2013",7001,61
9,1726,"Sunday, September 1, 2013",14,89
9,1726,"Sunday, September 1, 2013",42223,69
9,1726,"Sunday, September 1, 2013",20041,74
9,1726,"Sunday, September 1, 2013",42223,74
9,1726,"Sunday, September 1, 2013",188,74
9,1726,"Sunday, September 1, 2013",66002,73
9,1726,"Sunday, September 1, 2013",35004,82
9,1726,"Sunday, September 1, 2013",68,83
9,1726,"Sunday, September 1, 2013",6001,66
9,1726,"Sunday, September 1, 2013",2801,80
9,1726,"Sunday, September 1, 2013",56,76
9,1726,"Sunday, September 1, 2013",88901,77
9,1726,"Sunday, September 1, 2013",42223,76
9,1726,"Sunday, September 1, 2013",20041,81
9,1726,"Sunday, September 1, 2013",57001,85
9,1726,"Sunday, September 1, 2013",20001,80
9,1726,"Sunday, September 1, 2013",27,78
9,1726,"Sunday, September 1, 2013",63005,68
9,1726,"Sunday, September 1, 2013",6001,79
9,1726,"Sunday, September 1, 2013",27,87
9,1726,"Sunday, September 1, 2013",19701,88
9,1726,"Sunday, September 1, 2013",64,69
9,1726,"Sunday, September 1, 2013",66002,82
9,1726,"Sunday, September 1, 2013",3033,83
9,1726,"Sunday, September 1, 2013",58001,61
9,1726,"Sunday, September 1, 2013",64,62
9,1726,"Sunday, September 1, 2013",3033,79
9,1726,"Sunday, September 1, 2013",46001,76
9,1726,"Sunday, September 1, 2013",84,87
9,1726,"Sunday, September 1, 2013",3033,60
9,1726,"Sunday, September 1, 2013",68,73
9,1726,"Sunday, September 1, 2013",68,86
9,1726,"Sunday, September 1, 2013",20041,60
9,1726,"Sunday, September 1, 2013",58001,79
9,1726,"Sunday, September 1, 2013",20058,71
9,1726,"Sunday, September 1, 2013",20041,69
9,1726,"Sunday, September 1, 2013",59,81
9,1726,"Sunday, September 1, 2013",39813,64
9,1726,"Sunday, September 1, 2013",29001,78
9,1726,"Sunday, September 1, 2013",116,76
9,1726,"Sunday, September 1, 2013",188,71
9,1726,"Sunday, September 1, 2013",58001,87
9,1726,"Sunday, September 1, 2013",58001,76
9,1726,"Sunday, September 1, 2013",63,62
9,1726,"Sunday, September 1, 2013",67,63
9,1726,"Sunday, September 1, 2013",66002,69
9,1726,"Sunday, September 1, 2013",20041,73
9,1726,"Sunday, September 1, 2013",72,83
9,1726,"Sunday, September 1, 2013",35004,67
9,1726,"Sunday, September 1, 2013",59,76
9,1726,"Sunday, September 1, 2013",40003,73
18,1726,"Sunday, June 1, 2014",40003,68
18,1726,"Sunday, June 1, 2014",41,78
18,1726,"Sunday, June 1, 2014",43001,67
18,1726,"Sunday, June 1, 2014",188,86
18,1726,"Sunday, June 1, 2014",64,77
18,1726,"Sunday, June 1, 2014",50001,80
18,1726,"Sunday, June 1, 2014",7001,89
18,1726,"Sunday, June 1, 2014",3033,81
18,1726,"Sunday, June 1, 2014",64,78
18,1726,"Sunday, June 1, 2014",20041,67
18,1726,"Sunday, June 1, 2014",53001,83
18,1726,"Sunday, June 1, 2014",35004,86
18,1726,"Sunday, June 1, 2014",43001,80
18,1726,"Sunday, June 1, 2014",56,80
18,1726,"Sunday, June 1, 2014",19701,64
18,1726,"Sunday, June 1, 2014",158,82
18,1726,"Sunday, June 1, 2014",41,62
18,1726,"Sunday, June 1, 2014",116,61
18,1726,"Sunday, June 1, 2014",67,80
18,1726,"Sunday, June 1, 2014",66002,61
18,1726,"Sunday, June 1, 2014",501,61
18,1726,"Sunday, June 1, 2014",2801,70
18,1726,"Sunday, June 1, 2014",62356,75
18,1726,"Sunday, June 1, 2014",57001,80
18,1726,"Sunday, June 1, 2014",43001,85
18,1726,"Sunday, June 1, 2014",46001,61
18,1726,"Sunday, June 1, 2014",3033,66
18,1726,"Sunday, June 1, 2014",15937,65
18,1726,"Sunday, June 1, 2014",43001,78
18,1726,"Sunday, June 1, 2014",15937,80
18,1726,"Sunday, June 1, 2014",1,67
18,1726,"Sunday, June 1, 2014",5101,71
18,1726,"Sunday, June 1, 2014",3033,73
18,1726,"Sunday, June 1, 2014",15937,82
18,1726,"Sunday, June 1, 2014",38848,68
18,1726,"Sunday, June 1, 2014",56,67
18,1726,"Sunday, June 1, 2014",88901,63
18,1726,"Sunday, June 1, 2014",12,83
18,1726,"Sunday, June 1, 2014",12,67
18,1726,"Sunday, June 1, 2014",42223,77
18,1726,"Sunday, June 1, 2014",67,86
18,1726,"Sunday, June 1, 2014",72,86
18,1726,"Sunday, June 1, 2014",7001,68
18,1726,"Sunday, June 1, 2014",71,81
18,1726,"Sunday, June 1, 2014",63,70
18,1726,"Sunday, June 1, 2014",38848,72
18,1726,"Sunday, June 1, 2014",7001,63
18,1726,"Sunday, June 1, 2014",56,82
18,1726,"Sunday, June 1, 2014",19701,80
18,1726,"Sunday, June 1, 2014",66002,65
18,1726,"Sunday, June 1, 2014",68001,60
18,1726,"Sunday, June 1, 2014",59,88
18,1726,"Sunday, June 1, 2014",24701,78
18,1726,"Sunday, June 1, 2014",35004,76
18,1726,"Sunday, June 1, 2014",71601,61
18,1726,"Sunday, June 1, 2014",19701,89
18,1726,"Sunday, June 1, 2014",19701,66
18,1726,"Sunday, June 1, 2014",57001,77
18,1726,"Sunday, June 1, 2014",71601,71
18,1726,"Sunday, June 1, 2014",68001,64
18,1726,"Sunday, June 1, 2014",58001,63
18,1726,"Sunday, June 1, 2014",58001,82
18,1726,"Sunday, June 1, 2014",67,77
18,1726,"Sunday, June 1, 2014",71,85
18,1726,"Sunday, June 1, 2014",58001,70
18,1726,"Sunday, June 1, 2014",88901,71
18,1726,"Sunday, June 1, 2014",19701,73
18,1726,"Sunday, June 1, 2014",6001,63
18,1726,"Sunday, June 1, 2014",158,76
18,1726,"Sunday, June 1, 2014",50001,90
18,1726,"Sunday, June 1, 2014",88901,85
18,1726,"Sunday, June 1, 2014",57001,68
18,1726,"Sunday, June 1, 2014",50001,89
18,1726,"Sunday, June 1, 2014",14,65
18,1726,"Sunday, June 1, 2014",5101,74
18,1726,"Sunday, June 1, 2014",41,77
18,1726,"Sunday, June 1, 2014",72,60
18,1726,"Sunday, June 1, 2014",40003,73
18,1726,"Sunday, June 1, 2014",56,71
18,1726,"Sunday, June 1, 2014",38848,75
18,1726,"Sunday, June 1, 2014",2801,87
18,1726,"Sunday, June 1, 2014",64,72
18,1726,"Sunday, June 1, 2014",56,87
18,1726,"Sunday, June 1, 2014",57001,75
12,1726,"Sunday, December 1, 2013",5101,87
12,1726,"Sunday, December 1, 2013",19701,64
12,1726,"Sunday, December 1, 2013",40003,75
12,1726,"Sunday, December 1, 2013",68001,68
12,1726,"Sunday, December 1, 2013",64,73
12,1726,"Sunday, December 1, 2013",82001,61
12,1726,"Sunday, December 1, 2013",46001,87
12,1726,"Sunday, December 1, 2013",39813,64
12,1726,"Sunday, December 1, 2013",1,90
12,1726,"Sunday, December 1, 2013",68001,74
12,1726,"Sunday, December 1, 2013",20058,79
12,1726,"Sunday, December 1, 2013",38848,81
12,1726,"Sunday, December 1, 2013",19701,60
12,1726,"Sunday, December 1, 2013",19701,78
12,1726,"Sunday, December 1, 2013",19701,69
12,1726,"Sunday, December 1, 2013",62356,62
12,1726,"Sunday, December 1, 2013",39813,77
12,1726,"Sunday, December 1, 2013",43001,60
12,1726,"Sunday, December 1, 2013",15937,76
12,1726,"Sunday, December 1, 2013",3033,72
12,1726,"Sunday, December 1, 2013",63005,68
12,1726,"Sunday, December 1, 2013",71,74
12,1726,"Sunday, December 1, 2013",63005,79
12,1726,"Sunday, December 1, 2013",24701,84
12,1726,"Sunday, December 1, 2013",84,89
12,1726,"Sunday, December 1, 2013",58001,81
12,1726,"Sunday, December 1, 2013",58001,66
12,1726,"Sunday, December 1, 2013",20058,62
12,1726,"Sunday, December 1, 2013",40003,60
12,1726,"Sunday, December 1, 2013",59,82
12,1726,"Sunday, December 1, 2013",29001,69
12,1726,"Sunday, December 1, 2013",20001,90
12,1726,"Sunday, December 1, 2013",15937,67
12,1726,"Sunday, December 1, 2013",29001,80
12,1726,"Sunday, December 1, 2013",72,90
12,1726,"Sunday, December 1, 2013",68,87
12,1726,"Sunday, December 1, 2013",5101,65
12,1726,"Sunday, December 1, 2013",501,76
12,1726,"Sunday, December 1, 2013",59,60
12,1726,"Sunday, December 1, 2013",5101,73
12,1726,"Sunday, December 1, 2013",88901,89
12,1726,"Sunday, December 1, 2013",42223,67
12,1726,"Sunday, December 1, 2013",67,64
12,1726,"Sunday, December 1, 2013",15937,62
12,1726,"Sunday, December 1, 2013",41,89
12,1726,"Sunday, December 1, 2013",56,89
12,1726,"Sunday, December 1, 2013",84,81
12,1726,"Sunday, December 1, 2013",3033,62
12,1726,"Sunday, December 1, 2013",1,70
12,1726,"Sunday, December 1, 2013",48001,67
12,1726,"Sunday, December 1, 2013",71,88
12,1726,"Sunday, December 1, 2013",50001,68
12,1726,"Sunday, December 1, 2013",501,68
12,1726,"Sunday, December 1, 2013",48001,69
12,1726,"Sunday, December 1, 2013",62356,66
12,1726,"Sunday, December 1, 2013",20041,84
12,1726,"Sunday, December 1, 2013",58001,82
12,1726,"Sunday, December 1, 2013",88901,66
12,1726,"Sunday, December 1, 2013",2801,73
12,1726,"Sunday, December 1, 2013",50001,72
12,1726,"Sunday, December 1, 2013",66002,64
12,1726,"Sunday, December 1, 2013",27,85
12,1726,"Sunday, December 1, 2013",56,62
12,1726,"Sunday, December 1, 2013",72,67
12,1726,"Sunday, December 1, 2013",158,87
12,1726,"Sunday, December 1, 2013",43001,81
12,1726,"Sunday, December 1, 2013",38848,64
12,1726,"Sunday, December 1, 2013",188,73
12,1726,"Sunday, December 1, 2013",64,75
12,1726,"Sunday, December 1, 2013",29001,67
12,1726,"Sunday, December 1, 2013",63005,78
12,1726,"Sunday, December 1, 2013",41,67
12,1726,"Sunday, December 1, 2013",72,62
12,1726,"Sunday, December 1, 2013",57001,67
12,1726,"Sunday, December 1, 2013",12,70
12,1726,"Sunday, December 1, 2013",35004,76
12,1726,"Sunday, December 1, 2013",20058,70
12,1726,"Sunday, December 1, 2013",116,63
12,1726,"Sunday, December 1, 2013",14,78
12,1726,"Sunday, December 1, 2013",38848,84
12,1726,"Sunday, December 1, 2013",188,67
12,1726,"Sunday, December 1, 2013",5101,72
12,1726,"Sunday, December 1, 2013",71,62
12,1726,"Sunday, December 1, 2013",58001,61
12,1726,"Sunday, December 1, 2013",71,73
12,1726,"Sunday, December 1, 2013",48001,90
10,1726,"Tuesday, October 1, 2013",68001,89
10,1726,"Tuesday, October 1, 2013",38848,87
10,1726,"Tuesday, October 1, 2013",63005,86
10,1726,"Tuesday, October 1, 2013",58001,60
10,1726,"Tuesday, October 1, 2013",5101,84
10,1726,"Tuesday, October 1, 2013",56,65
10,1726,"Tuesday, October 1, 2013",3033,73
10,1726,"Tuesday, October 1, 2013",68001,69
10,1726,"Tuesday, October 1, 2013",15937,73
10,1726,"Tuesday, October 1, 2013",43001,69
10,1726,"Tuesday, October 1, 2013",58001,73
10,1726,"Tuesday, October 1, 2013",40003,69
10,1726,"Tuesday, October 1, 2013",42223,79
10,1726,"Tuesday, October 1, 2013",3033,87
10,1726,"Tuesday, October 1, 2013",24701,69
10,1726,"Tuesday, October 1, 2013",66002,79
10,1726,"Tuesday, October 1, 2013",67,77
10,1726,"Tuesday, October 1, 2013",82001,74
10,1726,"Tuesday, October 1, 2013",3033,74
10,1726,"Tuesday, October 1, 2013",2801,68
10,1726,"Tuesday, October 1, 2013",116,68
10,1726,"Tuesday, October 1, 2013",41,87
10,1726,"Tuesday, October 1, 2013",24701,67
10,1726,"Tuesday, October 1, 2013",12,66
10,1726,"Tuesday, October 1, 2013",19701,72
10,1726,"Tuesday, October 1, 2013",59,86
10,1726,"Tuesday, October 1, 2013",64,79
10,1726,"Tuesday, October 1, 2013",2801,62
10,1726,"Tuesday, October 1, 2013",20001,90
10,1726,"Tuesday, October 1, 2013",38848,64
10,1726,"Tuesday, October 1, 2013",188,80
10,1726,"Tuesday, October 1, 2013",68,69
10,1726,"Tuesday, October 1, 2013",501,87
10,1726,"Tuesday, October 1, 2013",67,86
10,1726,"Tuesday, October 1, 2013",39813,81
10,1726,"Tuesday, October 1, 2013",5101,71
10,1726,"Tuesday, October 1, 2013",501,73
10,1726,"Tuesday, October 1, 2013",88901,71
10,1726,"Tuesday, October 1, 2013",71,70
10,1726,"Tuesday, October 1, 2013",84,62
10,1726,"Tuesday, October 1, 2013",72,77
10,1726,"Tuesday, October 1, 2013",14,66
10,1726,"Tuesday, October 1, 2013",39813,70
10,1726,"Tuesday, October 1, 2013",46001,72
10,1726,"Tuesday, October 1, 2013",1,60
10,1726,"Tuesday, October 1, 2013",56,69
10,1726,"Tuesday, October 1, 2013",82001,69
10,1726,"Tuesday, October 1, 2013",20041,77
10,1726,"Tuesday, October 1, 2013",48001,74
10,1726,"Tuesday, October 1, 2013",71,78
10,1726,"Tuesday, October 1, 2013",19701,63
10,1726,"Tuesday, October 1, 2013",63,83
10,1726,"Tuesday, October 1, 2013",57001,85
10,1726,"Tuesday, October 1, 2013",19701,66
10,1726,"Tuesday, October 1, 2013",48001,66
10,1726,"Tuesday, October 1, 2013",62356,77
10,1726,"Tuesday, October 1, 2013",7001,87
10,1726,"Tuesday, October 1, 2013",20058,68
10,1726,"Tuesday, October 1, 2013",42223,75
10,1726,"Tuesday, October 1, 2013",116,89
10,1726,"Tuesday, October 1, 2013",48001,90
10,1726,"Tuesday, October 1, 2013",58001,86
10,1726,"Tuesday, October 1, 2013",53001,66
10,1726,"Tuesday, October 1, 2013",2801,79
10,1726,"Tuesday, October 1, 2013",58001,85
10,1726,"Tuesday, October 1, 2013",20058,70
10,1726,"Tuesday, October 1, 2013",46001,88
10,1726,"Tuesday, October 1, 2013",5101,78
10,1726,"Tuesday, October 1, 2013",27,88
10,1726,"Tuesday, October 1, 2013",15937,68
10,1726,"Tuesday, October 1, 2013",20058,71
10,1726,"Tuesday, October 1, 2013",48001,72
10,1726,"Tuesday, October 1, 2013",3033,62
10,1726,"Tuesday, October 1, 2013",71601,78
10,1726,"Tuesday, October 1, 2013",5101,64
10,1726,"Tuesday, October 1, 2013",6001,88
10,1726,"Tuesday, October 1, 2013",27,76
10,1726,"Tuesday, October 1, 2013",14,81
10,1726,"Tuesday, October 1, 2013",71,68
10,1726,"Tuesday, October 1, 2013",82001,80
10,1726,"Tuesday, October 1, 2013",43001,86
10,1726,"Tuesday, October 1, 2013",15937,63
10,1726,"Tuesday, October 1, 2013",5101,66
10,1726,"Tuesday, October 1, 2013",62356,70
10,1726,"Tuesday, October 1, 2013",50001,81
10,1726,"Tuesday, October 1, 2013",20001,90
10,1726,"Tuesday, October 1, 2013",12,72
10,1726,"Tuesday, October 1, 2013",67,61
10,1726,"Tuesday, October 1, 2013",57001,74
10,1726,"Tuesday, October 1, 2013",68,85
16,1726,"Tuesday, April 1, 2014",27,78
16,1726,"Tuesday, April 1, 2014",62356,83
16,1726,"Tuesday, April 1, 2014",62356,86
16,1726,"Tuesday, April 1, 2014",188,88
16,1726,"Tuesday, April 1, 2014",39813,89
16,1726,"Tuesday, April 1, 2014",43001,81
16,1726,"Tuesday, April 1, 2014",6001,81
16,1726,"Tuesday, April 1, 2014",116,85
16,1726,"Tuesday, April 1, 2014",29001,73
16,1726,"Tuesday, April 1, 2014",43001,89
16,1726,"Tuesday, April 1, 2014",14,73
16,1726,"Tuesday, April 1, 2014",58001,90
16,1726,"Tuesday, April 1, 2014",63,87
16,1726,"Tuesday, April 1, 2014",12,69
16,1726,"Tuesday, April 1, 2014",56,79
16,1726,"Tuesday, April 1, 2014",56,78
16,1726,"Tuesday, April 1, 2014",48001,62
16,1726,"Tuesday, April 1, 2014",58001,89
16,1726,"Tuesday, April 1, 2014",41,77
16,1726,"Tuesday, April 1, 2014",7001,67
16,1726,"Tuesday, April 1, 2014",20058,73
16,1726,"Tuesday, April 1, 2014",6001,67
16,1726,"Tuesday, April 1, 2014",12,71
16,1726,"Tuesday, April 1, 2014",43001,83
16,1726,"Tuesday, April 1, 2014",84,80
16,1726,"Tuesday, April 1, 2014",15937,75
16,1726,"Tuesday, April 1, 2014",63005,79
16,1726,"Tuesday, April 1, 2014",20001,69
16,1726,"Tuesday, April 1, 2014",20001,75
16,1726,"Tuesday, April 1, 2014",20041,68
16,1726,"Tuesday, April 1, 2014",15937,73
16,1726,"Tuesday, April 1, 2014",58001,79
16,1726,"Tuesday, April 1, 2014",501,81
16,1726,"Tuesday, April 1, 2014",67,90
16,1726,"Tuesday, April 1, 2014",19701,87
16,1726,"Tuesday, April 1, 2014",40003,79
16,1726,"Tuesday, April 1, 2014",67,76
16,1726,"Tuesday, April 1, 2014",46001,62
16,1726,"Tuesday, April 1, 2014",19701,76
16,1726,"Tuesday, April 1, 2014",20041,85
16,1726,"Tuesday, April 1, 2014",24701,61
16,1726,"Tuesday, April 1, 2014",46001,67
16,1726,"Tuesday, April 1, 2014",64,74
16,1726,"Tuesday, April 1, 2014",59,87
16,1726,"Tuesday, April 1, 2014",71,76
16,1726,"Tuesday, April 1, 2014",12,75
16,1726,"Tuesday, April 1, 2014",3033,66
16,1726,"Tuesday, April 1, 2014",158,68
16,1726,"Tuesday, April 1, 2014",42223,64
16,1726,"Tuesday, April 1, 2014",39813,76
16,1726,"Tuesday, April 1, 2014",82001,62
16,1726,"Tuesday, April 1, 2014",48001,77
16,1726,"Tuesday, April 1, 2014",71,85
16,1726,"Tuesday, April 1, 2014",7001,73
16,1726,"Tuesday, April 1, 2014",29001,67
16,1726,"Tuesday, April 1, 2014",29001,83
16,1726,"Tuesday, April 1, 2014",29001,77
16,1726,"Tuesday, April 1, 2014",20041,70
16,1726,"Tuesday, April 1, 2014",58001,71
16,1726,"Tuesday, April 1, 2014",15937,60
16,1726,"Tuesday, April 1, 2014",63005,68
16,1726,"Tuesday, April 1, 2014",50001,82
16,1726,"Tuesday, April 1, 2014",35004,88
16,1726,"Tuesday, April 1, 2014",82001,87
16,1726,"Tuesday, April 1, 2014",50001,79
16,1726,"Tuesday, April 1, 2014",20058,71
16,1726,"Tuesday, April 1, 2014",19701,66
16,1726,"Tuesday, April 1, 2014",7001,64
16,1726,"Tuesday, April 1, 2014",63,87
16,1726,"Tuesday, April 1, 2014",56,87
16,1726,"Tuesday, April 1, 2014",41,76
16,1726,"Tuesday, April 1, 2014",3033,73
16,1726,"Tuesday, April 1, 2014",12,71
16,1726,"Tuesday, April 1, 2014",40003,88
16,1726,"Tuesday, April 1, 2014",82001,81
16,1726,"Tuesday, April 1, 2014",27,78
16,1726,"Tuesday, April 1, 2014",38848,69
16,1726,"Tuesday, April 1, 2014",88901,64
16,1726,"Tuesday, April 1, 2014",57001,87
16,1726,"Tuesday, April 1, 2014",43001,86
16,1726,"Tuesday, April 1, 2014",38848,85
16,1726,"Tuesday, April 1, 2014",19701,65
16,1726,"Tuesday, April 1, 2014",38848,71
16,1726,"Tuesday, April 1, 2014",42223,81
16,1726,"Tuesday, April 1, 2014",3033,89
16,1726,"Tuesday, April 1, 2014",56,86
16,1726,"Tuesday, April 1, 2014",67,61
16,1726,"Tuesday, April 1, 2014",63,84
16,1726,"Tuesday, April 1, 2014",14,63
16,1726,"Tuesday, April 1, 2014",158,79
16,1726,"Tuesday, April 1, 2014",3033,82
16,1726,"Tuesday, April 1, 2014",20041,60
16,1726,"Tuesday, April 1, 2014",58001,64
16,1726,"Tuesday, April 1, 2014",24701,81
16,1726,"Tuesday, April 1, 2014",14,80
19,1726,"Tuesday, July 1, 2014",41,64
19,1726,"Tuesday, July 1, 2014",6001,67
19,1726,"Tuesday, July 1, 2014",1,82
19,1726,"Tuesday, July 1, 2014",116,63
19,1726,"Tuesday, July 1, 2014",71601,84
19,1726,"Tuesday, July 1, 2014",501,66
19,1726,"Tuesday, July 1, 2014",116,71
19,1726,"Tuesday, July 1, 2014",58001,71
19,1726,"Tuesday, July 1, 2014",158,81
19,1726,"Tuesday, July 1, 2014",19701,85
19,1726,"Tuesday, July 1, 2014",84,89
19,1726,"Tuesday, July 1, 2014",35004,67
19,1726,"Tuesday, July 1, 2014",43001,87
19,1726,"Tuesday, July 1, 2014",68,73
19,1726,"Tuesday, July 1, 2014",38848,67
19,1726,"Tuesday, July 1, 2014",53001,62
19,1726,"Tuesday, July 1, 2014",35004,83
19,1726,"Tuesday, July 1, 2014",46001,89
19,1726,"Tuesday, July 1, 2014",58001,62
19,1726,"Tuesday, July 1, 2014",72,78
19,1726,"Tuesday, July 1, 2014",14,63
19,1726,"Tuesday, July 1, 2014",3033,76
19,1726,"Tuesday, July 1, 2014",43001,88
19,1726,"Tuesday, July 1, 2014",19701,85
19,1726,"Tuesday, July 1, 2014",53001,75
19,1726,"Tuesday, July 1, 2014",2801,65
19,1726,"Tuesday, July 1, 2014",27,87
19,1726,"Tuesday, July 1, 2014",53001,85
19,1726,"Tuesday, July 1, 2014",63005,79
19,1726,"Tuesday, July 1, 2014",58001,72
19,1726,"Tuesday, July 1, 2014",71,90
19,1726,"Tuesday, July 1, 2014",42223,70
19,1726,"Tuesday, July 1, 2014",88901,87
19,1726,"Tuesday, July 1, 2014",72,72
19,1726,"Tuesday, July 1, 2014",68001,84
19,1726,"Tuesday, July 1, 2014",68001,83
19,1726,"Tuesday, July 1, 2014",42223,82
19,1726,"Tuesday, July 1, 2014",72,69
19,1726,"Tuesday, July 1, 2014",56,77
19,1726,"Tuesday, July 1, 2014",35004,87
19,1726,"Tuesday, July 1, 2014",158,90
19,1726,"Tuesday, July 1, 2014",39813,64
19,1726,"Tuesday, July 1, 2014",62356,76
19,1726,"Tuesday, July 1, 2014",63,64
19,1726,"Tuesday, July 1, 2014",48001,82
19,1726,"Tuesday, July 1, 2014",29001,61
19,1726,"Tuesday, July 1, 2014",6001,68
19,1726,"Tuesday, July 1, 2014",24701,61
19,1726,"Tuesday, July 1, 2014",7001,67
19,1726,"Tuesday, July 1, 2014",72,74
19,1726,"Tuesday, July 1, 2014",57001,68
19,1726,"Tuesday, July 1, 2014",24701,67
19,1726,"Tuesday, July 1, 2014",1,70
19,1726,"Tuesday, July 1, 2014",58001,69
19,1726,"Tuesday, July 1, 2014",62356,64
19,1726,"Tuesday, July 1, 2014",19701,89
19,1726,"Tuesday, July 1, 2014",27,60
19,1726,"Tuesday, July 1, 2014",35004,87
19,1726,"Tuesday, July 1, 2014",64,69
19,1726,"Tuesday, July 1, 2014",71,82
19,1726,"Tuesday, July 1, 2014",27,60
19,1726,"Tuesday, July 1, 2014",116,78
19,1726,"Tuesday, July 1, 2014",82001,70
19,1726,"Tuesday, July 1, 2014",24701,78
19,1726,"Tuesday, July 1, 2014",88901,81
19,1726,"Tuesday, July 1, 2014",12,88
19,1726,"Tuesday, July 1, 2014",42223,62
19,1726,"Tuesday, July 1, 2014",64,82
19,1726,"Tuesday, July 1, 2014",48001,69
19,1726,"Tuesday, July 1, 2014",6001,61
19,1726,"Tuesday, July 1, 2014",20001,60
19,1726,"Tuesday, July 1, 2014",20001,68
19,1726,"Tuesday, July 1, 2014",39813,63
19,1726,"Tuesday, July 1, 2014",84,86
19,1726,"Tuesday, July 1, 2014",43001,88
19,1726,"Tuesday, July 1, 2014",2801,84
19,1726,"Tuesday, July 1, 2014",71601,60
19,1726,"Tuesday, July 1, 2014",63005,67
19,1726,"Tuesday, July 1, 2014",46001,69
19,1726,"Tuesday, July 1, 2014",14,65
19,1726,"Tuesday, July 1, 2014",64,78
19,1726,"Tuesday, July 1, 2014",1,84
19,1726,"Tuesday, July 1, 2014",50001,64
19,1726,"Tuesday, July 1, 2014",57001,82
19,1726,"Tuesday, July 1, 2014",158,73
19,1726,"Tuesday, July 1, 2014",6001,72
19,1726,"Tuesday, July 1, 2014",43001,66
19,1726,"Tuesday, July 1, 2014",12,87
19,1726,"Tuesday, July 1, 2014",88901,84
19,1726,"Tuesday, July 1, 2014",38848,62
19,1726,"Tuesday, July 1, 2014",38848,80
19,1726,"Tuesday, July 1, 2014",72,87
19,1726,"Tuesday, July 1, 2014",1,70
19,1726,"Tuesday, July 1, 2014",501,84
19,1726,"Tuesday, July 1, 2014",43001,70
19,1726,"Tuesday, July 1, 2014",63,63
19,1726,"Tuesday, July 1, 2014",63,86
21,1726,"Monday, September 1, 2014",501,86
21,1726,"Monday, September 1, 2014",188,75
21,1726,"Monday, September 1, 2014",24701,62
21,1726,"Monday, September 1, 2014",1,60
21,1726,"Monday, September 1, 2014",71601,66
21,1726,"Monday, September 1, 2014",57001,78
21,1726,"Monday, September 1, 2014",63,67
21,1726,"Monday, September 1, 2014",46001,68
21,1726,"Monday, September 1, 2014",39813,68
21,1726,"Monday, September 1, 2014",68001,72
21,1726,"Monday, September 1, 2014",63,79
21,1726,"Monday, September 1, 2014",27,80
21,1726,"Monday, September 1, 2014",56,75
21,1726,"Monday, September 1, 2014",56,74
21,1726,"Monday, September 1, 2014",12,79
21,1726,"Monday, September 1, 2014",3033,78
21,1726,"Monday, September 1, 2014",62356,87
21,1726,"Monday, September 1, 2014",63005,89
21,1726,"Monday, September 1, 2014",35004,62
21,1726,"Monday, September 1, 2014",24701,75
21,1726,"Monday, September 1, 2014",1,72
21,1726,"Monday, September 1, 2014",43001,61
21,1726,"Monday, September 1, 2014",15937,72
21,1726,"Monday, September 1, 2014",50001,74
21,1726,"Monday, September 1, 2014",58001,69
21,1726,"Monday, September 1, 2014",53001,90
21,1726,"Monday, September 1, 2014",158,68
21,1726,"Monday, September 1, 2014",116,68
21,1726,"Monday, September 1, 2014",41,81
21,1726,"Monday, September 1, 2014",20001,88
21,1726,"Monday, September 1, 2014",41,81
21,1726,"Monday, September 1, 2014",57001,76
21,1726,"Monday, September 1, 2014",15937,79
21,1726,"Monday, September 1, 2014",63005,62
21,1726,"Monday, September 1, 2014",71601,80
21,1726,"Monday, September 1, 2014",58001,63
21,1726,"Monday, September 1, 2014",62356,87
21,1726,"Monday, September 1, 2014",63005,89
21,1726,"Monday, September 1, 2014",71601,90
21,1726,"Monday, September 1, 2014",188,89
21,1726,"Monday, September 1, 2014",82001,90
21,1726,"Monday, September 1, 2014",15937,69
21,1726,"Monday, September 1, 2014",71,86
21,1726,"Monday, September 1, 2014",20058,69
21,1726,"Monday, September 1, 2014",88901,84
21,1726,"Monday, September 1, 2014",7001,72
21,1726,"Monday, September 1, 2014",46001,86
21,1726,"Monday, September 1, 2014",56,90
21,1726,"Monday, September 1, 2014",71601,83
21,1726,"Monday, September 1, 2014",27,72
21,1726,"Monday, September 1, 2014",46001,70
21,1726,"Monday, September 1, 2014",48001,77
21,1726,"Monday, September 1, 2014",19701,64
21,1726,"Monday, September 1, 2014",24701,81
21,1726,"Monday, September 1, 2014",2801,88
21,1726,"Monday, September 1, 2014",43001,80
21,1726,"Monday, September 1, 2014",67,81
21,1726,"Monday, September 1, 2014",88901,87
21,1726,"Monday, September 1, 2014",20058,67
21,1726,"Monday, September 1, 2014",501,65
21,1726,"Monday, September 1, 2014",35004,77
21,1726,"Monday, September 1, 2014",48001,62
21,1726,"Monday, September 1, 2014",42223,63
21,1726,"Monday, September 1, 2014",88901,76
21,1726,"Monday, September 1, 2014",39813,60
21,1726,"Monday, September 1, 2014",57001,87
21,1726,"Monday, September 1, 2014",82001,72
21,1726,"Monday, September 1, 2014",1,83
21,1726,"Monday, September 1, 2014",63,77
21,1726,"Monday, September 1, 2014",2801,74
21,1726,"Monday, September 1, 2014",82001,75
21,1726,"Monday, September 1, 2014",19701,62
21,1726,"Monday, September 1, 2014",43001,73
21,1726,"Monday, September 1, 2014",56,69
21,1726,"Monday, September 1, 2014",48001,66
21,1726,"Monday, September 1, 2014",41,85
21,1726,"Monday, September 1, 2014",68001,76
21,1726,"Monday, September 1, 2014",88901,66
21,1726,"Monday, September 1, 2014",46001,73
21,1726,"Monday, September 1, 2014",53001,72
21,1726,"Monday, September 1, 2014",1,84
21,1726,"Monday, September 1, 2014",53001,75
21,1726,"Monday, September 1, 2014",82001,67
21,1726,"Monday, September 1, 2014",66002,67
21,1726,"Monday, September 1, 2014",27,62
21,1726,"Monday, September 1, 2014",1,70
21,1726,"Monday, September 1, 2014",20058,90
21,1726,"Monday, September 1, 2014",42223,60
21,1726,"Monday, September 1, 2014",3033,85
21,1726,"Monday, September 1, 2014",19701,76
21,1726,"Monday, September 1, 2014",64,68
21,1726,"Monday, September 1, 2014",29001,82
21,1726,"Monday, September 1, 2014",62356,62
21,1726,"Monday, September 1, 2014",68001,89
21,1726,"Monday, September 1, 2014",46001,75
21,1726,"Monday, September 1, 2014",20058,88
21,1726,"Monday, September 1, 2014",63,72